Air temperature [K];Process temperature [K];Rotational speed [rpm];Torque [Nm];Tool wear [min];Temperature_difference;Power;Mechanical_stress;Type_L;Type_M;ID;Failure_Prediction;Failure_Probability;SHAP_Rotational_speed;SHAP_Power;SHAP_Tool_wear;SHAP_Temperature_difference;Key_factor;Risk_level;Maintenance_Recommendation;Suggested_Action
300;309;1345;62;153;9;84331;9593;1;0;0;0;0,3404104844442952;0,11201586996787766;1,840596765542278;1,243013174148468;0,14831111679057707;Potencia;Medio;Mantenimiento preventivo programado;Revisar Potencia
303;312;1513;40;135;8;60671;5413;1;0;1;0;0,013931767884476967;0,11201586996787766;1,840596765542278;1,243013174148468;0,14831111679057707;Potencia;Bajo;Operación normal;Monitoreo rutinario
302;311;1559;37;209;8;58618;7858;1;0;2;0;0,20721606438419105;0,11201586996787766;1,840596765542278;1,243013174148468;0,14831111679057707;Potencia;Bajo;Operación normal;Monitoreo rutinario
295;306;1509;35;60;10;54022;2148;0;0;3;0;0,010594284796002575;0,11201586996787766;1,8616800415687769;1,2784125785333371;0,2771821225072303;Potencia;Bajo;Operación normal;Monitoreo rutinario
300;310;1358;60;102;9;82023;6160;0;0;4;0;0,18005009193018712;0,11201586996787766;1,8616800415687769;1,2784125785333371;0,2771821225072303;Potencia;Bajo;Operación normal;Monitoreo rutinario
301;310;1455;44;188;8;64165;8290;0;0;5;0;0,049517815050248555;0,11201586996787766;1,8616800415687769;1,2784125785333371;0,2771821225072303;Potencia;Bajo;Operación normal;Monitoreo rutinario
302;310;1426;46;102;7;66451;4753;1;0;6;0;0,19358875679983648;0,11201586996787766;1,840596765542278;1,243013174148468;0,14831111679057707;Potencia;Bajo;Operación normal;Monitoreo rutinario
299;309;1471;46;42;10;67666;1932;0;1;7;0;0,01612815862013164;0,11201586996787766;1,8616800415687769;1,2784125785333371;0,2771821225072303;Potencia;Bajo;Operación normal;Monitoreo rutinario
300;312;1590;36;93;11;57716;3375;1;0;8;0;0,005468587032726726;0,11201586996787766;1,840596765542278;1,243013174148468;0,14831111679057707;Potencia;Bajo;Operación normal;Monitoreo rutinario
298;308;2384;15;19;9;35760;285;1;0;9;0;0,13093320739786787;0,11201586996787766;1,840596765542278;1,243013174148468;0,14831111679057707;Potencia;Bajo;Operación normal;Monitoreo rutinario
299;308;1587;38;124;9;61258;4786;1;0;10;0;0,014189256900801889;0,11201586996787766;1,840596765542278;1,243013174148468;0,14831111679057707;Potencia;Bajo;Operación normal;Monitoreo rutinario
300;311;1365;53;85;11;72345;4505;1;0;11;0;0,056425375316706675;0,11201586996787766;1,840596765542278;1,243013174148468;0,14831111679057707;Potencia;Bajo;Operación normal;Monitoreo rutinario
300;310;1519;34;73;9;53013;2547;0;1;12;0;0,016396594964458448;0,11201586996787766;1,8616800415687769;1,2784125785333371;0,2771821225072303;Potencia;Bajo;Operación normal;Monitoreo rutinario
298;308;1436;46;103;10;67061;4810;1;0;13;0;0,017137055783897272;0,11201586996787766;1,840596765542278;1,243013174148468;0,14831111679057707;Potencia;Bajo;Operación normal;Monitoreo rutinario
295;305;1593;37;197;10;59259;7328;0;0;14;0;0,03925701336611802;0,11201586996787766;1,8616800415687769;1,2784125785333371;0,2771821225072303;Potencia;Bajo;Operación normal;Monitoreo rutinario
304;313;1541;45;64;9;70731;2937;1;0;15;0;0,014178763849831173;0,11201586996787766;1,840596765542278;1,243013174148468;0,14831111679057707;Potencia;Bajo;Operación normal;Monitoreo rutinario
304;313;1519;36;117;9;55747;4293;1;0;16;0;0,013322696313110541;0,11201586996787766;1,840596765542278;1,243013174148468;0,14831111679057707;Potencia;Bajo;Operación normal;Monitoreo rutinario
303;312;1363;51;90;8;70603;4662;1;0;17;1;0,7039964918600945;0,11201586996787766;1,840596765542278;1,243013174148468;0,14831111679057707;Potencia;Alto;Intervención inmediata;Acción crítica inmediata sobre Potencia
297;308;1677;26;146;11;44272;3854;1;0;18;0;0,014839496656385261;0,11201586996787766;1,840596765542278;1,243013174148468;0,14831111679057707;Potencia;Bajo;Operación normal;Monitoreo rutinario
298;308;1441;43;132;9;62251;5702;0;1;19;0;0,011794777957028194;0,11201586996787766;1,8616800415687769;1,2784125785333371;0,2771821225072303;Potencia;Bajo;Operación normal;Monitoreo rutinario
299;310;1495;43;101;10;64434;4353;1;0;20;0;0,018025961236882628;0,11201586996787766;1,840596765542278;1,243013174148468;0,14831111679057707;Potencia;Bajo;Operación normal;Monitoreo rutinario
298;310;2737;8;142;11;24085;1249;1;0;21;1;0,9682689717202202;0,11201586996787766;1,840596765542278;1,243013174148468;0,14831111679057707;Potencia;Alto;Intervención inmediata;Acción crítica inmediata sobre Potencia
298;307;1260;54;141;9;68292;7642;0;0;22;0;0,05991374824171026;0,11201586996787766;1,8616800415687769;1,2784125785333371;0,2771821225072303;Potencia;Bajo;Operación normal;Monitoreo rutinario
302;310;1544;39;141;8;61296;5597;0;1;23;0;0,04261680706628671;0,11201586996787766;1,8616800415687769;1,2784125785333371;0,2771821225072303;Potencia;Bajo;Operación normal;Monitoreo rutinario
298;310;2109;18;61;11;37962;1098;1;0;24;0;0,053403634219806984;0,11201586996787766;1,840596765542278;1,243013174148468;0,14831111679057707;Potencia;Bajo;Operación normal;Monitoreo rutinario
300;310;1522;41;115;10;63467;4795;0;1;25;0;0,015648845540619485;0,11201586996787766;1,8616800415687769;1,2784125785333371;0,2771821225072303;Potencia;Bajo;Operación normal;Monitoreo rutinario
295;306;1356;48;99;10;65088;4752;1;0;26;0;0,04922263412167903;0,11201586996787766;1,840596765542278;1,243013174148468;0,14831111679057707;Potencia;Bajo;Operación normal;Monitoreo rutinario
299;311;1504;40;20;11;61212;814;1;0;27;0;0,009782181124403964;0,11201586996787766;1,840596765542278;1,243013174148468;0,14831111679057707;Potencia;Bajo;Operación normal;Monitoreo rutinario
299;309;1775;24;125;9;42955;3025;1;0;28;0;0,020519827359097527;0,11201586996787766;1,840596765542278;1,243013174148468;0,14831111679057707;Potencia;Bajo;Operación normal;Monitoreo rutinario
303;312;1507;38;180;8;58019;6930;0;1;29;0;0,01036174873103731;0,11201586996787766;1,8616800415687769;1,2784125785333371;0,2771821225072303;Potencia;Bajo;Operación normal;Monitoreo rutinario
298;307;1700;28;120;9;47940;3384;0;0;30;0;0,015763714425167254;0,11201586996787766;1,8616800415687769;1,2784125785333371;0,2771821225072303;Potencia;Bajo;Operación normal;Monitoreo rutinario
299;308;1422;48;83;9;69535;4058;1;0;31;0;0,0284575992748213;0,11201586996787766;1,840596765542278;1,243013174148468;0,14831111679057707;Potencia;Bajo;Operación normal;Monitoreo rutinario
296;307;1524;36;82;11;56083;3017;1;0;32;0;0,011416216019640572;0,11201586996787766;1,840596765542278;1,243013174148468;0,14831111679057707;Potencia;Bajo;Operación normal;Monitoreo rutinario
301;310;1471;37;193;9;55162;7237;1;0;33;0;0,07214299026199315;0,11201586996787766;1,840596765542278;1,243013174148468;0,14831111679057707;Potencia;Bajo;Operación normal;Monitoreo rutinario
297;308;1485;47;143;11;71131;6849;0;1;34;0;0,011691736238275796;0,11201586996787766;1,8616800415687769;1,2784125785333371;0,2771821225072303;Potencia;Bajo;Operación normal;Monitoreo rutinario
299;309;1678;29;202;9;50004;6019;0;1;35;0;0,08736070783968475;0,11201586996787766;1,8616800415687769;1,2784125785333371;0,2771821225072303;Potencia;Bajo;Operación normal;Monitoreo rutinario
303;311;1651;30;50;8;50520;1530;0;0;36;0;0,043747792542368616;0,11201586996787766;1,8616800415687769;1,2784125785333371;0,2771821225072303;Potencia;Bajo;Operación normal;Monitoreo rutinario
300;310;1627;29;95;10;47508;2774;1;0;37;0;0,024850929391034882;0,11201586996787766;1,840596765542278;1,243013174148468;0,14831111679057707;Potencia;Bajo;Operación normal;Monitoreo rutinario
301;311;1408;46;135;10;65190;6250;1;0;38;0;0,03009214012525536;0,11201586996787766;1,840596765542278;1,243013174148468;0,14831111679057707;Potencia;Bajo;Operación normal;Monitoreo rutinario
302;312;1538;36;74;9;56444;2715;0;1;39;0;0,009042787611822105;0,11201586996787766;1,8616800415687769;1,2784125785333371;0,2771821225072303;Potencia;Bajo;Operación normal;Monitoreo rutinario
302;310;1359;57;67;7;77734;3832;1;0;40;1;0,9630653734927794;0,11201586996787766;1,840596765542278;1,243013174148468;0,14831111679057707;Potencia;Alto;Intervención inmediata;Acción crítica inmediata sobre Potencia
298;309;1331;61;46;11;81989;2833;0;1;41;0;0,11925060537981233;0,11201586996787766;1,8616800415687769;1,2784125785333371;0,2771821225072303;Potencia;Bajo;Operación normal;Monitoreo rutinario
299;308;1858;24;101;9;45892;2494;0;1;42;0;0,020355533846537516;0,11201586996787766;1,8616800415687769;1,2784125785333371;0,2771821225072303;Potencia;Bajo;Operación normal;Monitoreo rutinario
297;308;1334;72;151;10;96048;10872;0;1;43;1;0,9740496596033696;0,11201586996787766;1,8616800415687769;1,2784125785333371;0,2771821225072303;Potencia;Alto;Intervención inmediata;Acción crítica inmediata sobre Potencia
298;308;1691;30;49;10;51237;1484;1;0;44;0;0,011116334742835804;0,11201586996787766;1,840596765542278;1,243013174148468;0,14831111679057707;Potencia;Bajo;Operación normal;Monitoreo rutinario
302;312;1858;25;2;9;47193;50;1;0;45;0;0,009515893975539248;0,11201586996787766;1,855819427667819;1,4399594184680318;0,14831111679057707;Potencia;Bajo;Operación normal;Monitoreo rutinario
298;308;1388;53;137;10;74674;7370;1;0;46;0;0,05341606309930596;0,11201586996787766;1,840596765542278;1,243013174148468;0,14831111679057707;Potencia;Bajo;Operación normal;Monitoreo rutinario
297;309;1564;36;126;11;56304;4536;0;1;47;0;0,0074682488456717525;0,11201586996787766;1,8616800415687769;1,2784125785333371;0,2771821225072303;Potencia;Bajo;Operación normal;Monitoreo rutinario
300;310;1536;36;12;10;55603;434;1;0;48;0;0,016476416573528833;0,11201586996787766;1,840596765542278;1,243013174148468;0,14831111679057707;Potencia;Bajo;Operación normal;Monitoreo rutinario
297;307;1403;52;0;9;74078;0;0;1;49;0;0,03864178493454944;-0,0010416336151943912;3,126577712539185;-0,3459696619302671;0,21979395873799373;Potencia;Bajo;Operación normal;Monitoreo rutinario
298;309;1441;44;147;10;63692;6497;0;1;50;0;0,011140399873801473;0,11201586996787766;1,8616800415687769;1,2784125785333371;0,2771821225072303;Potencia;Bajo;Operación normal;Monitoreo rutinario
297;308;1350;57;186;11;77760;10713;1;0;51;0;0,23288955780834117;0,11201586996787766;1,840596765542278;1,243013174148468;0,14831111679057707;Potencia;Bajo;Operación normal;Monitoreo rutinario
298;307;1392;50;101;9;70156;5090;0;1;52;0;0,034784748922053334;0,11201586996787766;1,8616800415687769;1,2784125785333371;0,2771821225072303;Potencia;Bajo;Operación normal;Monitoreo rutinario
303;313;1586;31;108;9;50593;3445;1;0;53;0;0,013322696313110541;0,11201586996787766;1,840596765542278;1,243013174148468;0,14831111679057707;Potencia;Bajo;Operación normal;Monitoreo rutinario
301;312;1629;32;69;11;53105;2249;0;1;54;0;0,005975445388190932;0,11201586996787766;1,8616800415687769;1,2784125785333371;0,2771821225072303;Potencia;Bajo;Operación normal;Monitoreo rutinario
297;308;1467;39;128;11;57213;4992;1;0;55;0;0,009811708917617033;0,11201586996787766;1,840596765542278;1,243013174148468;0,14831111679057707;Potencia;Bajo;Operación normal;Monitoreo rutinario
300;309;1781;24;70;9;44346;1743;0;0;56;0;0,017819809073812875;0,11201586996787766;1,8616800415687769;1,2784125785333371;0,2771821225072303;Potencia;Bajo;Operación normal;Monitoreo rutinario
297;308;1528;40;123;11;61120;4920;1;0;57;0;0,009811708917617033;0,11201586996787766;1,840596765542278;1,243013174148468;0,14831111679057707;Potencia;Bajo;Operación normal;Monitoreo rutinario
302;311;1734;25;116;9;43350;2900;0;1;58;0;0,016164983157505326;0,11201586996787766;1,8616800415687769;1,2784125785333371;0,2771821225072303;Potencia;Bajo;Operación normal;Monitoreo rutinario
301;310;1763;25;3;9;45661;77;1;0;59;0;0,02847415599502803;0,11201586996787766;1,840596765542278;1,243013174148468;0,14831111679057707;Potencia;Bajo;Operación normal;Monitoreo rutinario
298;309;1394;40;11;11;56178;443;1;0;60;0;0,022316848625395576;0,11201586996787766;1,840596765542278;1,243013174148468;0,14831111679057707;Potencia;Bajo;Operación normal;Monitoreo rutinario
302;312;1679;30;79;9;51881;2441;0;1;61;0;0,009042787611822105;0,11201586996787766;1,8616800415687769;1,2784125785333371;0,2771821225072303;Potencia;Bajo;Operación normal;Monitoreo rutinario
298;308;1524;37;170;9;57454;6409;0;0;62;0;0,011733184998497785;0,11201586996787766;1,8616800415687769;1,2784125785333371;0,2771821225072303;Potencia;Bajo;Operación normal;Monitoreo rutinario
298;308;1548;40;140;10;62384;5642;1;0;63;0;0,010469813262662568;0,11201586996787766;1,840596765542278;1,243013174148468;0,14831111679057707;Potencia;Bajo;Operación normal;Monitoreo rutinario
299;310;1317;54;231;11;72171;12658;1;0;64;1;0,9757733593958029;0,11201586996787766;1,840596765542278;1,243013174148468;0,14831111679057707;Potencia;Alto;Intervención inmediata;Acción crítica inmediata sobre Potencia
302;311;1330;53;200;8;71421;10740;0;1;65;1;0,9056051321078339;0,11201586996787766;1,8616800415687769;1,2784125785333371;0,2771821225072303;Potencia;Alto;Intervención inmediata;Acción crítica inmediata sobre Potencia
295;306;1678;26;53;10;44802;1415;1;0;66;0;0,016875059688387546;0,11201586996787766;1,840596765542278;1,243013174148468;0,14831111679057707;Potencia;Bajo;Operación normal;Monitoreo rutinario
301;310;1719;29;62;9;50710;1829;1;0;67;0;0,02363065089430877;0,11201586996787766;1,840596765542278;1,243013174148468;0,14831111679057707;Potencia;Bajo;Operación normal;Monitoreo rutinario
300;310;1474;37;33;9;54538;1221;0;1;68;0;0,016396594964458448;0,11201586996787766;1,8616800415687769;1,2784125785333371;0,2771821225072303;Potencia;Bajo;Operación normal;Monitoreo rutinario
297;308;1604;40;158;11;65282;6430;0;1;69;0;0,009633490759854367;0,11201586996787766;1,8616800415687769;1,2784125785333371;0,2771821225072303;Potencia;Bajo;Operación normal;Monitoreo rutinario
298;309;1429;45;113;11;65448;5175;1;0;70;0;0,014887390943805402;0,11201586996787766;1,840596765542278;1,243013174148468;0,14831111679057707;Potencia;Bajo;Operación normal;Monitoreo rutinario
301;311;1639;30;161;9;49170;4830;0;0;71;0;0,015297962513684323;0,11201586996787766;1,8616800415687769;1,2784125785333371;0,2771821225072303;Potencia;Bajo;Operación normal;Monitoreo rutinario
297;307;1668;32;31;9;54543;1013;1;0;72;0;0,009029957004962058;0,11201586996787766;1,840596765542278;1,243013174148468;0,14831111679057707;Potencia;Bajo;Operación normal;Monitoreo rutinario
296;307;1398;52;31;11;73674;1633;1;0;73;0;0,05170189262918436;0,11201586996787766;1,840596765542278;1,243013174148468;0,14831111679057707;Potencia;Bajo;Operación normal;Monitoreo rutinario
302;311;1668;33;52;9;55377;1726;0;1;74;0;0,015438447924990434;0,11201586996787766;1,8616800415687769;1,2784125785333371;0,2771821225072303;Potencia;Bajo;Operación normal;Monitoreo rutinario
297;308;1611;31;48;10;49941;1488;0;1;75;0;0,011496565900656428;0,11201586996787766;1,8616800415687769;1,2784125785333371;0,2771821225072303;Potencia;Bajo;Operación normal;Monitoreo rutinario
304;313;1689;32;134;9;54892;4355;0;0;76;0;0,013260414541385998;0,11201586996787766;1,8616800415687769;1,2784125785333371;0,2771821225072303;Potencia;Bajo;Operación normal;Monitoreo rutinario
300;310;1663;30;139;9;50887;4253;1;0;77;0;0,019617229643185182;0,11201586996787766;1,840596765542278;1,243013174148468;0,14831111679057707;Potencia;Bajo;Operación normal;Monitoreo rutinario
300;311;1390;49;194;11;68110;9506;0;0;78;0;0,0694816638757748;0,11201586996787766;1,8616800415687769;1,2784125785333371;0,2771821225072303;Potencia;Bajo;Operación normal;Monitoreo rutinario
303;311;1831;23;161;8;42662;3751;0;1;79;0;0,051284717003818;0,11201586996787766;1,8616800415687769;1,2784125785333371;0,2771821225072303;Potencia;Bajo;Operación normal;Monitoreo rutinario
297;309;2001;20;220;11;41020;4510;1;0;80;1;0,6873141725595047;0,11201586996787766;1,840596765542278;1,243013174148468;0,14831111679057707;Potencia;Alto;Intervención inmediata;Acción crítica inmediata sobre Potencia
301;310;1385;49;105;9;68142;5166;1;0;81;0;0,1013461939590133;0,11201586996787766;1,840596765542278;1,243013174148468;0,14831111679057707;Potencia;Bajo;Operación normal;Monitoreo rutinario
299;308;1623;31;152;9;50475;4727;1;0;82;0;0,01815301218713602;0,11201586996787766;1,840596765542278;1,243013174148468;0,14831111679057707;Potencia;Bajo;Operación normal;Monitoreo rutinario
298;309;1480;38;160;11;56388;6096;1;0;83;0;0,011966427440287775;0,11201586996787766;1,840596765542278;1,243013174148468;0,14831111679057707;Potencia;Bajo;Operación normal;Monitoreo rutinario
298;308;1384;54;44;10;75289;2393;0;1;84;0;0,05517360195960607;0,11201586996787766;1,8616800415687769;1,2784125785333371;0,2771821225072303;Potencia;Bajo;Operación normal;Monitoreo rutinario
298;308;1445;49;4;10;72105;199;0;0;85;0;0,016046660473943947;0,11201586996787766;1,8616800415687769;1,2784125785333371;0,2771821225072303;Potencia;Bajo;Operación normal;Monitoreo rutinario
297;309;1539;42;134;12;64945;5654;0;1;86;0;0,00841951028797594;0,11201586996787766;1,8616800415687769;1,2784125785333371;0,2771821225072303;Potencia;Bajo;Operación normal;Monitoreo rutinario
301;310;1557;35;65;8;54962;2294;0;1;87;0;0,023165207258240724;0,11201586996787766;1,8616800415687769;1,2784125785333371;0,2771821225072303;Potencia;Bajo;Operación normal;Monitoreo rutinario
301;311;1303;49;212;9;64107;10430;1;0;88;0;0,4113198481498731;0,11201586996787766;1,840596765542278;1,243013174148468;0,14831111679057707;Potencia;Medio;Mantenimiento preventivo programado;Revisar Potencia
301;310;1470;49;116;9;72471;5718;1;0;89;0;0,03335878609383148;0,11201586996787766;1,840596765542278;1,243013174148468;0,14831111679057707;Potencia;Bajo;Operación normal;Monitoreo rutinario
300;309;1888;21;221;9;41347;4839;0;1;90;1;0,7001413665965613;0,11201586996787766;1,8616800415687769;1,2784125785333371;0,2771821225072303;Potencia;Alto;Intervención inmediata;Acción crítica inmediata sobre Potencia
301;312;1682;29;83;11;49955;2465;1;0;91;0;0,006679191307768946;0,11201586996787766;1,840596765542278;1,243013174148468;0,14831111679057707;Potencia;Bajo;Operación normal;Monitoreo rutinario
302;311;1453;37;135;9;53761;4995;1;0;92;0;0,015510798720907992;0,11201586996787766;1,840596765542278;1,243013174148468;0,14831111679057707;Potencia;Bajo;Operación normal;Monitoreo rutinario
298;308;1827;24;153;10;44396;3717;0;0;93;0;0,016932354454960212;0,11201586996787766;1,8616800415687769;1,2784125785333371;0,2771821225072303;Potencia;Bajo;Operación normal;Monitoreo rutinario
297;308;1425;40;35;11;57000;1400;1;0;94;0;0,012262884276716077;0,11201586996787766;1,840596765542278;1,243013174148468;0,14831111679057707;Potencia;Bajo;Operación normal;Monitoreo rutinario
302;310;1563;41;184;8;64083;7544;0;1;95;0;0,06022532880684979;0,11201586996787766;1,8616800415687769;1,2784125785333371;0,2771821225072303;Potencia;Bajo;Operación normal;Monitoreo rutinario
302;310;1340;47;54;8;64051;2581;1;0;96;1;0,9440139231950727;0,11201586996787766;1,840596765542278;1,243013174148468;0,14831111679057707;Potencia;Alto;Intervención inmediata;Acción crítica inmediata sobre Potencia
300;312;1465;59;91;11;86581;5378;1;0;97;1;0,8019331524000035;0,11201586996787766;1,840596765542278;1,243013174148468;0,14831111679057707;Potencia;Alto;Intervención inmediata;Acción crítica inmediata sobre Potencia
295;306;1339;53;67;10;71234;3564;1;0;98;0;0,06393548833988164;0,11201586996787766;1,840596765542278;1,243013174148468;0,14831111679057707;Potencia;Bajo;Operación normal;Monitoreo rutinario
301;311;1505;44;187;9;66220;8228;0;1;99;0;0,02408132221504356;0,11201586996787766;1,8616800415687769;1,2784125785333371;0,2771821225072303;Potencia;Bajo;Operación normal;Monitoreo rutinario
300;310;1486;38;106;10;57805;4123;0;1;100;0;0,015648845540619485;0,11201586996787766;1,8616800415687769;1,2784125785333371;0,2771821225072303;Potencia;Bajo;Operación normal;Monitoreo rutinario
301;309;1446;43;225;7;62467;9720;1;0;101;0;0,36286498027178354;0,11201586996787766;1,840596765542278;1,243013174148468;0,14831111679057707;Potencia;Medio;Mantenimiento preventivo programado;Revisar Potencia
302;311;1544;39;70;9;60370;2737;0;0;102;0;0,015438447924990434;0,11201586996787766;1,8616800415687769;1,2784125785333371;0,2771821225072303;Potencia;Bajo;Operación normal;Monitoreo rutinario
298;309;1355;50;8;10;68563;404;0;1;103;0;0,040456352475555055;0,11201586996787766;1,8616800415687769;1,2784125785333371;0,2771821225072303;Potencia;Bajo;Operación normal;Monitoreo rutinario
300;311;1490;38;67;11;57216;2572;1;0;104;0;0,009782181124403964;0,11201586996787766;1,840596765542278;1,243013174148468;0,14831111679057707;Potencia;Bajo;Operación normal;Monitoreo rutinario
302;311;1510;36;91;9;55266;3330;0;1;105;0;0,015438447924990434;0,11201586996787766;1,8616800415687769;1,2784125785333371;0,2771821225072303;Potencia;Bajo;Operación normal;Monitoreo rutinario
302;312;1924;24;17;9;46176;408;0;1;106;0;0,009471237652163383;0,11201586996787766;1,8616800415687769;1,2784125785333371;0,2771821225072303;Potencia;Bajo;Operación normal;Monitoreo rutinario
300;309;1356;45;64;9;62240;2937;1;0;107;0;0,03643875670848617;0,11201586996787766;1,840596765542278;1,243013174148468;0,14831111679057707;Potencia;Bajo;Operación normal;Monitoreo rutinario
300;309;1557;40;59;9;63214;2395;1;0;108;0;0,012411943863171952;0,11201586996787766;1,840596765542278;1,243013174148468;0,14831111679057707;Potencia;Bajo;Operación normal;Monitoreo rutinario
299;308;1435;45;45;9;64862;2034;0;1;109;0;0,018701338673429928;0,11201586996787766;1,8616800415687769;1,2784125785333371;0,2771821225072303;Potencia;Bajo;Operación normal;Monitoreo rutinario
298;309;1622;34;8;11;56121;276;0;1;110;0;0,010174069155813575;0,11201586996787766;1,8616800415687769;1,2784125785333371;0,2771821225072303;Potencia;Bajo;Operación normal;Monitoreo rutinario
298;308;1515;42;125;9;64841;5350;1;0;111;0;0,01097285139598896;0,11201586996787766;1,840596765542278;1,243013174148468;0,14831111679057707;Potencia;Bajo;Operación normal;Monitoreo rutinario
299;309;1539;43;132;9;66484;5702;0;1;112;0;0,012900296718206057;0,11201586996787766;1,8616800415687769;1,2784125785333371;0,2771821225072303;Potencia;Bajo;Operación normal;Monitoreo rutinario
301;310;1487;44;88;9;66320;3924;1;0;113;0;0,020805018291347798;0,11201586996787766;1,840596765542278;1,243013174148468;0,14831111679057707;Potencia;Bajo;Operación normal;Monitoreo rutinario
300;312;1397;42;212;11;59651;9052;0;0;114;0;0,11655267782198021;0,11201586996787766;1,8616800415687769;1,2784125785333371;0,2771821225072303;Potencia;Bajo;Operación normal;Monitoreo rutinario
299;309;1910;21;141;9;41638;3073;0;1;115;0;0,019493190674376784;0,11201586996787766;1,8616800415687769;1,2784125785333371;0,2771821225072303;Potencia;Bajo;Operación normal;Monitoreo rutinario
302;311;1466;43;152;8;64357;6672;1;0;116;0;0,020520504902379295;0,11201586996787766;1,840596765542278;1,243013174148468;0,14831111679057707;Potencia;Bajo;Operación normal;Monitoreo rutinario
303;312;1551;41;111;9;64831;4639;1;0;117;0;0,015059979689763138;0,11201586996787766;1,840596765542278;1,243013174148468;0,14831111679057707;Potencia;Bajo;Operación normal;Monitoreo rutinario
300;309;1494;38;33;9;57519;1270;0;1;118;0;0,011786075161372998;0,11201586996787766;1,8616800415687769;1,2784125785333371;0,2771821225072303;Potencia;Bajo;Operación normal;Monitoreo rutinario
298;308;1432;49;91;10;70884;4504;0;0;119;0;0,020023961604215927;0,11201586996787766;1,8616800415687769;1,2784125785333371;0,2771821225072303;Potencia;Bajo;Operación normal;Monitoreo rutinario
297;309;1678;34;148;11;57723;5091;0;1;120;0;0,009484107433182334;0,11201586996787766;1,8616800415687769;1,2784125785333371;0,2771821225072303;Potencia;Bajo;Operación normal;Monitoreo rutinario
297;308;1871;25;200;11;47897;5120;1;0;121;0;0,047889344529259484;0,11201586996787766;1,840596765542278;1,243013174148468;0,14831111679057707;Potencia;Bajo;Operación normal;Monitoreo rutinario
302;310;1402;50;30;8;70801;1515;1;0;122;1;0,5774490626412219;0,11201586996787766;1,840596765542278;1,243013174148468;0,14831111679057707;Potencia;Medio;Mantenimiento preventivo programado;Revisar Potencia
297;308;1440;35;13;10;51696;466;1;0;123;0;0,009632743625816122;0,11201586996787766;1,840596765542278;1,243013174148468;0,14831111679057707;Potencia;Bajo;Operación normal;Monitoreo rutinario
296;307;1638;32;146;10;53235;4745;0;0;124;0;0,011930560670546288;0,11201586996787766;1,8616800415687769;1,2784125785333371;0,2771821225072303;Potencia;Bajo;Operación normal;Monitoreo rutinario
298;310;1574;36;181;11;56978;6552;1;0;125;0;0,040921762445985777;0,11201586996787766;1,840596765542278;1,243013174148468;0,14831111679057707;Potencia;Bajo;Operación normal;Monitoreo rutinario
300;312;1548;37;58;11;58669;2198;1;0;126;0;0,005468587032726726;0,11201586996787766;1,840596765542278;1,243013174148468;0,14831111679057707;Potencia;Bajo;Operación normal;Monitoreo rutinario
302;310;1360;44;67;8;59840;2948;0;1;127;1;0,8990683173950611;0,11201586996787766;1,8616800415687769;1,2784125785333371;0,2771821225072303;Potencia;Alto;Intervención inmediata;Acción crítica inmediata sobre Potencia
301;310;1556;39;72;9;60684;2808;1;0;128;0;0,020805018291347798;0,11201586996787766;1,840596765542278;1,243013174148468;0,14831111679057707;Potencia;Bajo;Operación normal;Monitoreo rutinario
298;309;1496;45;129;10;68217;5882;0;1;129;0;0,010129408671341515;0,11201586996787766;1,8616800415687769;1,2784125785333371;0,2771821225072303;Potencia;Bajo;Operación normal;Monitoreo rutinario
297;307;1429;44;26;9;63018;1146;0;0;130;0;0,012078437575819785;0,11201586996787766;1,8616800415687769;1,2784125785333371;0,2771821225072303;Potencia;Bajo;Operación normal;Monitoreo rutinario
298;307;1387;50;204;9;70459;10363;1;0;131;0;0,3310460901441853;0,11201586996787766;1,840596765542278;1,243013174148468;0,14831111679057707;Potencia;Medio;Mantenimiento preventivo programado;Revisar Potencia
303;312;1793;28;170;8;50383;4777;1;0;132;0;0,02106083659967384;0,11201586996787766;1,840596765542278;1,243013174148468;0,14831111679057707;Potencia;Bajo;Operación normal;Monitoreo rutinario
302;311;1567;33;168;9;51867;5560;1;0;133;0;0,01745626215055832;0,11201586996787766;1,840596765542278;1,243013174148468;0,14831111679057707;Potencia;Bajo;Operación normal;Monitoreo rutinario
298;309;1547;37;0;11;57857;0;1;0;134;0;0,010715264674832047;-0,0010416336151943912;3,125048442483204;-0,33484602661259355;0,09092295302134024;Potencia;Bajo;Operación normal;Monitoreo rutinario
297;308;1472;42;150;11;61824;6300;0;1;135;0;0,009633490759854367;0,11201586996787766;1,8616800415687769;1,2784125785333371;0,2771821225072303;Potencia;Bajo;Operación normal;Monitoreo rutinario
299;310;1614;36;108;10;58426;3909;1;0;136;0;0,018025961236882628;0,11201586996787766;1,840596765542278;1,243013174148468;0,14831111679057707;Potencia;Bajo;Operación normal;Monitoreo rutinario
300;310;1501;42;212;10;64392;9094;0;0;137;1;0,5271358515685878;0,11201586996787766;1,8616800415687769;1,2784125785333371;0,2771821225072303;Potencia;Medio;Mantenimiento preventivo programado;Revisar Potencia
301;310;1621;33;137;9;54627;4616;1;0;138;0;0,020805018291347798;0,11201586996787766;1,840596765542278;1,243013174148468;0,14831111679057707;Potencia;Bajo;Operación normal;Monitoreo rutinario
298;310;1456;43;15;11;63772;657;0;1;139;0;0,014163036171283915;0,11201586996787766;1,8616800415687769;1,2784125785333371;0,2771821225072303;Potencia;Bajo;Operación normal;Monitoreo rutinario
300;310;1581;30;42;9;47904;1272;1;0;140;0;0,026026756371862483;0,11201586996787766;1,840596765542278;1,243013174148468;0,14831111679057707;Potencia;Bajo;Operación normal;Monitoreo rutinario
299;310;1498;37;146;11;56624;5518;0;1;141;0;0,020584912936679273;0,11201586996787766;1,8616800415687769;1,2784125785333371;0,2771821225072303;Potencia;Bajo;Operación normal;Monitoreo rutinario
299;309;1616;31;175;9;51065;5530;1;0;142;0;0,01806583748951107;0,11201586996787766;1,840596765542278;1,243013174148468;0,14831111679057707;Potencia;Bajo;Operación normal;Monitoreo rutinario
298;308;1535;38;179;9;58330;6802;1;0;143;0;0,01388032999792557;0,11201586996787766;1,840596765542278;1,243013174148468;0,14831111679057707;Potencia;Bajo;Operación normal;Monitoreo rutinario
299;309;1399;41;221;9;58618;9259;0;1;144;0;0,3152950600246729;0,11201586996787766;1,8616800415687769;1,2784125785333371;0,2771821225072303;Potencia;Medio;Mantenimiento preventivo programado;Revisar Potencia
300;311;1407;42;224;11;59656;9497;0;1;145;0;0,20685363423098882;0,11201586996787766;1,8616800415687769;1,2784125785333371;0,2771821225072303;Potencia;Bajo;Operación normal;Monitoreo rutinario
301;309;1524;46;104;8;71018;4846;1;0;146;0;0,026703830335650262;0,11201586996787766;1,840596765542278;1,243013174148468;0,14831111679057707;Potencia;Bajo;Operación normal;Monitoreo rutinario
300;311;2026;20;26;10;41127;527;0;0;147;0;0,011790368738831;0,11201586996787766;1,8616800415687769;1,2784125785333371;0,2771821225072303;Potencia;Bajo;Operación normal;Monitoreo rutinario
299;308;1636;29;201;9;48916;6009;1;0;148;0;0,09765234771266346;0,11201586996787766;1,840596765542278;1,243013174148468;0,14831111679057707;Potencia;Bajo;Operación normal;Monitoreo rutinario
297;308;1598;29;148;10;46981;4351;0;1;149;0;0,013774534270676141;0,11201586996787766;1,8616800415687769;1,2784125785333371;0,2771821225072303;Potencia;Bajo;Operación normal;Monitoreo rutinario
298;309;1672;27;54;11;45980;1485;0;0;150;0;0,015395413272089176;0,11201586996787766;1,8616800415687769;1,2784125785333371;0,2771821225072303;Potencia;Bajo;Operación normal;Monitoreo rutinario
298;309;1385;43;119;11;59832;5140;1;0;151;0;0,027349773488343537;0,11201586996787766;1,840596765542278;1,243013174148468;0,14831111679057707;Potencia;Bajo;Operación normal;Monitoreo rutinario
299;309;1473;40;59;9;59509;2383;1;0;152;0;0,013584519889487069;0,11201586996787766;1,840596765542278;1,243013174148468;0,14831111679057707;Potencia;Bajo;Operación normal;Monitoreo rutinario
300;309;1694;31;187;9;52683;5815;0;1;153;0;0,03979406018955695;0,11201586996787766;1,8616800415687769;1,2784125785333371;0,2771821225072303;Potencia;Bajo;Operación normal;Monitoreo rutinario
301;310;1233;64;45;9;79651;2906;1;0;154;0;0,2180534077848723;0,11201586996787766;1,840596765542278;1,243013174148468;0,14831111679057707;Potencia;Bajo;Operación normal;Monitoreo rutinario
300;309;1469;43;20;9;64489;878;0;1;155;0;0,011786075161372998;0,11201586996787766;1,8616800415687769;1,2784125785333371;0,2771821225072303;Potencia;Bajo;Operación normal;Monitoreo rutinario
299;309;1578;38;109;9;60121;4152;1;0;156;0;0,013584519889487069;0,11201586996787766;1,840596765542278;1,243013174148468;0,14831111679057707;Potencia;Bajo;Operación normal;Monitoreo rutinario
299;309;1539;36;76;9;55557;2743;0;1;157;0;0,012900296718206057;0,11201586996787766;1,8616800415687769;1,2784125785333371;0,2771821225072303;Potencia;Bajo;Operación normal;Monitoreo rutinario
300;309;1447;46;28;9;67285;1302;0;1;158;0;0,01544427450434884;0,11201586996787766;1,8616800415687769;1,2784125785333371;0,2771821225072303;Potencia;Bajo;Operación normal;Monitoreo rutinario
299;308;1267;68;76;9;86409;5183;1;0;159;1;0,9749808227676856;0,11201586996787766;1,840596765542278;1,243013174148468;0,14831111679057707;Potencia;Alto;Intervención inmediata;Acción crítica inmediata sobre Potencia
302;311;1475;40;126;9;59590;5090;1;0;160;0;0,015510798720907992;0,11201586996787766;1,840596765542278;1,243013174148468;0,14831111679057707;Potencia;Bajo;Operación normal;Monitoreo rutinario
301;312;1587;34;115;11;54751;3967;1;0;161;0;0,00600371916074752;0,11201586996787766;1,840596765542278;1,243013174148468;0,14831111679057707;Potencia;Bajo;Operación normal;Monitoreo rutinario
297;308;1798;23;135;11;41354;3105;0;1;162;0;0,012517559530979598;0,11201586996787766;1,8616800415687769;1,2784125785333371;0,2771821225072303;Potencia;Bajo;Operación normal;Monitoreo rutinario
298;307;1515;46;74;9;70750;3455;1;0;163;0;0,01376565425740481;0,11201586996787766;1,840596765542278;1,243013174148468;0,14831111679057707;Potencia;Bajo;Operación normal;Monitoreo rutinario
302;311;1831;26;121;9;49253;3254;1;0;164;0;0,016240682626691795;0,11201586996787766;1,840596765542278;1,243013174148468;0,14831111679057707;Potencia;Bajo;Operación normal;Monitoreo rutinario
298;308;1373;46;60;9;64393;2814;1;0;165;0;0,03793316008974508;0,11201586996787766;1,840596765542278;1,243013174148468;0,14831111679057707;Potencia;Bajo;Operación normal;Monitoreo rutinario
297;309;1709;32;65;11;55029;2093;0;1;166;0;0,0074682488456717525;0,11201586996787766;1,8616800415687769;1,2784125785333371;0,2771821225072303;Potencia;Bajo;Operación normal;Monitoreo rutinario
297;309;1428;46;13;12;66544;605;0;0;167;0;0,013799314707933354;0,11201586996787766;1,8616800415687769;1,2784125785333371;0,2771821225072303;Potencia;Bajo;Operación normal;Monitoreo rutinario
298;309;1423;44;29;10;63038;1284;0;0;168;0;0,011893525117729318;0,11201586996787766;1,8616800415687769;1,2784125785333371;0,2771821225072303;Potencia;Bajo;Operación normal;Monitoreo rutinario
303;312;1481;33;182;8;49317;6060;1;0;169;0;0,01426360013624474;0,11201586996787766;1,840596765542278;1,243013174148468;0,14831111679057707;Potencia;Bajo;Operación normal;Monitoreo rutinario
298;309;1593;42;146;11;67702;6205;1;0;170;0;0,011966427440287775;0,11201586996787766;1,840596765542278;1,243013174148468;0,14831111679057707;Potencia;Bajo;Operación normal;Monitoreo rutinario
300;310;1390;52;144;10;72975;7560;1;0;171;0;0,07329468792862899;0,11201586996787766;1,840596765542278;1,243013174148468;0,14831111679057707;Potencia;Bajo;Operación normal;Monitoreo rutinario
297;308;1487;41;84;10;61561;3477;1;0;172;0;0,009589071625561368;0,11201586996787766;1,840596765542278;1,243013174148468;0,14831111679057707;Potencia;Bajo;Operación normal;Monitoreo rutinario
300;311;1412;49;219;11;69329;10752;0;1;173;1;0,5055658383211906;0,11201586996787766;1,8616800415687769;1,2784125785333371;0,2771821225072303;Potencia;Medio;Mantenimiento preventivo programado;Revisar Potencia
301;310;1621;31;108;9;50251;3348;0;1;174;0;0,02350065580249781;0,11201586996787766;1,8616800415687769;1,2784125785333371;0,2771821225072303;Potencia;Bajo;Operación normal;Monitoreo rutinario
298;308;1450;44;14;9;64815;625;0;0;175;0;0,010418782968687458;0,11201586996787766;1,8616800415687769;1,2784125785333371;0,2771821225072303;Potencia;Bajo;Operación normal;Monitoreo rutinario
297;308;1435;40;197;10;57830;7939;1;0;176;0;0,0567534486370567;0,11201586996787766;1,840596765542278;1,243013174148468;0,14831111679057707;Potencia;Bajo;Operación normal;Monitoreo rutinario
299;310;1677;30;73;11;51651;2248;0;0;177;0;0,01829726127068082;0,11201586996787766;1,8616800415687769;1,2784125785333371;0,2771821225072303;Potencia;Bajo;Operación normal;Monitoreo rutinario
299;309;1369;51;164;9;70366;8429;1;0;178;0;0,05995706060424822;0,11201586996787766;1,840596765542278;1,243013174148468;0,14831111679057707;Potencia;Bajo;Operación normal;Monitoreo rutinario
300;310;1569;32;31;9;51463;1016;1;0;179;0;0,017263016358976424;0,11201586996787766;1,840596765542278;1,243013174148468;0,14831111679057707;Potencia;Bajo;Operación normal;Monitoreo rutinario
300;311;1852;22;53;10;41114;1176;0;1;180;0;0,01183739487258277;0,11201586996787766;1,8616800415687769;1,2784125785333371;0,2771821225072303;Potencia;Bajo;Operación normal;Monitoreo rutinario
299;309;1675;29;132;9;48910;3854;0;1;181;0;0,019493190674376784;0,11201586996787766;1,8616800415687769;1,2784125785333371;0,2771821225072303;Potencia;Bajo;Operación normal;Monitoreo rutinario
300;311;1388;49;128;10;68567;6323;1;0;182;0;0,03155408853573698;0,11201586996787766;1,840596765542278;1,243013174148468;0,14831111679057707;Potencia;Bajo;Operación normal;Monitoreo rutinario
300;311;1492;40;20;10;60575;812;1;0;183;0;0,008355780242161909;0,11201586996787766;1,840596765542278;1,243013174148468;0,14831111679057707;Potencia;Bajo;Operación normal;Monitoreo rutinario
297;307;1628;30;80;10;49165;2416;1;0;184;0;0,013047095118272673;0,11201586996787766;1,840596765542278;1,243013174148468;0,14831111679057707;Potencia;Bajo;Operación normal;Monitoreo rutinario
302;311;1428;47;174;8;68401;8334;1;0;185;0;0,11103285728897415;0,11201586996787766;1,840596765542278;1,243013174148468;0,14831111679057707;Potencia;Bajo;Operación normal;Monitoreo rutinario
299;309;1608;34;68;9;55315;2339;0;1;186;0;0,012900296718206057;0,11201586996787766;1,8616800415687769;1,2784125785333371;0,2771821225072303;Potencia;Bajo;Operación normal;Monitoreo rutinario
303;311;1428;46;139;8;65973;6421;1;0;187;0;0,2724987821975356;0,11201586996787766;1,840596765542278;1,243013174148468;0,14831111679057707;Potencia;Bajo;Operación normal;Monitoreo rutinario
298;308;1400;49;79;9;69300;3910;1;0;188;0;0,036586686388538035;0,11201586996787766;1,840596765542278;1,243013174148468;0,14831111679057707;Potencia;Bajo;Operación normal;Monitoreo rutinario
297;308;1384;49;206;10;67954;10114;0;0;189;0;0,1804821617201777;0,11201586996787766;1,8616800415687769;1,2784125785333371;0,2771821225072303;Potencia;Bajo;Operación normal;Monitoreo rutinario
298;309;1520;38;106;11;57912;4038;1;0;190;0;0,010715264674832047;0,11201586996787766;1,840596765542278;1,243013174148468;0,14831111679057707;Potencia;Bajo;Operación normal;Monitoreo rutinario
302;312;1422;44;49;9;63279;2180;0;1;191;0;0,012581645957751953;0,11201586996787766;1,8616800415687769;1,2784125785333371;0,2771821225072303;Potencia;Bajo;Operación normal;Monitoreo rutinario
298;310;1384;52;200;11;73075;10560;1;0;192;0;0,27495368693814215;0,11201586996787766;1,840596765542278;1,243013174148468;0,14831111679057707;Potencia;Bajo;Operación normal;Monitoreo rutinario
297;309;1559;36;145;11;57527;5350;1;0;193;0;0,009988971772962827;0,11201586996787766;1,840596765542278;1,243013174148468;0,14831111679057707;Potencia;Bajo;Operación normal;Monitoreo rutinario
296;307;1566;35;201;10;54810;7035;0;1;194;0;0,03925701336611802;0,11201586996787766;1,8616800415687769;1,2784125785333371;0,2771821225072303;Potencia;Bajo;Operación normal;Monitoreo rutinario
300;310;1500;39;107;10;59699;4258;1;0;195;0;0,016476416573528833;0,11201586996787766;1,840596765542278;1,243013174148468;0,14831111679057707;Potencia;Bajo;Operación normal;Monitoreo rutinario
300;309;1587;32;152;9;51736;4955;0;1;196;0;0,013270657421368088;0,11201586996787766;1,8616800415687769;1,2784125785333371;0,2771821225072303;Potencia;Bajo;Operación normal;Monitoreo rutinario
300;310;1600;36;204;9;57600;7344;0;1;197;0;0,19316720659128256;0,11201586996787766;1,8616800415687769;1,2784125785333371;0,2771821225072303;Potencia;Bajo;Operación normal;Monitoreo rutinario
299;310;1551;44;18;11;69484;806;0;1;198;0;0,01829726127068082;0,11201586996787766;1,8616800415687769;1,2784125785333371;0,2771821225072303;Potencia;Bajo;Operación normal;Monitoreo rutinario
302;310;1623;34;9;8;55668;308;0;1;199;0;0,04261680706628671;0,11201586996787766;1,8616800415687769;1,2784125785333371;0,2771821225072303;Potencia;Bajo;Operación normal;Monitoreo rutinario
302;311;1340;59;60;9;79596;3564;0;1;200;0;0,3149024499103172;0,11201586996787766;1,8616800415687769;1,2784125785333371;0,2771821225072303;Potencia;Medio;Mantenimiento preventivo programado;Revisar Potencia
304;313;1329;54;75;9;72430;4087;0;1;201;0;0,10211986395434204;0,11201586996787766;1,8616800415687769;1,2784125785333371;0,2771821225072303;Potencia;Bajo;Operación normal;Monitoreo rutinario
297;308;1726;26;158;11;46256;4234;0;0;202;0;0,014092966084666066;0,11201586996787766;1,8616800415687769;1,2784125785333371;0,2771821225072303;Potencia;Bajo;Operación normal;Monitoreo rutinario
300;310;1708;29;14;9;49702;407;1;0;203;0;0,024477975543482376;0,11201586996787766;1,840596765542278;1,243013174148468;0,14831111679057707;Potencia;Bajo;Operación normal;Monitoreo rutinario
297;309;1320;54;179;11;72204;9791;1;0;204;0;0,06090115263680328;0,11201586996787766;1,840596765542278;1,243013174148468;0,14831111679057707;Potencia;Bajo;Operación normal;Monitoreo rutinario
298;310;1562;42;179;11;66385;7607;1;0;205;0;0,01803915912288262;0,11201586996787766;1,840596765542278;1,243013174148468;0,14831111679057707;Potencia;Bajo;Operación normal;Monitoreo rutinario
297;308;1664;28;174;11;48089;5028;0;1;206;0;0,01464906504224147;0,11201586996787766;1,8616800415687769;1,2784125785333371;0,2771821225072303;Potencia;Bajo;Operación normal;Monitoreo rutinario
304;313;1540;39;14;9;60060;546;0;1;207;0;0,013260414541385998;0,11201586996787766;1,8616800415687769;1,2784125785333371;0,2771821225072303;Potencia;Bajo;Operación normal;Monitoreo rutinario
301;310;1697;30;120;9;50910;3600;0;1;208;0;0,022451942806973213;0,11201586996787766;1,8616800415687769;1,2784125785333371;0,2771821225072303;Potencia;Bajo;Operación normal;Monitoreo rutinario
300;310;1598;36;195;9;58327;7117;0;1;209;0;0,06165304692344908;0,11201586996787766;1,8616800415687769;1,2784125785333371;0,2771821225072303;Potencia;Bajo;Operación normal;Monitoreo rutinario
301;311;1592;35;174;10;56834;6211;0;1;210;0;0,011756575822156601;0,11201586996787766;1,8616800415687769;1,2784125785333371;0,2771821225072303;Potencia;Bajo;Operación normal;Monitoreo rutinario
301;310;1524;40;124;9;61569;5009;0;0;211;0;0,019764401007862573;0,11201586996787766;1,8616800415687769;1,2784125785333371;0,2771821225072303;Potencia;Bajo;Operación normal;Monitoreo rutinario
298;308;1527;40;96;10;62454;3926;0;1;212;0;0,009940890177909676;0,11201586996787766;1,8616800415687769;1,2784125785333371;0,2771821225072303;Potencia;Bajo;Operación normal;Monitoreo rutinario
296;307;1502;43;84;11;65937;3687;1;0;213;0;0,011416216019640572;0,11201586996787766;1,840596765542278;1,243013174148468;0,14831111679057707;Potencia;Bajo;Operación normal;Monitoreo rutinario
299;310;1360;48;37;11;65416;1779;1;0;214;0;0,08266520404260995;0,11201586996787766;1,840596765542278;1,243013174148468;0,14831111679057707;Potencia;Bajo;Operación normal;Monitoreo rutinario
302;311;1638;35;17;9;57493;596;1;0;215;0;0,015510798720907992;0,11201586996787766;1,840596765542278;1,243013174148468;0,14831111679057707;Potencia;Bajo;Operación normal;Monitoreo rutinario
302;312;1377;45;54;9;62653;2457;1;0;216;0;0,035819938143171026;0,11201586996787766;1,840596765542278;1,243013174148468;0,14831111679057707;Potencia;Bajo;Operación normal;Monitoreo rutinario
302;311;1640;31;199;9;51660;6268;0;1;217;0;0,03540559477871986;0,11201586996787766;1,8616800415687769;1,2784125785333371;0,2771821225072303;Potencia;Bajo;Operación normal;Monitoreo rutinario
302;310;1421;41;102;8;58829;4222;1;0;218;0;0,14222990498683633;0,11201586996787766;1,840596765542278;1,243013174148468;0,14831111679057707;Potencia;Bajo;Operación normal;Monitoreo rutinario
302;310;1657;31;37;8;52858;1180;1;0;219;0;0,044805631160489065;0,11201586996787766;1,840596765542278;1,243013174148468;0,14831111679057707;Potencia;Bajo;Operación normal;Monitoreo rutinario
300;311;1688;30;161;10;51821;4942;1;0;220;0;0,009412395592819546;0,11201586996787766;1,840596765542278;1,243013174148468;0,14831111679057707;Potencia;Bajo;Operación normal;Monitoreo rutinario
299;310;1394;45;122;11;63008;5514;0;1;221;0;0,04190765238472635;0,11201586996787766;1,8616800415687769;1,2784125785333371;0,2771821225072303;Potencia;Bajo;Operación normal;Monitoreo rutinario
295;306;1372;55;215;10;76283;11954;1;0;222;1;0,9285672483086658;0,11201586996787766;1,840596765542278;1,243013174148468;0,14831111679057707;Potencia;Alto;Intervención inmediata;Acción crítica inmediata sobre Potencia
302;310;1771;27;54;8;48879;1490;0;1;223;0;0,04732251619897318;0,11201586996787766;1,8616800415687769;1,2784125785333371;0,2771821225072303;Potencia;Bajo;Operación normal;Monitoreo rutinario
300;309;1551;37;42;9;58782;1591;1;0;224;0;0,012411943863171952;0,11201586996787766;1,840596765542278;1,243013174148468;0,14831111679057707;Potencia;Bajo;Operación normal;Monitoreo rutinario
299;310;1577;40;181;11;63080;7240;1;0;225;0;0,05077442076300246;0,11201586996787766;1,840596765542278;1,243013174148468;0,14831111679057707;Potencia;Bajo;Operación normal;Monitoreo rutinario
297;308;1907;23;125;10;44814;2937;0;1;226;0;0,012234282445076098;0,11201586996787766;1,8616800415687769;1,2784125785333371;0,2771821225072303;Potencia;Bajo;Operación normal;Monitoreo rutinario
303;312;1548;36;150;9;56347;5460;1;0;227;0;0,014217428390688945;0,11201586996787766;1,840596765542278;1,243013174148468;0,14831111679057707;Potencia;Bajo;Operación normal;Monitoreo rutinario
302;310;1642;30;195;7;50573;6006;1;0;228;0;0,03328883732010156;0,11201586996787766;1,840596765542278;1,243013174148468;0,14831111679057707;Potencia;Bajo;Operación normal;Monitoreo rutinario
299;310;1593;35;5;11;56392;177;0;1;229;0;0,01829726127068082;0,11201586996787766;1,8616800415687769;1,2784125785333371;0,2771821225072303;Potencia;Bajo;Operación normal;Monitoreo rutinario
297;308;1386;48;75;10;67359;3645;1;0;230;0;0,037665176620905697;0,11201586996787766;1,840596765542278;1,243013174148468;0,14831111679057707;Potencia;Bajo;Operación normal;Monitoreo rutinario
300;310;1492;46;187;9;69079;8658;1;0;231;0;0,05816058158395841;0,11201586996787766;1,840596765542278;1,243013174148468;0,14831111679057707;Potencia;Bajo;Operación normal;Monitoreo rutinario
299;310;1548;41;25;11;64396;1040;0;0;232;0;0,01829726127068082;0,11201586996787766;1,8616800415687769;1,2784125785333371;0,2771821225072303;Potencia;Bajo;Operación normal;Monitoreo rutinario
302;311;1433;42;134;9;60472;5654;1;0;233;0;0,03133800737618754;0,11201586996787766;1,840596765542278;1,243013174148468;0,14831111679057707;Potencia;Bajo;Operación normal;Monitoreo rutinario
298;309;1484;41;119;11;61882;4962;0;1;234;0;0,010174069155813575;0,11201586996787766;1,8616800415687769;1,2784125785333371;0,2771821225072303;Potencia;Bajo;Operación normal;Monitoreo rutinario
303;312;1946;21;112;8;41060;2363;1;0;235;0;0,019599256866408066;0,11201586996787766;1,840596765542278;1,243013174148468;0,14831111679057707;Potencia;Bajo;Operación normal;Monitoreo rutinario
299;308;1466;41;8;9;60545;330;1;0;236;0;0,014189256900801889;0,11201586996787766;1,840596765542278;1,243013174148468;0,14831111679057707;Potencia;Bajo;Operación normal;Monitoreo rutinario
299;309;1471;41;109;9;61487;4556;1;0;237;0;0,013584519889487069;0,11201586996787766;1,840596765542278;1,243013174148468;0,14831111679057707;Potencia;Bajo;Operación normal;Monitoreo rutinario
297;309;1628;33;229;11;54375;7648;1;0;238;0;0,2006253720520753;0,11201586996787766;1,840596765542278;1,243013174148468;0,14831111679057707;Potencia;Bajo;Operación normal;Monitoreo rutinario
300;311;1350;51;18;11;69795;930;1;0;239;0;0,041553936250396155;0,11201586996787766;1,840596765542278;1,243013174148468;0,14831111679057707;Potencia;Bajo;Operación normal;Monitoreo rutinario
300;309;1488;35;177;9;53121;6318;1;0;240;0;0,015825588571122838;0,11201586996787766;1,840596765542278;1,243013174148468;0,14831111679057707;Potencia;Bajo;Operación normal;Monitoreo rutinario
300;310;1469;42;14;10;63020;600;0;1;241;0;0,015648845540619485;0,11201586996787766;1,8616800415687769;1,2784125785333371;0,2771821225072303;Potencia;Bajo;Operación normal;Monitoreo rutinario
299;310;1512;38;109;11;58665;4229;1;0;242;0;0,019262149980703996;0,11201586996787766;1,840596765542278;1,243013174148468;0,14831111679057707;Potencia;Bajo;Operación normal;Monitoreo rutinario
302;311;1686;30;106;9;52097;3275;1;0;243;0;0,015510798720907992;0,11201586996787766;1,840596765542278;1,243013174148468;0,14831111679057707;Potencia;Bajo;Operación normal;Monitoreo rutinario
296;307;1523;42;164;10;63966;6888;0;1;244;0;0,010955187259346818;0,11201586996787766;1,8616800415687769;1,2784125785333371;0,2771821225072303;Potencia;Bajo;Operación normal;Monitoreo rutinario
300;311;1811;26;47;11;48534;1259;1;0;245;0;0,013914846461214034;0,11201586996787766;1,840596765542278;1,243013174148468;0,14831111679057707;Potencia;Bajo;Operación normal;Monitoreo rutinario
298;309;1288;61;79;11;79727;4890;0;1;246;0;0,10807703505687229;0,11201586996787766;1,8616800415687769;1,2784125785333371;0,2771821225072303;Potencia;Bajo;Operación normal;Monitoreo rutinario
297;308;1392;46;174;11;64588;8073;0;1;247;0;0,024007528760092732;0,11201586996787766;1,8616800415687769;1,2784125785333371;0,2771821225072303;Potencia;Bajo;Operación normal;Monitoreo rutinario
298;310;1411;46;202;11;65611;9393;1;0;248;0;0,10698167776677374;0,11201586996787766;1,840596765542278;1,243013174148468;0,14831111679057707;Potencia;Bajo;Operación normal;Monitoreo rutinario
296;307;1711;29;42;11;51158;1255;1;0;249;0;0,012983616563988842;0,11201586996787766;1,840596765542278;1,243013174148468;0,14831111679057707;Potencia;Bajo;Operación normal;Monitoreo rutinario
297;309;1410;55;188;12;78114;10415;0;1;250;0;0,0514868426388071;0,11201586996787766;1,8616800415687769;1,2784125785333371;0,2771821225072303;Potencia;Bajo;Operación normal;Monitoreo rutinario
299;308;1592;34;153;9;54446;5232;0;1;251;0;0,015169044226375373;0,11201586996787766;1,8616800415687769;1,2784125785333371;0,2771821225072303;Potencia;Bajo;Operación normal;Monitoreo rutinario
298;309;1322;57;140;11;75354;7980;1;0;252;0;0,06401041541525827;0,11201586996787766;1,840596765542278;1,243013174148468;0,14831111679057707;Potencia;Bajo;Operación normal;Monitoreo rutinario
298;310;1484;43;124;11;64999;5431;1;0;253;0;0,01491322234025399;0,11201586996787766;1,840596765542278;1,243013174148468;0,14831111679057707;Potencia;Bajo;Operación normal;Monitoreo rutinario
298;307;1644;32;215;9;53923;7051;1;0;254;1;0,5981022366076163;0,11201586996787766;1,840596765542278;1,243013174148468;0,14831111679057707;Potencia;Medio;Mantenimiento preventivo programado;Revisar Potencia
298;310;1640;33;9;11;55431;304;0;1;255;0;0,014163036171283915;0,11201586996787766;1,8616800415687769;1,2784125785333371;0,2771821225072303;Potencia;Bajo;Operación normal;Monitoreo rutinario
297;308;1351;56;126;11;76466;7131;1;0;256;0;0,056587651026583356;0,11201586996787766;1,840596765542278;1,243013174148468;0,14831111679057707;Potencia;Bajo;Operación normal;Monitoreo rutinario
298;307;1749;26;66;9;45648;1722;1;0;257;0;0,016597257739366114;0,11201586996787766;1,840596765542278;1,243013174148468;0,14831111679057707;Potencia;Bajo;Operación normal;Monitoreo rutinario
301;310;1456;46;35;9;67849;1631;1;0;258;0;0,027185536901309763;0,11201586996787766;1,840596765542278;1,243013174148468;0,14831111679057707;Potencia;Bajo;Operación normal;Monitoreo rutinario
295;306;1621;29;176;10;47819;5192;1;0;259;0;0,019733737658703066;0,11201586996787766;1,840596765542278;1,243013174148468;0,14831111679057707;Potencia;Bajo;Operación normal;Monitoreo rutinario
296;307;1466;45;153;10;66996;6992;1;0;260;0;0,013855476951908226;0,11201586996787766;1,840596765542278;1,243013174148468;0,14831111679057707;Potencia;Bajo;Operación normal;Monitoreo rutinario
302;311;1759;24;124;8;43271;3050;1;0;261;0;0,01925440315728575;0,11201586996787766;1,840596765542278;1,243013174148468;0,14831111679057707;Potencia;Bajo;Operación normal;Monitoreo rutinario
301;310;1651;29;44;8;49199;1311;0;1;262;0;0,029870055852943018;0,11201586996787766;1,8616800415687769;1,2784125785333371;0,2771821225072303;Potencia;Bajo;Operación normal;Monitoreo rutinario
298;310;1498;50;160;11;75199;8032;1;0;263;0;0,02787913434396068;0,11201586996787766;1,840596765542278;1,243013174148468;0,14831111679057707;Potencia;Bajo;Operación normal;Monitoreo rutinario
299;308;1648;30;98;9;50758;3018;1;0;264;0;0,01613117230326612;0,11201586996787766;1,840596765542278;1,243013174148468;0,14831111679057707;Potencia;Bajo;Operación normal;Monitoreo rutinario
297;308;1572;35;71;10;56434;2548;1;0;265;0;0,008506803285182052;0,11201586996787766;1,840596765542278;1,243013174148468;0,14831111679057707;Potencia;Bajo;Operación normal;Monitoreo rutinario
298;309;1449;46;26;10;67378;1209;1;0;266;0;0,013139920935115786;0,11201586996787766;1,840596765542278;1,243013174148468;0,14831111679057707;Potencia;Bajo;Operación normal;Monitoreo rutinario
297;308;1512;39;181;10;60328;7221;1;0;267;0;0,026558280190814215;0,11201586996787766;1,840596765542278;1,243013174148468;0,14831111679057707;Potencia;Bajo;Operación normal;Monitoreo rutinario
303;312;1546;33;149;8;52100;5021;0;1;268;0;0,017595315307708647;0,11201586996787766;1,8616800415687769;1,2784125785333371;0,2771821225072303;Potencia;Bajo;Operación normal;Monitoreo rutinario
301;309;1452;41;86;8;60258;3569;0;1;269;0;0,014926822845316483;0,11201586996787766;1,8616800415687769;1,2784125785333371;0,2771821225072303;Potencia;Bajo;Operación normal;Monitoreo rutinario
298;309;1798;29;81;10;53220;2397;1;0;270;0;0,010021984994337126;0,11201586996787766;1,840596765542278;1,243013174148468;0,14831111679057707;Potencia;Bajo;Operación normal;Monitoreo rutinario
298;309;1284;55;166;10;71005;9179;0;1;271;0;0,05012423090830945;0,11201586996787766;1,8616800415687769;1,2784125785333371;0,2771821225072303;Potencia;Bajo;Operación normal;Monitoreo rutinario
298;308;1523;36;126;10;54980;4548;1;0;272;0;0,010469813262662568;0,11201586996787766;1,840596765542278;1,243013174148468;0,14831111679057707;Potencia;Bajo;Operación normal;Monitoreo rutinario
301;310;1593;32;155;9;52409;5099;1;0;273;0;0,023398734177512655;0,11201586996787766;1,840596765542278;1,243013174148468;0,14831111679057707;Potencia;Bajo;Operación normal;Monitoreo rutinario
297;308;1662;31;0;10;52020;0;1;0;274;0;0,008506803285182052;-0,0010416336151943912;3,125048442483204;-0,33484602661259355;0,09092295302134024;Potencia;Bajo;Operación normal;Monitoreo rutinario
299;310;2084;17;175;11;36678;3080;1;0;275;0;0,09372110339517964;0,11201586996787766;1,840596765542278;1,243013174148468;0,14831111679057707;Potencia;Bajo;Operación normal;Monitoreo rutinario
298;309;1537;35;198;10;54870;7068;1;0;276;0;0,04739421131773124;0,11201586996787766;1,840596765542278;1,243013174148468;0,14831111679057707;Potencia;Bajo;Operación normal;Monitoreo rutinario
302;312;1782;26;198;9;47757;5306;1;0;277;0;0,01883112276452786;0,11201586996787766;1,840596765542278;1,243013174148468;0,14831111679057707;Potencia;Bajo;Operación normal;Monitoreo rutinario
301;311;1495;36;193;9;54268;7005;1;0;278;0;0,03281369528967421;0,11201586996787766;1,840596765542278;1,243013174148468;0,14831111679057707;Potencia;Bajo;Operación normal;Monitoreo rutinario
299;308;2008;20;178;9;40762;3613;0;1;279;0;0,025795187614739964;0,11201586996787766;1,8616800415687769;1,2784125785333371;0,2771821225072303;Potencia;Bajo;Operación normal;Monitoreo rutinario
297;308;1459;41;196;11;60256;8094;1;0;280;0;0,032370510134818155;0,11201586996787766;1,840596765542278;1,243013174148468;0,14831111679057707;Potencia;Bajo;Operación normal;Monitoreo rutinario
297;309;1372;47;15;11;64895;709;1;0;281;0;0,030818548675210788;0,11201586996787766;1,840596765542278;1,243013174148468;0,14831111679057707;Potencia;Bajo;Operación normal;Monitoreo rutinario
297;308;1334;53;156;10;70702;8268;1;0;282;0;0,058245298462546134;0,11201586996787766;1,840596765542278;1,243013174148468;0,14831111679057707;Potencia;Bajo;Operación normal;Monitoreo rutinario
300;309;1596;31;123;9;50274;3874;1;0;283;0;0,014779248919678861;0,11201586996787766;1,840596765542278;1,243013174148468;0,14831111679057707;Potencia;Bajo;Operación normal;Monitoreo rutinario
299;309;1464;40;215;9;59292;8707;1;0;284;1;0,5743542991394871;0,11201586996787766;1,840596765542278;1,243013174148468;0,14831111679057707;Potencia;Medio;Mantenimiento preventivo programado;Revisar Potencia
298;309;1530;38;161;11;59058;6214;1;0;285;0;0,011966427440287775;0,11201586996787766;1,840596765542278;1,243013174148468;0,14831111679057707;Potencia;Bajo;Operación normal;Monitoreo rutinario
296;307;1672;32;113;11;54172;3661;0;1;286;0;0,010840005498833679;0,11201586996787766;1,8616800415687769;1,2784125785333371;0,2771821225072303;Potencia;Bajo;Operación normal;Monitoreo rutinario
302;312;1383;51;160;9;71086;8224;1;0;287;0;0,03411794177208636;0,11201586996787766;1,840596765542278;1,243013174148468;0,14831111679057707;Potencia;Bajo;Operación normal;Monitoreo rutinario
301;310;1347;47;29;9;64521;1389;0;1;288;0;0,08273777480738867;0,11201586996787766;1,8616800415687769;1,2784125785333371;0,2771821225072303;Potencia;Bajo;Operación normal;Monitoreo rutinario
301;310;1430;46;35;8;66495;1627;1;0;289;0;0,10863864730267006;0,11201586996787766;1,840596765542278;1,243013174148468;0,14831111679057707;Potencia;Bajo;Operación normal;Monitoreo rutinario
296;308;1666;29;41;11;49646;1221;1;0;290;0;0,016025241406973728;0,11201586996787766;1,840596765542278;1,243013174148468;0,14831111679057707;Potencia;Bajo;Operación normal;Monitoreo rutinario
298;309;1362;45;56;10;61698;2536;0;0;291;0;0,02809484248501719;0,11201586996787766;1,8616800415687769;1,2784125785333371;0,2771821225072303;Potencia;Bajo;Operación normal;Monitoreo rutinario
299;309;1713;33;141;9;57385;4723;1;0;292;0;0,013584519889487069;0,11201586996787766;1,840596765542278;1,243013174148468;0,14831111679057707;Potencia;Bajo;Operación normal;Monitoreo rutinario
297;307;1687;29;176;9;49091;5121;1;0;293;0;0,01599719439552015;0,11201586996787766;1,840596765542278;1,243013174148468;0,14831111679057707;Potencia;Bajo;Operación normal;Monitoreo rutinario
300;311;1483;44;141;11;65845;6260;1;0;294;0;0,009782181124403964;0,11201586996787766;1,840596765542278;1,243013174148468;0,14831111679057707;Potencia;Bajo;Operación normal;Monitoreo rutinario
300;310;1448;46;173;10;67042;8009;1;0;295;0;0,02603157106027722;0,11201586996787766;1,840596765542278;1,243013174148468;0,14831111679057707;Potencia;Bajo;Operación normal;Monitoreo rutinario
303;311;1806;27;44;8;50026;1218;0;0;296;0;0,045744670415549;0,11201586996787766;1,8616800415687769;1,2784125785333371;0,2771821225072303;Potencia;Bajo;Operación normal;Monitoreo rutinario
303;311;1514;34;130;8;52535;4511;1;0;297;0;0,04394689053500179;0,11201586996787766;1,840596765542278;1,243013174148468;0,14831111679057707;Potencia;Bajo;Operación normal;Monitoreo rutinario
301;310;1563;34;124;9;53767;4265;1;0;298;0;0,020805018291347798;0,11201586996787766;1,840596765542278;1,243013174148468;0,14831111679057707;Potencia;Bajo;Operación normal;Monitoreo rutinario
299;308;1568;33;123;9;52214;4095;1;0;299;0;0,014189256900801889;0,11201586996787766;1,840596765542278;1,243013174148468;0,14831111679057707;Potencia;Bajo;Operación normal;Monitoreo rutinario
297;308;1476;42;107;11;62434;4526;1;0;300;0;0,009811708917617033;0,11201586996787766;1,840596765542278;1,243013174148468;0,14831111679057707;Potencia;Bajo;Operación normal;Monitoreo rutinario
297;308;1359;48;220;11;66183;10714;0;1;301;0;0,43946510207362;0,11201586996787766;1,8616800415687769;1,2784125785333371;0,2771821225072303;Potencia;Medio;Mantenimiento preventivo programado;Revisar Potencia
298;308;1495;46;203;9;68770;9338;0;1;302;0;0,054128364762183495;0,11201586996787766;1,8616800415687769;1,2784125785333371;0,2771821225072303;Potencia;Bajo;Operación normal;Monitoreo rutinario
296;307;1485;42;204;10;63409;8710;1;0;303;0;0,12551221575834384;0,11201586996787766;1,840596765542278;1,243013174148468;0,14831111679057707;Potencia;Bajo;Operación normal;Monitoreo rutinario
296;307;1549;36;58;11;55918;2093;1;0;304;0;0,011416216019640572;0,11201586996787766;1,840596765542278;1,243013174148468;0,14831111679057707;Potencia;Bajo;Operación normal;Monitoreo rutinario
298;307;1569;31;131;9;48952;4087;0;1;305;0;0,015763714425167254;0,11201586996787766;1,8616800415687769;1,2784125785333371;0,2771821225072303;Potencia;Bajo;Operación normal;Monitoreo rutinario
298;308;1359;47;85;9;64688;4046;0;0;306;0;0,036067389861228726;0,11201586996787766;1,8616800415687769;1,2784125785333371;0,2771821225072303;Potencia;Bajo;Operación normal;Monitoreo rutinario
298;308;1378;53;65;10;73723;3477;0;1;307;0;0,057297049533966554;0,11201586996787766;1,8616800415687769;1,2784125785333371;0,2771821225072303;Potencia;Bajo;Operación normal;Monitoreo rutinario
298;309;1458;40;137;11;58611;5507;0;1;308;0;0,010174069155813575;0,11201586996787766;1,8616800415687769;1,2784125785333371;0,2771821225072303;Potencia;Bajo;Operación normal;Monitoreo rutinario
298;309;1686;26;189;10;44173;4951;0;1;309;0;0,053839892290302935;0,11201586996787766;1,8616800415687769;1,2784125785333371;0,2771821225072303;Potencia;Bajo;Operación normal;Monitoreo rutinario
298;308;1605;32;79;10;51360;2528;1;0;310;0;0,011116334742835804;0,11201586996787766;1,840596765542278;1,243013174148468;0,14831111679057707;Potencia;Bajo;Operación normal;Monitoreo rutinario
299;310;1496;45;104;11;67320;4680;1;0;311;0;0,021403375448949845;0,11201586996787766;1,840596765542278;1,243013174148468;0,14831111679057707;Potencia;Bajo;Operación normal;Monitoreo rutinario
302;311;1682;34;127;9;57860;4368;1;0;312;0;0,015510798720907992;0,11201586996787766;1,840596765542278;1,243013174148468;0,14831111679057707;Potencia;Bajo;Operación normal;Monitoreo rutinario
302;311;1463;43;181;8;63055;7801;0;1;313;0;0,024872690897507314;0,11201586996787766;1,8616800415687769;1,2784125785333371;0,2771821225072303;Potencia;Bajo;Operación normal;Monitoreo rutinario
300;309;1565;34;32;9;54461;1113;1;0;314;0;0,012411943863171952;0,11201586996787766;1,840596765542278;1,243013174148468;0,14831111679057707;Potencia;Bajo;Operación normal;Monitoreo rutinario
303;313;1406;52;166;9;73252;8648;1;0;315;0;0,06139606516564508;0,11201586996787766;1,840596765542278;1,243013174148468;0,14831111679057707;Potencia;Bajo;Operación normal;Monitoreo rutinario
295;306;1443;48;33;10;70562;1613;1;0;316;0;0,02035333195815397;0,11201586996787766;1,840596765542278;1,243013174148468;0,14831111679057707;Potencia;Bajo;Operación normal;Monitoreo rutinario
301;310;1611;41;11;8;66856;456;0;0;317;0;0,023165207258240724;0,11201586996787766;1,8616800415687769;1,2784125785333371;0,2771821225072303;Potencia;Bajo;Operación normal;Monitoreo rutinario
299;309;1553;36;157;10;56839;5746;1;0;318;0;0,014594001222313273;0,11201586996787766;1,840596765542278;1,243013174148468;0,14831111679057707;Potencia;Bajo;Operación normal;Monitoreo rutinario
303;312;1335;51;161;9;68218;8227;1;0;319;0;0,07142315133425546;0,11201586996787766;1,840596765542278;1,243013174148468;0,14831111679057707;Potencia;Bajo;Operación normal;Monitoreo rutinario
300;310;1508;34;62;10;52478;2157;1;0;320;0;0,016476416573528833;0,11201586996787766;1,840596765542278;1,243013174148468;0,14831111679057707;Potencia;Bajo;Operación normal;Monitoreo rutinario
300;309;1573;39;162;9;62448;6431;0;1;321;0;0,01218707679625237;0,11201586996787766;1,8616800415687769;1,2784125785333371;0,2771821225072303;Potencia;Bajo;Operación normal;Monitoreo rutinario
298;309;1465;41;30;10;60211;1233;0;1;322;0;0,00951546813193491;0,11201586996787766;1,8616800415687769;1,2784125785333371;0,2771821225072303;Potencia;Bajo;Operación normal;Monitoreo rutinario
301;310;1500;39;56;8;59400;2217;1;0;323;0;0,024380427216192598;0,11201586996787766;1,840596765542278;1,243013174148468;0,14831111679057707;Potencia;Bajo;Operación normal;Monitoreo rutinario
300;311;1927;24;132;11;47404;3247;1;0;324;0;0,01835729755842333;0,11201586996787766;1,840596765542278;1,243013174148468;0,14831111679057707;Potencia;Bajo;Operación normal;Monitoreo rutinario
302;311;1496;43;218;9;65524;9548;0;0;325;0;0,29339461701996633;0,11201586996787766;1,8616800415687769;1,2784125785333371;0,2771821225072303;Potencia;Bajo;Operación normal;Monitoreo rutinario
298;309;1742;30;37;10;52260;1110;0;1;326;0;0,00951546813193491;0,11201586996787766;1,8616800415687769;1,2784125785333371;0,2771821225072303;Potencia;Bajo;Operación normal;Monitoreo rutinario
300;309;1766;28;207;8;49801;5837;1;0;327;0;0,2719561018931582;0,11201586996787766;1,840596765542278;1,243013174148468;0,14831111679057707;Potencia;Bajo;Operación normal;Monitoreo rutinario
300;310;1419;46;200;9;65841;9280;0;0;328;0;0,0854807110675153;0,11201586996787766;1,8616800415687769;1,2784125785333371;0,2771821225072303;Potencia;Bajo;Operación normal;Monitoreo rutinario
298;308;1494;42;96;10;63644;4089;0;1;329;0;0,009940890177909676;0,11201586996787766;1,8616800415687769;1,2784125785333371;0,2771821225072303;Potencia;Bajo;Operación normal;Monitoreo rutinario
297;308;1554;42;158;10;65889;6699;0;0;330;0;0,009414858962041424;0,11201586996787766;1,8616800415687769;1,2784125785333371;0,2771821225072303;Potencia;Bajo;Operación normal;Monitoreo rutinario
298;307;1643;32;200;9;53068;6459;1;0;331;0;0,04665340383158654;0,11201586996787766;1,840596765542278;1,243013174148468;0,14831111679057707;Potencia;Bajo;Operación normal;Monitoreo rutinario
302;311;1980;21;20;9;42570;430;0;1;332;0;0,016164983157505326;0,11201586996787766;1,8616800415687769;1,2784125785333371;0,2771821225072303;Potencia;Bajo;Operación normal;Monitoreo rutinario
298;310;1641;31;49;11;51035;1523;1;0;333;0;0,016952514470029142;0,11201586996787766;1,840596765542278;1,243013174148468;0,14831111679057707;Potencia;Bajo;Operación normal;Monitoreo rutinario
299;309;1399;54;3;9;76665;164;0;1;334;0;0,058115148553486054;0,11201586996787766;1,8616800415687769;1,2784125785333371;0,2771821225072303;Potencia;Bajo;Operación normal;Monitoreo rutinario
296;308;1430;55;71;11;79937;3968;0;1;335;0;0,033198264503364765;0,11201586996787766;1,8616800415687769;1,2784125785333371;0,2771821225072303;Potencia;Bajo;Operación normal;Monitoreo rutinario
302;311;1497;41;123;9;62275;5116;1;0;336;0;0,015510798720907992;0,11201586996787766;1,840596765542278;1,243013174148468;0,14831111679057707;Potencia;Bajo;Operación normal;Monitoreo rutinario
299;310;1328;49;206;10;66267;10279;1;0;337;0;0,3522195310191104;0,11201586996787766;1,840596765542278;1,243013174148468;0,14831111679057707;Potencia;Medio;Mantenimiento preventivo programado;Revisar Potencia
297;308;1492;35;88;11;52966;3124;0;1;338;0;0,008264045575465428;0,11201586996787766;1,8616800415687769;1,2784125785333371;0,2771821225072303;Potencia;Bajo;Operación normal;Monitoreo rutinario
301;312;1480;53;97;11;79180;5189;1;0;339;0;0,011191713419639614;0,11201586996787766;1,840596765542278;1,243013174148468;0,14831111679057707;Potencia;Bajo;Operación normal;Monitoreo rutinario
298;308;1576;36;7;9;57681;256;1;0;340;0;0,01097285139598896;0,11201586996787766;1,840596765542278;1,243013174148468;0,14831111679057707;Potencia;Bajo;Operación normal;Monitoreo rutinario
296;308;1557;32;173;11;50446;5605;1;0;341;0;0,015003330067796;0,11201586996787766;1,840596765542278;1,243013174148468;0,14831111679057707;Potencia;Bajo;Operación normal;Monitoreo rutinario
302;310;1326;59;88;8;78366;5200;0;1;342;1;0,9402508004059222;0,11201586996787766;1,8616800415687769;1,2784125785333371;0,2771821225072303;Potencia;Alto;Intervención inmediata;Acción crítica inmediata sobre Potencia
300;309;1827;23;6;9;42021;138;1;0;343;0;0,018760000937991576;0,11201586996787766;1,840596765542278;1,243013174148468;0,14831111679057707;Potencia;Bajo;Operación normal;Monitoreo rutinario
301;311;1910;20;41;10;38582;828;1;0;344;0;0,013029205790588319;0,11201586996787766;1,840596765542278;1,243013174148468;0,14831111679057707;Potencia;Bajo;Operación normal;Monitoreo rutinario
299;309;1485;39;207;9;59251;8259;1;0;345;1;0,5422885676518707;0,11201586996787766;1,840596765542278;1,243013174148468;0,14831111679057707;Potencia;Medio;Mantenimiento preventivo programado;Revisar Potencia
300;309;1380;47;246;8;65688;11709;0;0;346;0;0,33081257467245595;0,11201586996787766;1,8616800415687769;1,2784125785333371;0,2771821225072303;Potencia;Medio;Mantenimiento preventivo programado;Revisar Potencia
303;312;1399;48;34;9;67711;1645;0;1;347;0;0,05522553361249554;0,11201586996787766;1,8616800415687769;1,2784125785333371;0,2771821225072303;Potencia;Bajo;Operación normal;Monitoreo rutinario
298;308;1335;47;40;9;63812;1912;0;1;348;0;0,036067389861228726;0,11201586996787766;1,8616800415687769;1,2784125785333371;0,2771821225072303;Potencia;Bajo;Operación normal;Monitoreo rutinario
298;307;1476;36;134;9;54316;4931;1;0;349;0;0,01097285139598896;0,11201586996787766;1,840596765542278;1,243013174148468;0,14831111679057707;Potencia;Bajo;Operación normal;Monitoreo rutinario
298;308;1911;22;13;10;42042;286;1;0;350;0;0,015840504674369097;0,11201586996787766;1,840596765542278;1,243013174148468;0,14831111679057707;Potencia;Bajo;Operación normal;Monitoreo rutinario
302;310;1459;35;32;8;51065;1120;1;0;351;0;0,044805631160489065;0,11201586996787766;1,840596765542278;1,243013174148468;0,14831111679057707;Potencia;Bajo;Operación normal;Monitoreo rutinario
302;312;2000;21;200;9;43800;4380;0;1;352;0;0,028142743174941313;0,11201586996787766;1,8616800415687769;1,2784125785333371;0,2771821225072303;Potencia;Bajo;Operación normal;Monitoreo rutinario
298;310;1295;52;74;11;68246;3899;0;1;353;0;0,08000717694006654;0,11201586996787766;1,8616800415687769;1,2784125785333371;0,2771821225072303;Potencia;Bajo;Operación normal;Monitoreo rutinario
303;311;1511;45;184;8;69052;8408;1;0;354;0;0,0841018391134237;0,11201586996787766;1,840596765542278;1,243013174148468;0,14831111679057707;Potencia;Bajo;Operación normal;Monitoreo rutinario
298;309;1820;23;120;11;42952;2832;1;0;355;0;0,016209802538830212;0,11201586996787766;1,840596765542278;1,243013174148468;0,14831111679057707;Potencia;Bajo;Operación normal;Monitoreo rutinario
299;311;1703;28;134;11;48365;3805;0;1;356;0;0,013849835326120316;0,11201586996787766;1,8616800415687769;1,2784125785333371;0,2771821225072303;Potencia;Bajo;Operación normal;Monitoreo rutinario
301;312;1397;54;81;11;76695;4446;1;0;357;0;0,025660901912612163;0,11201586996787766;1,840596765542278;1,243013174148468;0,14831111679057707;Potencia;Bajo;Operación normal;Monitoreo rutinario
302;311;1466;49;66;9;71834;3234;0;1;358;0;0,02483615512981708;0,11201586996787766;1,8616800415687769;1,2784125785333371;0,2771821225072303;Potencia;Bajo;Operación normal;Monitoreo rutinario
301;310;1417;47;10;9;67449;476;1;0;359;0;0,044465135029861116;0,11201586996787766;1,840596765542278;1,243013174148468;0,14831111679057707;Potencia;Bajo;Operación normal;Monitoreo rutinario
301;310;1542;40;188;9;61680;7520;1;0;360;0;0,05957706818919968;0,11201586996787766;1,840596765542278;1,243013174148468;0,14831111679057707;Potencia;Bajo;Operación normal;Monitoreo rutinario
300;309;1447;42;12;9;62076;514;0;1;361;0;0,011786075161372998;0,11201586996787766;1,8616800415687769;1,2784125785333371;0,2771821225072303;Potencia;Bajo;Operación normal;Monitoreo rutinario
302;312;2052;18;40;9;38782;756;1;0;362;0;0,012153918456860518;0,11201586996787766;1,840596765542278;1,243013174148468;0,14831111679057707;Potencia;Bajo;Operación normal;Monitoreo rutinario
299;308;1429;43;96;9;61447;4128;0;0;363;0;0,01682578122566119;0,11201586996787766;1,8616800415687769;1,2784125785333371;0,2771821225072303;Potencia;Bajo;Operación normal;Monitoreo rutinario
301;310;1641;33;3;9;54481;99;0;1;364;0;0,019764401007862573;0,11201586996787766;1,8616800415687769;1,2784125785333371;0,2771821225072303;Potencia;Bajo;Operación normal;Monitoreo rutinario
297;307;1505;37;100;9;56136;3729;1;0;365;0;0,009029957004962058;0,11201586996787766;1,840596765542278;1,243013174148468;0,14831111679057707;Potencia;Bajo;Operación normal;Monitoreo rutinario
300;310;1387;50;83;9;70182;4199;1;0;366;0;0,06360450024998905;0,11201586996787766;1,840596765542278;1,243013174148468;0,14831111679057707;Potencia;Bajo;Operación normal;Monitoreo rutinario
299;310;1524;39;120;11;60655;4776;1;0;367;0;0,019262149980703996;0,11201586996787766;1,840596765542278;1,243013174148468;0,14831111679057707;Potencia;Bajo;Operación normal;Monitoreo rutinario
300;311;1746;26;187;11;45919;4918;1;0;368;0;0,04060725122282235;0,11201586996787766;1,840596765542278;1,243013174148468;0,14831111679057707;Potencia;Bajo;Operación normal;Monitoreo rutinario
303;312;1589;37;203;9;59110;7551;1;0;369;0;0,03948335318424454;0,11201586996787766;1,840596765542278;1,243013174148468;0,14831111679057707;Potencia;Bajo;Operación normal;Monitoreo rutinario
297;307;1824;26;5;9;47971;131;1;0;370;0;0,013672251745488117;0,11201586996787766;1,840596765542278;1,243013174148468;0,14831111679057707;Potencia;Bajo;Operación normal;Monitoreo rutinario
299;309;1400;48;119;9;68180;5795;0;0;371;0;0,0428185636736244;0,11201586996787766;1,8616800415687769;1,2784125785333371;0,2771821225072303;Potencia;Bajo;Operación normal;Monitoreo rutinario
297;308;1645;30;196;11;50666;6036;0;0;372;0;0,025630972582919194;0,11201586996787766;1,8616800415687769;1,2784125785333371;0,2771821225072303;Potencia;Bajo;Operación normal;Monitoreo rutinario
303;312;1692;29;125;9;49068;3625;0;0;373;0;0,015695453485726745;0,11201586996787766;1,8616800415687769;1,2784125785333371;0,2771821225072303;Potencia;Bajo;Operación normal;Monitoreo rutinario
299;309;1374;51;137;9;70898;7069;1;0;374;0;0,0569951461142448;0,11201586996787766;1,840596765542278;1,243013174148468;0,14831111679057707;Potencia;Bajo;Operación normal;Monitoreo rutinario
302;311;1507;33;82;8;50333;2738;0;1;375;0;0,01916493009010395;0,11201586996787766;1,8616800415687769;1,2784125785333371;0,2771821225072303;Potencia;Bajo;Operación normal;Monitoreo rutinario
295;306;1505;35;86;10;52976;3027;1;0;376;0;0,01115758113747567;0,11201586996787766;1,840596765542278;1,243013174148468;0,14831111679057707;Potencia;Bajo;Operación normal;Monitoreo rutinario
304;313;1530;34;211;9;53243;7342;1;0;377;0;0,36275580363480436;0,11201586996787766;1,840596765542278;1,243013174148468;0,14831111679057707;Potencia;Medio;Mantenimiento preventivo programado;Revisar Potencia
298;308;1426;42;23;10;60747;979;0;1;378;0;0,012423932865668338;0,11201586996787766;1,8616800415687769;1,2784125785333371;0,2771821225072303;Potencia;Bajo;Operación normal;Monitoreo rutinario
298;309;1738;25;49;11;43797;1234;1;0;379;0;0,016209802538830212;0,11201586996787766;1,840596765542278;1,243013174148468;0,14831111679057707;Potencia;Bajo;Operación normal;Monitoreo rutinario
297;308;1596;36;80;10;58413;2928;0;1;380;0;0,009104233238433299;0,11201586996787766;1,8616800415687769;1,2784125785333371;0,2771821225072303;Potencia;Bajo;Operación normal;Monitoreo rutinario
300;309;1717;28;48;9;48591;1358;1;0;381;0;0,018760000937991576;0,11201586996787766;1,840596765542278;1,243013174148468;0,14831111679057707;Potencia;Bajo;Operación normal;Monitoreo rutinario
300;311;1352;61;10;11;83553;618;0;1;382;0;0,27672227722172854;0,11201586996787766;1,8616800415687769;1,2784125785333371;0,2771821225072303;Potencia;Bajo;Operación normal;Monitoreo rutinario
298;307;1479;47;76;9;70400;3617;0;1;383;0;0,01307242864277318;0,11201586996787766;1,8616800415687769;1,2784125785333371;0,2771821225072303;Potencia;Bajo;Operación normal;Monitoreo rutinario
303;312;1406;41;48;9;58911;2011;0;1;384;0;0,029158536806794425;0,11201586996787766;1,8616800415687769;1,2784125785333371;0,2771821225072303;Potencia;Bajo;Operación normal;Monitoreo rutinario
299;309;1412;49;85;9;69470;4182;1;0;385;0;0,030299094769952063;0,11201586996787766;1,840596765542278;1,243013174148468;0,14831111679057707;Potencia;Bajo;Operación normal;Monitoreo rutinario
300;309;1461;52;146;9;76702;7665;1;0;386;0;0,030521991771849673;0,11201586996787766;1,840596765542278;1,243013174148468;0,14831111679057707;Potencia;Bajo;Operación normal;Monitoreo rutinario
300;311;1487;39;50;10;59182;1989;0;1;387;0;0,008316522405323932;0,11201586996787766;1,8616800415687769;1,2784125785333371;0,2771821225072303;Potencia;Bajo;Operación normal;Monitoreo rutinario
302;311;1290;70;139;9;90300;9730;1;0;388;1;0,9798911301047725;0,11201586996787766;1,840596765542278;1,243013174148468;0,14831111679057707;Potencia;Alto;Intervención inmediata;Acción crítica inmediata sobre Potencia
300;311;1492;39;109;10;58188;4251;1;0;389;0;0,008355780242161909;0,11201586996787766;1,840596765542278;1,243013174148468;0,14831111679057707;Potencia;Bajo;Operación normal;Monitoreo rutinario
301;312;1499;34;207;11;51865;7162;0;1;390;0;0,2313664266509289;0,11201586996787766;1,8616800415687769;1,2784125785333371;0,2771821225072303;Potencia;Bajo;Operación normal;Monitoreo rutinario
299;311;1650;32;60;11;53460;1944;1;0;391;0;0,009782181124403964;0,11201586996787766;1,840596765542278;1,243013174148468;0,14831111679057707;Potencia;Bajo;Operación normal;Monitoreo rutinario
298;307;1442;43;148;9;62871;6452;1;0;392;0;0,01386865485309696;0,11201586996787766;1,840596765542278;1,243013174148468;0,14831111679057707;Potencia;Bajo;Operación normal;Monitoreo rutinario
299;308;1521;42;215;9;64338;9094;0;1;393;1;0,5720341462494588;0,11201586996787766;1,8616800415687769;1,2784125785333371;0,2771821225072303;Potencia;Medio;Mantenimiento preventivo programado;Revisar Potencia
298;308;1407;50;164;9;71053;8282;0;0;394;0;0,02774006447141971;0,11201586996787766;1,8616800415687769;1,2784125785333371;0,2771821225072303;Potencia;Bajo;Operación normal;Monitoreo rutinario
298;308;1420;45;143;9;64894;6535;0;0;395;0;0,015272802903312335;0,11201586996787766;1,8616800415687769;1,2784125785333371;0,2771821225072303;Potencia;Bajo;Operación normal;Monitoreo rutinario
299;309;1399;39;91;9;55820;3630;1;0;396;0;0,02820412355124394;0,11201586996787766;1,840596765542278;1,243013174148468;0,14831111679057707;Potencia;Bajo;Operación normal;Monitoreo rutinario
296;307;1840;24;157;10;45264;3862;0;1;397;0;0,018036912075966565;0,11201586996787766;1,8616800415687769;1,2784125785333371;0,2771821225072303;Potencia;Bajo;Operación normal;Monitoreo rutinario
300;312;1550;32;5;11;50220;162;1;0;398;0;0,006084220551321289;0,11201586996787766;1,840596765542278;1,243013174148468;0,14831111679057707;Potencia;Bajo;Operación normal;Monitoreo rutinario
302;311;1524;34;86;9;53035;2992;0;1;399;0;0,015438447924990434;0,11201586996787766;1,8616800415687769;1,2784125785333371;0,2771821225072303;Potencia;Bajo;Operación normal;Monitoreo rutinario
304;313;1382;46;134;9;64539;6257;1;0;400;0;0,05521936503063728;0,11201586996787766;1,840596765542278;1,243013174148468;0,14831111679057707;Potencia;Bajo;Operación normal;Monitoreo rutinario
298;308;1658;30;3;9;49740;90;1;0;401;0;0,015600612695895117;0,11201586996787766;1,840596765542278;1,243013174148468;0,14831111679057707;Potencia;Bajo;Operación normal;Monitoreo rutinario
298;309;1363;44;25;11;59972;1100;1;0;402;0;0,0284346020537893;0,11201586996787766;1,840596765542278;1,243013174148468;0,14831111679057707;Potencia;Bajo;Operación normal;Monitoreo rutinario
302;312;1530;34;185;9;53397;6456;1;0;403;0;0,012448721095443665;0,11201586996787766;1,840596765542278;1,243013174148468;0,14831111679057707;Potencia;Bajo;Operación normal;Monitoreo rutinario
298;309;1425;44;49;11;63412;2180;0;0;404;0;0,01271460747587091;0,11201586996787766;1,8616800415687769;1,2784125785333371;0,2771821225072303;Potencia;Bajo;Operación normal;Monitoreo rutinario
300;311;1587;31;73;11;49514;2277;0;1;405;0;0,013849835326120316;0,11201586996787766;1,8616800415687769;1,2784125785333371;0,2771821225072303;Potencia;Bajo;Operación normal;Monitoreo rutinario
301;310;1562;34;162;9;53732;5572;1;0;406;0;0,023398734177512655;0,11201586996787766;1,840596765542278;1,243013174148468;0,14831111679057707;Potencia;Bajo;Operación normal;Monitoreo rutinario
301;311;1443;43;134;9;62481;5802;1;0;407;0;0,015021405830741553;0,11201586996787766;1,840596765542278;1,243013174148468;0,14831111679057707;Potencia;Bajo;Operación normal;Monitoreo rutinario
298;308;1414;44;68;10;62640;3012;0;1;408;0;0,013108234755052685;0,11201586996787766;1,8616800415687769;1,2784125785333371;0,2771821225072303;Potencia;Bajo;Operación normal;Monitoreo rutinario
302;311;1443;47;90;9;67821;4230;0;1;409;0;0,036903548116236015;0,11201586996787766;1,8616800415687769;1,2784125785333371;0,2771821225072303;Potencia;Bajo;Operación normal;Monitoreo rutinario
298;308;1540;34;32;10;53591;1113;1;0;410;0;0,010469813262662568;0,11201586996787766;1,840596765542278;1,243013174148468;0,14831111679057707;Potencia;Bajo;Operación normal;Monitoreo rutinario
300;311;1568;36;23;10;56448;828;1;0;411;0;0,008355780242161909;0,11201586996787766;1,840596765542278;1,243013174148468;0,14831111679057707;Potencia;Bajo;Operación normal;Monitoreo rutinario
297;307;1574;35;153;9;56349;5477;1;0;412;0;0,010170949782508574;0,11201586996787766;1,840596765542278;1,243013174148468;0,14831111679057707;Potencia;Bajo;Operación normal;Monitoreo rutinario
302;311;1542;39;141;8;61217;5597;0;1;413;0;0,018306071041258955;0,11201586996787766;1,8616800415687769;1,2784125785333371;0,2771821225072303;Potencia;Bajo;Operación normal;Monitoreo rutinario
299;309;1389;51;185;9;71116;9472;0;1;414;0;0,09229391911057222;0,11201586996787766;1,8616800415687769;1,2784125785333371;0,2771821225072303;Potencia;Bajo;Operación normal;Monitoreo rutinario
303;312;1499;39;197;8;59060;7761;0;1;415;0;0,009983751498821854;0,11201586996787766;1,8616800415687769;1,2784125785333371;0,2771821225072303;Potencia;Bajo;Operación normal;Monitoreo rutinario
297;308;1461;41;108;11;60631;4482;0;0;416;0;0,009315719523774673;0,11201586996787766;1,8616800415687769;1,2784125785333371;0,2771821225072303;Potencia;Bajo;Operación normal;Monitoreo rutinario
297;308;1584;40;4;11;63360;160;0;1;417;0;0,009315719523774673;0,11201586996787766;1,8616800415687769;1,2784125785333371;0,2771821225072303;Potencia;Bajo;Operación normal;Monitoreo rutinario
299;309;1409;44;46;9;62982;2056;1;0;418;0;0,01887428477345709;0,11201586996787766;1,840596765542278;1,243013174148468;0,14831111679057707;Potencia;Bajo;Operación normal;Monitoreo rutinario
298;307;1569;35;173;9;55856;6158;0;1;419;0;0,012197320575533355;0,11201586996787766;1,8616800415687769;1,2784125785333371;0,2771821225072303;Potencia;Bajo;Operación normal;Monitoreo rutinario
299;309;1399;51;144;9;71768;7387;1;0;420;0;0,04501726285592767;0,11201586996787766;1,840596765542278;1,243013174148468;0,14831111679057707;Potencia;Bajo;Operación normal;Monitoreo rutinario
302;311;1387;52;116;8;72262;6043;0;1;421;0;0,4488142011977398;0,11201586996787766;1,8616800415687769;1,2784125785333371;0,2771821225072303;Potencia;Medio;Mantenimiento preventivo programado;Revisar Potencia
298;309;1488;40;176;10;60412;7145;0;1;422;0;0,010230005912848136;0,11201586996787766;1,8616800415687769;1,2784125785333371;0,2771821225072303;Potencia;Bajo;Operación normal;Monitoreo rutinario
300;309;1308;50;32;9;65661;1606;1;0;423;0;0,054520418311222944;0,11201586996787766;1,840596765542278;1,243013174148468;0,14831111679057707;Potencia;Bajo;Operación normal;Monitoreo rutinario
297;308;1475;42;24;10;62540;1017;1;0;424;0;0,009589071625561368;0,11201586996787766;1,840596765542278;1,243013174148468;0,14831111679057707;Potencia;Bajo;Operación normal;Monitoreo rutinario
300;311;1505;39;107;11;59598;4237;1;0;425;0;0,009782181124403964;0,11201586996787766;1,840596765542278;1,243013174148468;0,14831111679057707;Potencia;Bajo;Operación normal;Monitoreo rutinario
302;311;1450;44;56;9;63945;2469;1;0;426;0;0,015510798720907992;0,11201586996787766;1,840596765542278;1,243013174148468;0,14831111679057707;Potencia;Bajo;Operación normal;Monitoreo rutinario
301;310;2032;19;203;8;38608;3857;1;0;427;0;0,0779202369594202;0,11201586996787766;1,840596765542278;1,243013174148468;0,14831111679057707;Potencia;Bajo;Operación normal;Monitoreo rutinario
300;310;1696;27;73;9;46640;2007;1;0;428;0;0,026026756371862483;0,11201586996787766;1,840596765542278;1,243013174148468;0,14831111679057707;Potencia;Bajo;Operación normal;Monitoreo rutinario
296;306;1516;39;138;10;59275;5395;1;0;429;0;0,01115758113747567;0,11201586996787766;1,840596765542278;1,243013174148468;0,14831111679057707;Potencia;Bajo;Operación normal;Monitoreo rutinario
302;310;1464;47;159;8;69100;7504;1;0;430;0;0,08267238258934971;0,11201586996787766;1,840596765542278;1,243013174148468;0,14831111679057707;Potencia;Bajo;Operación normal;Monitoreo rutinario
302;311;1820;24;128;8;44772;3148;1;0;431;0;0,01925440315728575;0,11201586996787766;1,840596765542278;1,243013174148468;0,14831111679057707;Potencia;Bajo;Operación normal;Monitoreo rutinario
297;308;1638;31;131;11;52252;4178;1;0;432;0;0,008704533515408614;0,11201586996787766;1,840596765542278;1,243013174148468;0,14831111679057707;Potencia;Bajo;Operación normal;Monitoreo rutinario
300;311;1503;42;208;11;64027;8860;1;0;433;0;0,400769459190653;0,11201586996787766;1,840596765542278;1,243013174148468;0,14831111679057707;Potencia;Medio;Mantenimiento preventivo programado;Revisar Potencia
301;310;1270;54;26;8;68834;1409;1;0;434;1;0,7163637530252015;0,11201586996787766;1,840596765542278;1,243013174148468;0,14831111679057707;Potencia;Alto;Intervención inmediata;Acción crítica inmediata sobre Potencia
302;311;1541;36;143;8;56400;5233;0;1;435;0;0,018306071041258955;0,11201586996787766;1,8616800415687769;1,2784125785333371;0,2771821225072303;Potencia;Bajo;Operación normal;Monitoreo rutinario
300;311;1707;30;165;11;51210;4950;0;1;436;0;0,012471847437524162;0,11201586996787766;1,8616800415687769;1,2784125785333371;0,2771821225072303;Potencia;Bajo;Operación normal;Monitoreo rutinario
302;310;1455;43;220;8;62856;9504;1;0;437;0;0,4551516681202991;0,11201586996787766;1,840596765542278;1,243013174148468;0,14831111679057707;Potencia;Medio;Mantenimiento preventivo programado;Revisar Potencia
297;309;1478;39;10;11;58676;397;1;0;438;0;0,008868210667185997;0,11201586996787766;1,840596765542278;1,243013174148468;0,14831111679057707;Potencia;Bajo;Operación normal;Monitoreo rutinario
301;310;1486;43;66;8;63898;2838;1;0;439;0;0,024380427216192598;0,11201586996787766;1,840596765542278;1,243013174148468;0,14831111679057707;Potencia;Bajo;Operación normal;Monitoreo rutinario
298;309;1477;42;158;10;62624;6699;1;0;440;0;0,011193113190712279;0,11201586996787766;1,840596765542278;1,243013174148468;0,14831111679057707;Potencia;Bajo;Operación normal;Monitoreo rutinario
299;308;1415;43;0;9;61411;0;1;0;441;0;0,018684661142988713;-0,0010416336151943912;3,125048442483204;-0,33484602661259355;0,09092295302134024;Potencia;Bajo;Operación normal;Monitoreo rutinario
300;311;1658;30;170;11;50403;5168;0;1;442;0;0,012471847437524162;0,11201586996787766;1,8616800415687769;1,2784125785333371;0,2771821225072303;Potencia;Bajo;Operación normal;Monitoreo rutinario
299;309;1291;56;188;9;72812;10603;1;0;443;0;0,18056912117980992;0,11201586996787766;1,840596765542278;1,243013174148468;0,14831111679057707;Potencia;Bajo;Operación normal;Monitoreo rutinario
298;307;1517;40;50;9;61893;2039;1;0;444;0;0,01097285139598896;0,11201586996787766;1,840596765542278;1,243013174148468;0,14831111679057707;Potencia;Bajo;Operación normal;Monitoreo rutinario
302;311;1609;32;49;9;51970;1582;1;0;445;0;0,015510798720907992;0,11201586996787766;1,840596765542278;1,243013174148468;0,14831111679057707;Potencia;Bajo;Operación normal;Monitoreo rutinario
300;311;1472;44;126;11;65062;5569;1;0;446;0;0,009782181124403964;0,11201586996787766;1,840596765542278;1,243013174148468;0,14831111679057707;Potencia;Bajo;Operación normal;Monitoreo rutinario
299;308;1886;23;198;9;43378;4554;1;0;447;0;0,09765234771266346;0,11201586996787766;1,840596765542278;1,243013174148468;0,14831111679057707;Potencia;Bajo;Operación normal;Monitoreo rutinario
302;311;1255;59;138;9;74045;8142;1;0;448;0;0,21855089216293305;0,11201586996787766;1,840596765542278;1,243013174148468;0,14831111679057707;Potencia;Bajo;Operación normal;Monitoreo rutinario
296;307;1550;39;124;10;61535;4922;1;0;449;0;0,01115758113747567;0,11201586996787766;1,840596765542278;1,243013174148468;0,14831111679057707;Potencia;Bajo;Operación normal;Monitoreo rutinario
303;312;1554;36;85;8;57187;3127;0;0;450;0;0,01863426247672327;0,11201586996787766;1,8616800415687769;1,2784125785333371;0,2771821225072303;Potencia;Bajo;Operación normal;Monitoreo rutinario
300;309;1532;42;130;9;65110;5525;0;1;451;0;0,011786075161372998;0,11201586996787766;1,8616800415687769;1,2784125785333371;0,2771821225072303;Potencia;Bajo;Operación normal;Monitoreo rutinario
301;310;1487;48;36;8;71376;1728;1;0;452;0;0,05252350890273709;0,11201586996787766;1,840596765542278;1,243013174148468;0,14831111679057707;Potencia;Bajo;Operación normal;Monitoreo rutinario
301;310;1557;38;157;9;59477;5997;1;0;453;0;0,023206669825667357;0,11201586996787766;1,840596765542278;1,243013174148468;0,14831111679057707;Potencia;Bajo;Operación normal;Monitoreo rutinario
302;310;1563;35;8;7;54705;280;1;0;454;0;0,030165841378199606;0,11201586996787766;1,840596765542278;1,243013174148468;0,14831111679057707;Potencia;Bajo;Operación normal;Monitoreo rutinario
300;311;1387;42;121;10;59224;5166;0;0;455;0;0,01957431185921139;0,11201586996787766;1,8616800415687769;1,2784125785333371;0,2771821225072303;Potencia;Bajo;Operación normal;Monitoreo rutinario
295;306;1679;30;117;10;51041;3556;1;0;456;0;0,012689927969785266;0,11201586996787766;1,840596765542278;1,243013174148468;0,14831111679057707;Potencia;Bajo;Operación normal;Monitoreo rutinario
300;311;1576;31;149;11;49013;4633;1;0;457;0;0,015663320162884693;0,11201586996787766;1,840596765542278;1,243013174148468;0,14831111679057707;Potencia;Bajo;Operación normal;Monitoreo rutinario
302;312;1386;45;38;9;63478;1740;1;0;458;0;0,025427908960587456;0,11201586996787766;1,840596765542278;1,243013174148468;0,14831111679057707;Potencia;Bajo;Operación normal;Monitoreo rutinario
302;311;1608;39;136;9;64159;5426;0;1;459;0;0,015438447924990434;0,11201586996787766;1,8616800415687769;1,2784125785333371;0,2771821225072303;Potencia;Bajo;Operación normal;Monitoreo rutinario
299;310;1381;60;13;10;83550;786;1;0;460;0;0,40075064013722683;0,11201586996787766;1,840596765542278;1,243013174148468;0,14831111679057707;Potencia;Medio;Mantenimiento preventivo programado;Revisar Potencia
301;311;1648;32;0;10;53395;0;0;1;461;0;0,010041651568486137;-0,0010416336151943912;3,126577712539185;-0,3459696619302671;0,21979395873799373;Potencia;Bajo;Operación normal;Monitoreo rutinario
300;311;1655;29;193;11;49484;5770;0;0;462;0;0,045559516652169736;0,11201586996787766;1,8616800415687769;1,2784125785333371;0,2771821225072303;Potencia;Bajo;Operación normal;Monitoreo rutinario
302;311;1543;33;39;9;51073;1290;1;0;463;0;0,015510798720907992;0,11201586996787766;1,840596765542278;1,243013174148468;0,14831111679057707;Potencia;Bajo;Operación normal;Monitoreo rutinario
302;312;1451;43;189;9;62683;8164;0;1;464;0;0,009282913625373044;0,11201586996787766;1,8616800415687769;1,2784125785333371;0,2771821225072303;Potencia;Bajo;Operación normal;Monitoreo rutinario
301;311;1298;58;168;9;75413;9760;0;1;465;0;0,06850514378655725;0,11201586996787766;1,8616800415687769;1,2784125785333371;0,2771821225072303;Potencia;Bajo;Operación normal;Monitoreo rutinario
297;309;1775;25;91;11;45795;2347;0;1;466;0;0,01131683926563267;0,11201586996787766;1,8616800415687769;1,2784125785333371;0,2771821225072303;Potencia;Bajo;Operación normal;Monitoreo rutinario
297;307;1456;44;85;10;65374;3816;0;1;467;0;0,009220185547433724;0,11201586996787766;1,8616800415687769;1,2784125785333371;0,2771821225072303;Potencia;Bajo;Operación normal;Monitoreo rutinario
297;308;1348;53;68;10;72387;3651;1;0;468;0;0,0553629658360508;0,11201586996787766;1,840596765542278;1,243013174148468;0,14831111679057707;Potencia;Bajo;Operación normal;Monitoreo rutinario
301;310;1451;45;183;9;65730;8289;0;1;469;0;0,05199431807860378;0,11201586996787766;1,8616800415687769;1,2784125785333371;0,2771821225072303;Potencia;Bajo;Operación normal;Monitoreo rutinario
303;311;1879;21;78;8;40022;1661;1;0;470;0;0,045952419565965685;0,11201586996787766;1,840596765542278;1,243013174148468;0,14831111679057707;Potencia;Bajo;Operación normal;Monitoreo rutinario
299;310;1713;28;116;11;47964;3248;1;0;471;0;0,029010810154534116;0,11201586996787766;1,840596765542278;1,243013174148468;0,14831111679057707;Potencia;Bajo;Operación normal;Monitoreo rutinario
298;307;1606;30;17;9;49464;523;1;0;472;0;0,015600612695895117;0,11201586996787766;1,840596765542278;1,243013174148468;0,14831111679057707;Potencia;Bajo;Operación normal;Monitoreo rutinario
302;311;1564;38;85;8;60214;3272;1;0;473;0;0,018391609638588536;0,11201586996787766;1,840596765542278;1,243013174148468;0,14831111679057707;Potencia;Bajo;Operación normal;Monitoreo rutinario
298;309;1502;40;153;10;61431;6257;1;0;474;0;0,011193113190712279;0,11201586996787766;1,840596765542278;1,243013174148468;0,14831111679057707;Potencia;Bajo;Operación normal;Monitoreo rutinario
301;311;1723;27;210;9;47554;5796;1;0;475;0;0,4832266080291608;0,11201586996787766;1,840596765542278;1,243013174148468;0,14831111679057707;Potencia;Medio;Mantenimiento preventivo programado;Revisar Potencia
304;313;1575;34;92;9;54337;3174;0;1;476;0;0,013260414541385998;0,11201586996787766;1,8616800415687769;1,2784125785333371;0,2771821225072303;Potencia;Bajo;Operación normal;Monitoreo rutinario
303;313;1437;48;110;9;69407;5313;0;1;477;0;0,029576759048710866;0,11201586996787766;1,8616800415687769;1,2784125785333371;0,2771821225072303;Potencia;Bajo;Operación normal;Monitoreo rutinario
299;309;1641;27;16;9;44471;433;1;0;478;0;0,020519827359097527;0,11201586996787766;1,840596765542278;1,243013174148468;0,14831111679057707;Potencia;Bajo;Operación normal;Monitoreo rutinario
302;311;1449;46;60;9;67378;2790;1;0;479;0;0,020301339434307043;0,11201586996787766;1,840596765542278;1,243013174148468;0,14831111679057707;Potencia;Bajo;Operación normal;Monitoreo rutinario
300;311;1520;39;43;11;59584;1685;1;0;480;0;0,009782181124403964;0,11201586996787766;1,840596765542278;1,243013174148468;0,14831111679057707;Potencia;Bajo;Operación normal;Monitoreo rutinario
301;310;1530;39;107;9;61047;4269;0;1;481;0;0,019764401007862573;0,11201586996787766;1,8616800415687769;1,2784125785333371;0,2771821225072303;Potencia;Bajo;Operación normal;Monitoreo rutinario
297;308;1418;51;52;11;72601;2662;1;0;482;0;0,020846548931629454;0,11201586996787766;1,840596765542278;1,243013174148468;0,14831111679057707;Potencia;Bajo;Operación normal;Monitoreo rutinario
297;308;2358;14;49;11;35134;730;1;0;483;0;0,21036173658013269;0,11201586996787766;1,840596765542278;1,243013174148468;0,14831111679057707;Potencia;Bajo;Operación normal;Monitoreo rutinario
298;309;1667;30;92;11;50676;2796;1;0;484;0;0,012187613872677696;0,11201586996787766;1,840596765542278;1,243013174148468;0,14831111679057707;Potencia;Bajo;Operación normal;Monitoreo rutinario
300;309;1523;39;24;9;59701;940;1;0;485;0;0,012411943863171952;0,11201586996787766;1,840596765542278;1,243013174148468;0,14831111679057707;Potencia;Bajo;Operación normal;Monitoreo rutinario
295;306;1464;46;92;10;67636;4250;1;0;486;0;0,014623593219704606;0,11201586996787766;1,840596765542278;1,243013174148468;0,14831111679057707;Potencia;Bajo;Operación normal;Monitoreo rutinario
298;309;1579;36;123;10;57001;4440;1;0;487;0;0,010021984994337126;0,11201586996787766;1,840596765542278;1,243013174148468;0,14831111679057707;Potencia;Bajo;Operación normal;Monitoreo rutinario
302;312;1305;49;16;9;64075;785;1;0;488;0;0,05361161433428237;0,11201586996787766;1,840596765542278;1,243013174148468;0,14831111679057707;Potencia;Bajo;Operación normal;Monitoreo rutinario
298;310;1804;26;22;11;47084;574;1;0;489;0;0,022511391782677182;0,11201586996787766;1,840596765542278;1,243013174148468;0,14831111679057707;Potencia;Bajo;Operación normal;Monitoreo rutinario
302;311;1660;38;99;8;63080;3762;1;0;490;0;0,018391609638588536;0,11201586996787766;1,840596765542278;1,243013174148468;0,14831111679057707;Potencia;Bajo;Operación normal;Monitoreo rutinario
297;308;1621;32;194;11;52520;6285;0;1;491;0;0,02268064525337049;0,11201586996787766;1,8616800415687769;1,2784125785333371;0,2771821225072303;Potencia;Bajo;Operación normal;Monitoreo rutinario
297;309;1529;41;3;11;64065;125;0;1;492;0;0,00841951028797594;0,11201586996787766;1,8616800415687769;1,2784125785333371;0,2771821225072303;Potencia;Bajo;Operación normal;Monitoreo rutinario
298;307;1479;45;136;9;66555;6120;1;0;493;0;0,01220408553835048;0,11201586996787766;1,840596765542278;1,243013174148468;0,14831111679057707;Potencia;Bajo;Operación normal;Monitoreo rutinario
300;309;1442;43;96;8;62294;4147;1;0;494;0;0,02656546922868891;0,11201586996787766;1,840596765542278;1,243013174148468;0,14831111679057707;Potencia;Bajo;Operación normal;Monitoreo rutinario
302;311;1867;25;121;9;48355;3133;1;0;495;0;0,016240682626691795;0,11201586996787766;1,840596765542278;1,243013174148468;0,14831111679057707;Potencia;Bajo;Operación normal;Monitoreo rutinario
302;311;1442;43;152;8;63015;6642;1;0;496;0;0,06279961947901026;0,11201586996787766;1,840596765542278;1,243013174148468;0,14831111679057707;Potencia;Bajo;Operación normal;Monitoreo rutinario
300;311;1488;38;51;11;57139;1958;1;0;497;0;0,009782181124403964;0,11201586996787766;1,840596765542278;1,243013174148468;0,14831111679057707;Potencia;Bajo;Operación normal;Monitoreo rutinario
297;309;1732;28;167;11;48669;4692;0;1;498;0;0,01274307841061586;0,11201586996787766;1,8616800415687769;1,2784125785333371;0,2771821225072303;Potencia;Bajo;Operación normal;Monitoreo rutinario
300;310;1402;54;44;10;76128;2389;1;0;499;0;0,06455143883138834;0,11201586996787766;1,840596765542278;1,243013174148468;0,14831111679057707;Potencia;Bajo;Operación normal;Monitoreo rutinario
299;309;1548;44;40;9;68576;1772;0;0;500;0;0,012900296718206057;0,11201586996787766;1,8616800415687769;1,2784125785333371;0,2771821225072303;Potencia;Bajo;Operación normal;Monitoreo rutinario
301;310;1493;48;145;9;71813;6974;0;1;501;0;0,03276701644712662;0,11201586996787766;1,8616800415687769;1,2784125785333371;0,2771821225072303;Potencia;Bajo;Operación normal;Monitoreo rutinario
302;310;1331;52;154;8;69212;8008;1;0;502;1;0,9459445338374927;0,11201586996787766;1,840596765542278;1,243013174148468;0,14831111679057707;Potencia;Alto;Intervención inmediata;Acción crítica inmediata sobre Potencia
301;309;1259;63;20;8;80450;1278;1;0;503;1;0,6459812713760419;0,11201586996787766;1,840596765542278;1,243013174148468;0,14831111679057707;Potencia;Alto;Intervención inmediata;Acción crítica inmediata sobre Potencia
299;308;1375;55;78;9;75762;4297;0;0;504;0;0,07636818893805362;0,11201586996787766;1,8616800415687769;1,2784125785333371;0,2771821225072303;Potencia;Bajo;Operación normal;Monitoreo rutinario
300;309;1321;46;75;9;61954;3517;1;0;505;0;0,042755250956741;0,11201586996787766;1,840596765542278;1,243013174148468;0,14831111679057707;Potencia;Bajo;Operación normal;Monitoreo rutinario
298;310;1771;26;216;11;47462;5788;0;0;506;1;0,703669884851982;0,11201586996787766;1,8616800415687769;1,2784125785333371;0,2771821225072303;Potencia;Alto;Intervención inmediata;Acción crítica inmediata sobre Potencia
300;311;1477;44;166;10;65283;7337;0;1;507;0;0,008600505631255154;0,11201586996787766;1,8616800415687769;1,2784125785333371;0,2771821225072303;Potencia;Bajo;Operación normal;Monitoreo rutinario
301;310;1390;57;164;9;79786;9413;1;0;508;0;0,17916133948892413;0,11201586996787766;1,840596765542278;1,243013174148468;0,14831111679057707;Potencia;Bajo;Operación normal;Monitoreo rutinario
299;308;1489;38;32;9;56730;1219;1;0;509;0;0,014189256900801889;0,11201586996787766;1,840596765542278;1,243013174148468;0,14831111679057707;Potencia;Bajo;Operación normal;Monitoreo rutinario
298;310;1433;44;68;11;63338;3005;0;0;510;0;0,017681854811140815;0,11201586996787766;1,8616800415687769;1,2784125785333371;0,2771821225072303;Potencia;Bajo;Operación normal;Monitoreo rutinario
296;307;1385;44;5;11;60940;220;0;1;511;0;0,027662748612523498;0,11201586996787766;1,8616800415687769;1,2784125785333371;0,2771821225072303;Potencia;Bajo;Operación normal;Monitoreo rutinario
298;307;1608;33;106;9;54350;3582;0;1;512;0;0,010418782968687458;0,11201586996787766;1,8616800415687769;1,2784125785333371;0,2771821225072303;Potencia;Bajo;Operación normal;Monitoreo rutinario
301;310;1489;45;42;9;68196;1923;1;0;513;0;0,02213108835796392;0,11201586996787766;1,840596765542278;1,243013174148468;0,14831111679057707;Potencia;Bajo;Operación normal;Monitoreo rutinario
298;310;1620;34;112;11;56375;3897;1;0;514;0;0,01491322234025399;0,11201586996787766;1,840596765542278;1,243013174148468;0,14831111679057707;Potencia;Bajo;Operación normal;Monitoreo rutinario
303;312;1426;53;172;8;76148;9184;1;0;515;0;0,05350622821477277;0,11201586996787766;1,840596765542278;1,243013174148468;0,14831111679057707;Potencia;Bajo;Operación normal;Monitoreo rutinario
302;312;1647;31;52;9;52374;1653;1;0;516;0;0,00908544234783394;0,11201586996787766;1,840596765542278;1,243013174148468;0,14831111679057707;Potencia;Bajo;Operación normal;Monitoreo rutinario
301;310;1479;38;139;9;56497;5309;1;0;517;0;0,020805018291347798;0,11201586996787766;1,840596765542278;1,243013174148468;0,14831111679057707;Potencia;Bajo;Operación normal;Monitoreo rutinario
297;308;1374;47;150;10;64715;7065;1;0;518;0;0,03364078557964794;0,11201586996787766;1,840596765542278;1,243013174148468;0,14831111679057707;Potencia;Bajo;Operación normal;Monitoreo rutinario
300;310;1983;20;83;10;41246;1726;0;1;519;0;0,023612825285533795;0,11201586996787766;1,8616800415687769;1,2784125785333371;0,2771821225072303;Potencia;Bajo;Operación normal;Monitoreo rutinario
298;309;1711;30;148;11;51843;4484;1;0;520;0;0,012066613854446866;0,11201586996787766;1,840596765542278;1,243013174148468;0,14831111679057707;Potencia;Bajo;Operación normal;Monitoreo rutinario
298;308;1353;47;190;9;63591;8930;1;0;521;0;0,10438475951353694;0,11201586996787766;1,840596765542278;1,243013174148468;0,14831111679057707;Potencia;Bajo;Operación normal;Monitoreo rutinario
297;308;1521;38;87;11;58102;3323;0;1;522;0;0,009315719523774673;0,11201586996787766;1,8616800415687769;1,2784125785333371;0,2771821225072303;Potencia;Bajo;Operación normal;Monitoreo rutinario
300;310;1530;48;15;10;74205;727;1;0;523;0;0,02648895803041066;0,11201586996787766;1,840596765542278;1,243013174148468;0,14831111679057707;Potencia;Bajo;Operación normal;Monitoreo rutinario
297;308;2564;12;127;10;32819;1625;1;0;524;1;0,9189489113488987;0,11201586996787766;1,840596765542278;1,243013174148468;0,14831111679057707;Potencia;Alto;Intervención inmediata;Acción crítica inmediata sobre Potencia
303;313;1336;47;176;9;63860;8412;1;0;525;0;0,06858483417961372;0,11201586996787766;1,840596765542278;1,243013174148468;0,14831111679057707;Potencia;Bajo;Operación normal;Monitoreo rutinario
299;310;1579;36;0;10;57475;0;1;0;526;0;0,018025961236882628;-0,0010416336151943912;3,125048442483204;-0,33484602661259355;0,09092295302134024;Potencia;Bajo;Operación normal;Monitoreo rutinario
301;310;1432;54;51;9;77900;2774;1;0;527;0;0,06982969566924419;0,11201586996787766;1,840596765542278;1,243013174148468;0,14831111679057707;Potencia;Bajo;Operación normal;Monitoreo rutinario
301;310;1428;53;176;9;76683;9451;1;0;528;0;0,07612254167519146;0,11201586996787766;1,840596765542278;1,243013174148468;0,14831111679057707;Potencia;Bajo;Operación normal;Monitoreo rutinario
300;310;1418;46;84;9;65653;3889;0;1;529;0;0,028186180090989794;0,11201586996787766;1,8616800415687769;1,2784125785333371;0,2771821225072303;Potencia;Bajo;Operación normal;Monitoreo rutinario
301;310;1492;44;15;9;66543;669;1;0;530;0;0,020805018291347798;0,11201586996787766;1,840596765542278;1,243013174148468;0,14831111679057707;Potencia;Bajo;Operación normal;Monitoreo rutinario
302;310;1458;45;15;7;65755;676;1;0;531;0;0,035847260966763744;0,11201586996787766;1,840596765542278;1,243013174148468;0,14831111679057707;Potencia;Bajo;Operación normal;Monitoreo rutinario
299;310;1437;41;192;10;59060;7891;0;1;532;0;0,052600223705245475;0,11201586996787766;1,8616800415687769;1,2784125785333371;0,2771821225072303;Potencia;Bajo;Operación normal;Monitoreo rutinario
301;310;1414;49;106;8;69710;5225;0;1;533;0;0,1544434024337126;0,11201586996787766;1,8616800415687769;1,2784125785333371;0,2771821225072303;Potencia;Bajo;Operación normal;Monitoreo rutinario
297;307;1662;30;48;10;51023;1473;0;0;534;0;0,009306363699629424;0,11201586996787766;1,8616800415687769;1,2784125785333371;0,2771821225072303;Potencia;Bajo;Operación normal;Monitoreo rutinario
298;310;1459;40;69;11;58651;2773;0;1;535;0;0,014163036171283915;0,11201586996787766;1,8616800415687769;1,2784125785333371;0,2771821225072303;Potencia;Bajo;Operación normal;Monitoreo rutinario
303;311;1384;54;48;8;75843;2630;0;1;536;1;0,7995132436656509;0,11201586996787766;1,8616800415687769;1,2784125785333371;0,2771821225072303;Potencia;Alto;Intervención inmediata;Acción crítica inmediata sobre Potencia
300;310;1530;35;80;10;54621;2856;0;1;537;0;0,015648845540619485;0,11201586996787766;1,8616800415687769;1,2784125785333371;0,2771821225072303;Potencia;Bajo;Operación normal;Monitoreo rutinario
297;308;1371;46;121;11;63751;5626;1;0;538;0;0,034017214579850234;0,11201586996787766;1,840596765542278;1,243013174148468;0,14831111679057707;Potencia;Bajo;Operación normal;Monitoreo rutinario
298;308;1313;50;170;10;66700;8636;1;0;539;0;0,048733098387759737;0,11201586996787766;1,840596765542278;1,243013174148468;0,14831111679057707;Potencia;Bajo;Operación normal;Monitoreo rutinario
298;309;1881;21;29;11;40817;629;1;0;540;0;0,016209802538830212;0,11201586996787766;1,840596765542278;1,243013174148468;0,14831111679057707;Potencia;Bajo;Operación normal;Monitoreo rutinario
302;310;1731;33;112;7;57815;3740;0;1;541;0;0,028670727122423197;0,11201586996787766;1,8616800415687769;1,2784125785333371;0,2771821225072303;Potencia;Bajo;Operación normal;Monitoreo rutinario
300;311;1457;37;96;10;54491;3590;1;0;542;0;0,008355780242161909;0,11201586996787766;1,840596765542278;1,243013174148468;0,14831111679057707;Potencia;Bajo;Operación normal;Monitoreo rutinario
302;311;1494;37;114;9;55427;4229;0;1;543;0;0,015438447924990434;0,11201586996787766;1,8616800415687769;1,2784125785333371;0,2771821225072303;Potencia;Bajo;Operación normal;Monitoreo rutinario
300;311;1546;39;203;11;60912;7998;1;0;544;0;0,04953595475278819;0,11201586996787766;1,840596765542278;1,243013174148468;0,14831111679057707;Potencia;Bajo;Operación normal;Monitoreo rutinario
299;310;1657;31;70;11;51367;2170;0;1;545;0;0,019417650643535515;0,11201586996787766;1,8616800415687769;1,2784125785333371;0,2771821225072303;Potencia;Bajo;Operación normal;Monitoreo rutinario
298;310;1613;36;0;11;58068;0;0;0;546;0;0,014163036171283915;-0,0010416336151943912;3,126577712539185;-0,3459696619302671;0,21979395873799373;Potencia;Bajo;Operación normal;Monitoreo rutinario
300;309;1661;30;129;8;50328;3908;1;0;547;0;0,015467102169995207;0,11201586996787766;1,840596765542278;1,243013174148468;0,14831111679057707;Potencia;Bajo;Operación normal;Monitoreo rutinario
298;309;1540;43;141;11;66528;6091;1;0;548;0;0,010715264674832047;0,11201586996787766;1,840596765542278;1,243013174148468;0,14831111679057707;Potencia;Bajo;Operación normal;Monitoreo rutinario
302;311;1530;37;207;9;57068;7721;1;0;549;0;0,416162128801985;0,11201586996787766;1,840596765542278;1,243013174148468;0,14831111679057707;Potencia;Medio;Mantenimiento preventivo programado;Revisar Potencia
300;311;1521;39;15;10;60687;598;0;1;550;0;0,008316522405323932;0,11201586996787766;1,8616800415687769;1,2784125785333371;0,2771821225072303;Potencia;Bajo;Operación normal;Monitoreo rutinario
302;310;1483;48;20;7;72222;974;1;0;551;0;0,06454538152352535;0,11201586996787766;1,840596765542278;1,243013174148468;0,14831111679057707;Potencia;Bajo;Operación normal;Monitoreo rutinario
301;311;2323;15;50;9;36935;795;1;0;552;0;0,0682450062760335;0,11201586996787766;1,840596765542278;1,243013174148468;0,14831111679057707;Potencia;Bajo;Operación normal;Monitoreo rutinario
302;311;1530;37;57;9;57833;2154;1;0;553;0;0,015510798720907992;0,11201586996787766;1,840596765542278;1,243013174148468;0,14831111679057707;Potencia;Bajo;Operación normal;Monitoreo rutinario
296;308;1435;45;62;11;65005;2808;1;0;554;0;0,015658796204208594;0,11201586996787766;1,840596765542278;1,243013174148468;0,14831111679057707;Potencia;Bajo;Operación normal;Monitoreo rutinario
298;309;1516;38;61;10;58366;2348;1;0;555;0;0,010021984994337126;0,11201586996787766;1,840596765542278;1,243013174148468;0,14831111679057707;Potencia;Bajo;Operación normal;Monitoreo rutinario
296;307;1416;50;210;11;70800;10500;0;1;556;0;0,22627951948528022;0,11201586996787766;1,8616800415687769;1,2784125785333371;0,2771821225072303;Potencia;Bajo;Operación normal;Monitoreo rutinario
301;311;1756;26;33;9;46885;881;0;1;557;0;0,01358971008933355;0,11201586996787766;1,8616800415687769;1,2784125785333371;0,2771821225072303;Potencia;Bajo;Operación normal;Monitoreo rutinario
300;310;1452;42;29;10;62290;1244;1;0;558;0;0,016476416573528833;0,11201586996787766;1,840596765542278;1,243013174148468;0,14831111679057707;Potencia;Bajo;Operación normal;Monitoreo rutinario
302;310;1436;36;43;8;52414;1569;1;0;559;0;0,14222990498683633;0,11201586996787766;1,840596765542278;1,243013174148468;0,14831111679057707;Potencia;Bajo;Operación normal;Monitoreo rutinario
301;310;1455;43;0;9;63874;0;1;0;560;0;0,020805018291347798;-0,0010416336151943912;3,125048442483204;-0,33484602661259355;0,09092295302134024;Potencia;Bajo;Operación normal;Monitoreo rutinario
298;309;1634;37;78;11;61765;2948;1;0;561;0;0,010715264674832047;0,11201586996787766;1,840596765542278;1,243013174148468;0,14831111679057707;Potencia;Bajo;Operación normal;Monitoreo rutinario
301;309;1334;61;182;8;81374;11102;0;1;562;1;0,8051390739143754;0,11201586996787766;1,8616800415687769;1,2784125785333371;0,2771821225072303;Potencia;Alto;Intervención inmediata;Acción crítica inmediata sobre Potencia
302;311;1482;39;127;9;57798;4953;0;0;563;0;0,015438447924990434;0,11201586996787766;1,8616800415687769;1,2784125785333371;0,2771821225072303;Potencia;Bajo;Operación normal;Monitoreo rutinario
303;311;1501;36;69;8;54336;2497;1;0;564;0;0,04394689053500179;0,11201586996787766;1,840596765542278;1,243013174148468;0,14831111679057707;Potencia;Bajo;Operación normal;Monitoreo rutinario
297;308;1513;39;32;11;60066;1270;1;0;565;0;0,009811708917617033;0,11201586996787766;1,840596765542278;1,243013174148468;0,14831111679057707;Potencia;Bajo;Operación normal;Monitoreo rutinario
299;308;1645;33;22;9;54943;734;0;1;566;0;0,013474990512783825;0,11201586996787766;1,8616800415687769;1,2784125785333371;0,2771821225072303;Potencia;Bajo;Operación normal;Monitoreo rutinario
300;310;1689;32;151;10;55568;4967;1;0;567;0;0,018540713042828012;0,11201586996787766;1,840596765542278;1,243013174148468;0,14831111679057707;Potencia;Bajo;Operación normal;Monitoreo rutinario
300;311;1571;31;123;11;49015;3837;1;0;568;0;0,013914846461214034;0,11201586996787766;1,840596765542278;1,243013174148468;0,14831111679057707;Potencia;Bajo;Operación normal;Monitoreo rutinario
301;310;1395;50;131;8;70447;6615;1;0;569;0;0,39828462171998585;0,11201586996787766;1,840596765542278;1,243013174148468;0,14831111679057707;Potencia;Medio;Mantenimiento preventivo programado;Revisar Potencia
298;309;1450;47;112;11;69455;5364;1;0;570;0;0,01344339787304673;0,11201586996787766;1,840596765542278;1,243013174148468;0,14831111679057707;Potencia;Bajo;Operación normal;Monitoreo rutinario
297;307;1968;20;171;9;40147;3488;1;0;571;0;0,015390717924505588;0,11201586996787766;1,840596765542278;1,243013174148468;0,14831111679057707;Potencia;Bajo;Operación normal;Monitoreo rutinario
300;310;1429;46;19;10;67020;891;1;0;572;0;0,026864855157325875;0,11201586996787766;1,840596765542278;1,243013174148468;0,14831111679057707;Potencia;Bajo;Operación normal;Monitoreo rutinario
299;309;1415;49;8;9;69618;393;1;0;573;0;0,028739337707676074;0,11201586996787766;1,840596765542278;1,243013174148468;0,14831111679057707;Potencia;Bajo;Operación normal;Monitoreo rutinario
297;308;1420;45;120;11;65035;5496;0;0;574;0;0,013662927247093302;0,11201586996787766;1,8616800415687769;1,2784125785333371;0,2771821225072303;Potencia;Bajo;Operación normal;Monitoreo rutinario
302;311;1486;39;147;9;58845;5821;0;1;575;0;0,015961708325066135;0,11201586996787766;1,8616800415687769;1,2784125785333371;0,2771821225072303;Potencia;Bajo;Operación normal;Monitoreo rutinario
297;307;1405;46;113;9;65894;5299;0;1;576;0;0,02305428316484511;0,11201586996787766;1,8616800415687769;1,2784125785333371;0,2771821225072303;Potencia;Bajo;Operación normal;Monitoreo rutinario
300;310;1650;31;19;10;52140;600;1;0;577;0;0,016476416573528833;0,11201586996787766;1,840596765542278;1,243013174148468;0,14831111679057707;Potencia;Bajo;Operación normal;Monitoreo rutinario
298;309;1450;44;63;10;64959;2822;1;0;578;0;0,010021984994337126;0,11201586996787766;1,840596765542278;1,243013174148468;0,14831111679057707;Potencia;Bajo;Operación normal;Monitoreo rutinario
297;308;1510;35;155;11;53605;5502;0;1;579;0;0,009309169679403562;0,11201586996787766;1,8616800415687769;1,2784125785333371;0,2771821225072303;Potencia;Bajo;Operación normal;Monitoreo rutinario
301;310;1475;35;19;9;52067;670;1;0;580;0;0,020805018291347798;0,11201586996787766;1,840596765542278;1,243013174148468;0,14831111679057707;Potencia;Bajo;Operación normal;Monitoreo rutinario
298;308;1345;44;37;10;59583;1639;1;0;581;0;0,02779466281503794;0,11201586996787766;1,840596765542278;1,243013174148468;0,14831111679057707;Potencia;Bajo;Operación normal;Monitoreo rutinario
300;309;1530;40;93;8;61506;3738;0;1;582;0;0,013096622381636317;0,11201586996787766;1,8616800415687769;1,2784125785333371;0,2771821225072303;Potencia;Bajo;Operación normal;Monitoreo rutinario
296;308;1440;46;64;11;66672;2963;0;1;583;0;0,015876382534699498;0,11201586996787766;1,8616800415687769;1,2784125785333371;0,2771821225072303;Potencia;Bajo;Operación normal;Monitoreo rutinario
303;312;1485;43;174;8;64300;7534;0;1;584;0;0,009966882991735364;0,11201586996787766;1,8616800415687769;1,2784125785333371;0,2771821225072303;Potencia;Bajo;Operación normal;Monitoreo rutinario
302;310;1545;36;18;8;56701;660;1;0;585;0;0,044805631160489065;0,11201586996787766;1,840596765542278;1,243013174148468;0,14831111679057707;Potencia;Bajo;Operación normal;Monitoreo rutinario
302;311;1381;49;207;9;68221;10225;1;0;586;0;0,3758060626339625;0,11201586996787766;1,840596765542278;1,243013174148468;0,14831111679057707;Potencia;Medio;Mantenimiento preventivo programado;Revisar Potencia
300;310;1684;30;13;10;51867;400;1;0;587;0;0,016476416573528833;0,11201586996787766;1,840596765542278;1,243013174148468;0,14831111679057707;Potencia;Bajo;Operación normal;Monitoreo rutinario
299;310;1408;38;144;10;54067;5529;1;0;588;0;0,03265052266966932;0,11201586996787766;1,840596765542278;1,243013174148468;0,14831111679057707;Potencia;Bajo;Operación normal;Monitoreo rutinario
298;308;1507;37;217;10;56211;8094;0;1;589;1;0,5238270118894556;0,11201586996787766;1,8616800415687769;1,2784125785333371;0,2771821225072303;Potencia;Medio;Mantenimiento preventivo programado;Revisar Potencia
295;306;1800;27;208;10;49680;5740;1;0;590;0;0,37885521052806204;0,11201586996787766;1,840596765542278;1,243013174148468;0,14831111679057707;Potencia;Medio;Mantenimiento preventivo programado;Revisar Potencia
299;308;1418;45;204;9;64802;9322;0;1;591;0;0,1898799365454923;0,11201586996787766;1,8616800415687769;1,2784125785333371;0,2771821225072303;Potencia;Bajo;Operación normal;Monitoreo rutinario
299;310;1405;53;86;11;75308;4609;0;0;592;0;0,07130000498737903;0,11201586996787766;1,8616800415687769;1,2784125785333371;0,2771821225072303;Potencia;Bajo;Operación normal;Monitoreo rutinario
299;309;1607;33;130;9;54155;4381;0;0;593;0;0,012900296718206057;0,11201586996787766;1,8616800415687769;1,2784125785333371;0,2771821225072303;Potencia;Bajo;Operación normal;Monitoreo rutinario
302;311;1786;24;81;8;43399;1968;1;0;594;0;0,01925440315728575;0,11201586996787766;1,840596765542278;1,243013174148468;0,14831111679057707;Potencia;Bajo;Operación normal;Monitoreo rutinario
298;307;1948;21;136;9;41687;2910;0;0;595;0;0,015763714425167254;0,11201586996787766;1,8616800415687769;1,2784125785333371;0,2771821225072303;Potencia;Bajo;Operación normal;Monitoreo rutinario
298;309;1493;38;132;11;57480;5082;1;0;596;0;0,010715264674832047;0,11201586996787766;1,840596765542278;1,243013174148468;0,14831111679057707;Potencia;Bajo;Operación normal;Monitoreo rutinario
300;309;1569;31;124;9;49580;3918;0;1;597;0;0,016751001808030377;0,11201586996787766;1,8616800415687769;1,2784125785333371;0,2771821225072303;Potencia;Bajo;Operación normal;Monitoreo rutinario
300;311;1660;31;38;11;52124;1193;1;0;598;0;0,009782181124403964;0,11201586996787766;1,840596765542278;1,243013174148468;0,14831111679057707;Potencia;Bajo;Operación normal;Monitoreo rutinario
302;311;1649;33;9;9;54746;298;1;0;599;0;0,015510798720907992;0,11201586996787766;1,840596765542278;1,243013174148468;0,14831111679057707;Potencia;Bajo;Operación normal;Monitoreo rutinario
298;309;1423;48;135;10;68304;6480;1;0;600;0;0,020185634075019516;0,11201586996787766;1,840596765542278;1,243013174148468;0,14831111679057707;Potencia;Bajo;Operación normal;Monitoreo rutinario
299;308;1403;50;189;9;70991;9563;1;0;601;0;0,11273887988532616;0,11201586996787766;1,840596765542278;1,243013174148468;0,14831111679057707;Potencia;Bajo;Operación normal;Monitoreo rutinario
300;310;1609;27;108;9;44408;2980;0;1;602;0;0,02473155683358841;0,11201586996787766;1,8616800415687769;1,2784125785333371;0,2771821225072303;Potencia;Bajo;Operación normal;Monitoreo rutinario
296;307;1338;44;128;10;59407;5683;1;0;603;0;0,02958648170174579;0,11201586996787766;1,840596765542278;1,243013174148468;0,14831111679057707;Potencia;Bajo;Operación normal;Monitoreo rutinario
300;310;1425;44;33;10;62700;1452;0;0;604;0;0,01952950190819405;0,11201586996787766;1,8616800415687769;1,2784125785333371;0,2771821225072303;Potencia;Bajo;Operación normal;Monitoreo rutinario
297;307;1327;61;186;9;80947;11346;1;0;605;1;0,9469177113175596;0,11201586996787766;1,840596765542278;1,243013174148468;0,14831111679057707;Potencia;Alto;Intervención inmediata;Acción crítica inmediata sobre Potencia
304;313;1685;28;66;9;47517;1861;0;1;606;0;0,01388589686026278;0,11201586996787766;1,8616800415687769;1,2784125785333371;0,2771821225072303;Potencia;Bajo;Operación normal;Monitoreo rutinario
302;312;1611;34;186;9;54935;6342;1;0;607;0;0,012448721095443665;0,11201586996787766;1,840596765542278;1,243013174148468;0,14831111679057707;Potencia;Bajo;Operación normal;Monitoreo rutinario
297;307;1804;26;222;9;46904;5772;0;1;608;1;0,6898521037911808;0,11201586996787766;1,8616800415687769;1,2784125785333371;0,2771821225072303;Potencia;Alto;Intervención inmediata;Acción crítica inmediata sobre Potencia
300;309;1366;49;59;9;67343;2908;1;0;609;0;0,054520418311222944;0,11201586996787766;1,840596765542278;1,243013174148468;0,14831111679057707;Potencia;Bajo;Operación normal;Monitoreo rutinario
298;309;1450;44;7;10;64234;310;1;0;610;0;0,010021984994337126;0,11201586996787766;1,840596765542278;1,243013174148468;0,14831111679057707;Potencia;Bajo;Operación normal;Monitoreo rutinario
299;310;1628;35;174;11;58445;6246;1;0;611;0;0,022515945845641427;0,11201586996787766;1,840596765542278;1,243013174148468;0,14831111679057707;Potencia;Bajo;Operación normal;Monitoreo rutinario
302;311;1533;39;26;9;60400;1024;1;0;612;0;0,015510798720907992;0,11201586996787766;1,840596765542278;1,243013174148468;0,14831111679057707;Potencia;Bajo;Operación normal;Monitoreo rutinario
301;311;1471;44;148;9;65018;6541;1;0;613;0;0,011808759478197529;0,11201586996787766;1,840596765542278;1,243013174148468;0,14831111679057707;Potencia;Bajo;Operación normal;Monitoreo rutinario
300;310;1483;39;174;9;59171;6942;1;0;614;0;0,020019831439538574;0,11201586996787766;1,840596765542278;1,243013174148468;0,14831111679057707;Potencia;Bajo;Operación normal;Monitoreo rutinario
300;311;1612;32;143;10;52390;4647;0;0;615;0;0,008316522405323932;0,11201586996787766;1,8616800415687769;1,2784125785333371;0,2771821225072303;Potencia;Bajo;Operación normal;Monitoreo rutinario
298;308;1327;58;9;10;78027;529;1;0;616;0;0,09935624018697257;0,11201586996787766;1,840596765542278;1,243013174148468;0,14831111679057707;Potencia;Bajo;Operación normal;Monitoreo rutinario
298;307;1479;42;47;9;62857;1997;1;0;617;0;0,01097285139598896;0,11201586996787766;1,840596765542278;1,243013174148468;0,14831111679057707;Potencia;Bajo;Operación normal;Monitoreo rutinario
301;310;1687;26;16;8;44874;425;1;0;618;0;0,03142568896906841;0,11201586996787766;1,840596765542278;1,243013174148468;0,14831111679057707;Potencia;Bajo;Operación normal;Monitoreo rutinario
303;311;1503;37;152;8;55611;5624;0;0;619;0;0,04905843413013527;0,11201586996787766;1,8616800415687769;1,2784125785333371;0,2771821225072303;Potencia;Bajo;Operación normal;Monitoreo rutinario
301;310;2092;18;51;8;38911;948;1;0;620;0;0,0349105073779669;0,11201586996787766;1,840596765542278;1,243013174148468;0,14831111679057707;Potencia;Bajo;Operación normal;Monitoreo rutinario
297;308;1544;41;6;11;64384;250;0;1;621;0;0,009315719523774673;0,11201586996787766;1,8616800415687769;1,2784125785333371;0,2771821225072303;Potencia;Bajo;Operación normal;Monitoreo rutinario
299;309;1375;46;86;9;64349;4024;0;0;622;0;0,04438381882487578;0,11201586996787766;1,8616800415687769;1,2784125785333371;0,2771821225072303;Potencia;Bajo;Operación normal;Monitoreo rutinario
301;310;1411;45;54;8;63636;2435;0;1;623;0;0,11052686417601033;0,11201586996787766;1,8616800415687769;1,2784125785333371;0,2771821225072303;Potencia;Bajo;Operación normal;Monitoreo rutinario
299;309;1373;44;81;9;60549;3572;0;0;624;0;0,034108342385652315;0,11201586996787766;1,8616800415687769;1,2784125785333371;0,2771821225072303;Potencia;Bajo;Operación normal;Monitoreo rutinario
302;311;1550;34;177;9;53939;6159;1;0;625;0;0,017736812440883716;0,11201586996787766;1,840596765542278;1,243013174148468;0,14831111679057707;Potencia;Bajo;Operación normal;Monitoreo rutinario
302;311;1437;49;55;8;71706;2744;0;1;626;0;0,1275712118275285;0,11201586996787766;1,8616800415687769;1,2784125785333371;0,2771821225072303;Potencia;Bajo;Operación normal;Monitoreo rutinario
299;310;1447;51;185;10;74375;9509;0;0;627;0;0,06365577257110087;0,11201586996787766;1,8616800415687769;1,2784125785333371;0,2771821225072303;Potencia;Bajo;Operación normal;Monitoreo rutinario
298;308;1666;31;198;10;51646;6138;0;1;628;0;0,043928460913624394;0,11201586996787766;1,8616800415687769;1,2784125785333371;0,2771821225072303;Potencia;Bajo;Operación normal;Monitoreo rutinario
299;310;1555;38;118;11;60023;4554;0;0;629;0;0,01829726127068082;0,11201586996787766;1,8616800415687769;1,2784125785333371;0,2771821225072303;Potencia;Bajo;Operación normal;Monitoreo rutinario
300;310;1520;38;45;10;57760;1710;0;1;630;0;0,015648845540619485;0,11201586996787766;1,8616800415687769;1,2784125785333371;0,2771821225072303;Potencia;Bajo;Operación normal;Monitoreo rutinario
297;309;1529;38;96;11;58254;3657;0;1;631;0;0,00841951028797594;0,11201586996787766;1,8616800415687769;1,2784125785333371;0,2771821225072303;Potencia;Bajo;Operación normal;Monitoreo rutinario
300;309;1470;48;21;8;71589;1022;0;1;632;0;0,02859623994451582;0,11201586996787766;1,8616800415687769;1,2784125785333371;0,2771821225072303;Potencia;Bajo;Operación normal;Monitoreo rutinario
302;311;1414;47;11;9;66458;517;1;0;633;0;0,04299409912905768;0,11201586996787766;1,840596765542278;1,243013174148468;0,14831111679057707;Potencia;Bajo;Operación normal;Monitoreo rutinario
300;310;1509;43;31;9;65037;1336;1;0;634;0;0,017263016358976424;0,11201586996787766;1,840596765542278;1,243013174148468;0,14831111679057707;Potencia;Bajo;Operación normal;Monitoreo rutinario
296;307;1648;34;60;11;56032;2040;1;0;635;0;0,011416216019640572;0,11201586996787766;1,840596765542278;1,243013174148468;0,14831111679057707;Potencia;Bajo;Operación normal;Monitoreo rutinario
300;309;1502;34;40;8;51518;1372;0;0;636;0;0,013096622381636317;0,11201586996787766;1,8616800415687769;1,2784125785333371;0,2771821225072303;Potencia;Bajo;Operación normal;Monitoreo rutinario
302;311;1373;53;181;8;72769;9593;1;0;637;1;0,8907964754242834;0,11201586996787766;1,840596765542278;1,243013174148468;0,14831111679057707;Potencia;Alto;Intervención inmediata;Acción crítica inmediata sobre Potencia
296;306;1511;35;119;10;53187;4188;1;0;638;0;0,01115758113747567;0,11201586996787766;1,840596765542278;1,243013174148468;0,14831111679057707;Potencia;Bajo;Operación normal;Monitoreo rutinario
299;311;1706;28;111;11;49132;3196;1;0;639;0;0,013914846461214034;0,11201586996787766;1,840596765542278;1,243013174148468;0,14831111679057707;Potencia;Bajo;Operación normal;Monitoreo rutinario
300;309;1368;45;81;9;62654;3709;0;1;640;0;0,03464384296286166;0,11201586996787766;1,8616800415687769;1,2784125785333371;0,2771821225072303;Potencia;Bajo;Operación normal;Monitoreo rutinario
297;308;1474;44;152;10;65298;6733;1;0;641;0;0,010710158631124225;0,11201586996787766;1,840596765542278;1,243013174148468;0,14831111679057707;Potencia;Bajo;Operación normal;Monitoreo rutinario
299;308;1613;30;80;9;49680;2464;1;0;642;0;0,020145894602190316;0,11201586996787766;1,840596765542278;1,243013174148468;0,14831111679057707;Potencia;Bajo;Operación normal;Monitoreo rutinario
302;311;1633;36;114;8;59441;4149;1;0;643;0;0,018391609638588536;0,11201586996787766;1,840596765542278;1,243013174148468;0,14831111679057707;Potencia;Bajo;Operación normal;Monitoreo rutinario
297;307;1385;56;202;10;78114;11392;1;0;644;1;0,9545640949593828;0,11201586996787766;1,840596765542278;1,243013174148468;0,14831111679057707;Potencia;Alto;Intervención inmediata;Acción crítica inmediata sobre Potencia
301;310;2825;5;215;8;16385;1247;1;0;645;1;0,9382404263813423;0,11201586996787766;1,840596765542278;1,243013174148468;0,14831111679057707;Potencia;Alto;Intervención inmediata;Acción crítica inmediata sobre Potencia
300;309;1500;35;112;9;52800;3942;0;0;646;0;0,011786075161372998;0,11201586996787766;1,8616800415687769;1,2784125785333371;0,2771821225072303;Potencia;Bajo;Operación normal;Monitoreo rutinario
300;309;1481;38;153;8;56426;5829;1;0;647;0;0,015395836480451147;0,11201586996787766;1,840596765542278;1,243013174148468;0,14831111679057707;Potencia;Bajo;Operación normal;Monitoreo rutinario
299;310;1685;32;88;11;54088;2824;0;1;648;0;0,01829726127068082;0,11201586996787766;1,8616800415687769;1,2784125785333371;0,2771821225072303;Potencia;Bajo;Operación normal;Monitoreo rutinario
297;309;1505;39;209;11;58996;8192;1;0;649;0;0,3696587511005302;0,11201586996787766;1,840596765542278;1,243013174148468;0,14831111679057707;Potencia;Medio;Mantenimiento preventivo programado;Revisar Potencia
301;310;1614;31;84;9;51002;2654;1;0;650;0;0,02363065089430877;0,11201586996787766;1,840596765542278;1,243013174148468;0,14831111679057707;Potencia;Bajo;Operación normal;Monitoreo rutinario
300;309;1623;32;0;9;53072;0;0;0;651;0;0,011786075161372998;-0,0010416336151943912;3,126577712539185;-0,3459696619302671;0,21979395873799373;Potencia;Bajo;Operación normal;Monitoreo rutinario
302;311;1504;38;65;9;58204;2515;1;0;652;0;0,015510798720907992;0,11201586996787766;1,840596765542278;1,243013174148468;0,14831111679057707;Potencia;Bajo;Operación normal;Monitoreo rutinario
298;308;1468;43;2;9;64298;87;0;1;653;0;0,010418782968687458;0,11201586996787766;1,8769027036943176;1,4753588228529009;0,2771821225072303;Potencia;Bajo;Operación normal;Monitoreo rutinario
298;308;1528;37;160;10;56994;5968;1;0;654;0;0,01179057641458002;0,11201586996787766;1,840596765542278;1,243013174148468;0,14831111679057707;Potencia;Bajo;Operación normal;Monitoreo rutinario
298;308;1408;46;3;10;65190;138;1;0;655;0;0,02494907618777136;0,11201586996787766;1,840596765542278;1,243013174148468;0,14831111679057707;Potencia;Bajo;Operación normal;Monitoreo rutinario
300;311;1434;45;174;10;65390;7934;1;0;656;0;0,012739003465955141;0,11201586996787766;1,840596765542278;1,243013174148468;0,14831111679057707;Potencia;Bajo;Operación normal;Monitoreo rutinario
300;309;1588;37;50;9;58756;1850;0;1;657;0;0,011786075161372998;0,11201586996787766;1,8616800415687769;1,2784125785333371;0,2771821225072303;Potencia;Bajo;Operación normal;Monitoreo rutinario
300;311;1374;47;197;11;65127;9337;1;0;658;0;0,11064673405436506;0,11201586996787766;1,840596765542278;1,243013174148468;0,14831111679057707;Potencia;Bajo;Operación normal;Monitoreo rutinario
297;308;1561;46;194;10;72274;8982;1;0;659;0;0,040090959472843656;0,11201586996787766;1,840596765542278;1,243013174148468;0,14831111679057707;Potencia;Bajo;Operación normal;Monitoreo rutinario
298;309;1311;54;52;11;71449;2834;0;0;660;0;0,05857532110179429;0,11201586996787766;1,8616800415687769;1,2784125785333371;0,2771821225072303;Potencia;Bajo;Operación normal;Monitoreo rutinario
300;310;1543;47;203;9;72983;9601;1;0;661;0;0,12146880282947822;0,11201586996787766;1,840596765542278;1,243013174148468;0,14831111679057707;Potencia;Bajo;Operación normal;Monitoreo rutinario
300;312;1308;54;52;11;71547;2844;1;0;662;0;0,028080280922352575;0,11201586996787766;1,840596765542278;1,243013174148468;0,14831111679057707;Potencia;Bajo;Operación normal;Monitoreo rutinario
297;308;1300;53;172;10;68900;9116;0;1;663;0;0,04987109638464703;0,11201586996787766;1,8616800415687769;1,2784125785333371;0,2771821225072303;Potencia;Bajo;Operación normal;Monitoreo rutinario
299;309;1597;30;115;9;48389;3484;0;1;664;0;0,019493190674376784;0,11201586996787766;1,8616800415687769;1,2784125785333371;0,2771821225072303;Potencia;Bajo;Operación normal;Monitoreo rutinario
298;308;1496;37;194;10;56698;7352;1;0;665;0;0,03890661158020558;0,11201586996787766;1,840596765542278;1,243013174148468;0,14831111679057707;Potencia;Bajo;Operación normal;Monitoreo rutinario
301;312;2710;9;143;11;26286;1387;0;1;666;1;0,898655517631309;0,11201586996787766;1,8616800415687769;1,2784125785333371;0,2771821225072303;Potencia;Alto;Intervención inmediata;Acción crítica inmediata sobre Potencia
299;310;1386;46;2;10;64587;93;1;0;667;0;0,054354901450610636;0,11201586996787766;1,855819427667819;1,4399594184680318;0,14831111679057707;Potencia;Bajo;Operación normal;Monitoreo rutinario
300;311;1432;45;6;10;65585;274;1;0;668;0;0,011620001739009119;0,11201586996787766;1,840596765542278;1,243013174148468;0,14831111679057707;Potencia;Bajo;Operación normal;Monitoreo rutinario
303;313;1759;28;74;9;49955;2101;1;0;669;0;0,01395107487351413;0,11201586996787766;1,840596765542278;1,243013174148468;0,14831111679057707;Potencia;Bajo;Operación normal;Monitoreo rutinario
301;310;1441;46;100;8;66718;4630;0;0;670;0;0,09473554745744814;0,11201586996787766;1,8616800415687769;1,2784125785333371;0,2771821225072303;Potencia;Bajo;Operación normal;Monitoreo rutinario
298;308;1424;47;179;10;67782;8520;1;0;671;0;0,020449673154908362;0,11201586996787766;1,840596765542278;1,243013174148468;0,14831111679057707;Potencia;Bajo;Operación normal;Monitoreo rutinario
300;310;1415;49;21;10;70184;1041;1;0;672;0;0,034743785365172794;0,11201586996787766;1,840596765542278;1,243013174148468;0,14831111679057707;Potencia;Bajo;Operación normal;Monitoreo rutinario
297;308;1599;32;58;11;52607;1908;0;1;673;0;0,008264045575465428;0,11201586996787766;1,8616800415687769;1,2784125785333371;0,2771821225072303;Potencia;Bajo;Operación normal;Monitoreo rutinario
298;308;1362;56;216;10;77361;12268;1;0;674;1;0,9833565106721126;0,11201586996787766;1,840596765542278;1,243013174148468;0,14831111679057707;Potencia;Alto;Intervención inmediata;Acción crítica inmediata sobre Potencia
302;311;1609;36;162;8;57924;5832;1;0;675;0;0,02069080877811232;0,11201586996787766;1,840596765542278;1,243013174148468;0,14831111679057707;Potencia;Bajo;Operación normal;Monitoreo rutinario
297;308;1384;39;144;11;54806;5702;1;0;676;0;0,02228788333577898;0,11201586996787766;1,840596765542278;1,243013174148468;0,14831111679057707;Potencia;Bajo;Operación normal;Monitoreo rutinario
301;310;1639;29;127;9;48842;3784;0;1;677;0;0,027060547532345616;0,11201586996787766;1,8616800415687769;1,2784125785333371;0,2771821225072303;Potencia;Bajo;Operación normal;Monitoreo rutinario
301;310;1390;49;74;9;69361;3692;1;0;678;0;0,08387056305607633;0,11201586996787766;1,840596765542278;1,243013174148468;0,14831111679057707;Potencia;Bajo;Operación normal;Monitoreo rutinario
300;311;1319;51;170;11;67796;8738;0;1;679;0;0,03932487315895364;0,11201586996787766;1,8616800415687769;1,2784125785333371;0,2771821225072303;Potencia;Bajo;Operación normal;Monitoreo rutinario
302;311;1602;32;120;9;52545;3935;1;0;680;0;0,015510798720907992;0,11201586996787766;1,840596765542278;1,243013174148468;0,14831111679057707;Potencia;Bajo;Operación normal;Monitoreo rutinario
297;308;1471;46;25;10;68401;1162;1;0;681;0;0,012033961145662804;0,11201586996787766;1,840596765542278;1,243013174148468;0,14831111679057707;Potencia;Bajo;Operación normal;Monitoreo rutinario
300;309;1409;42;57;9;59741;2416;1;0;682;0;0,017253097915347588;0,11201586996787766;1,840596765542278;1,243013174148468;0,14831111679057707;Potencia;Bajo;Operación normal;Monitoreo rutinario
297;308;1289;51;82;10;66125;4206;1;0;683;0;0,042533186459066334;0,11201586996787766;1,840596765542278;1,243013174148468;0,14831111679057707;Potencia;Bajo;Operación normal;Monitoreo rutinario
298;309;1350;52;136;10;70200;7072;1;0;684;0;0,05774193108179453;0,11201586996787766;1,840596765542278;1,243013174148468;0,14831111679057707;Potencia;Bajo;Operación normal;Monitoreo rutinario
298;309;1320;47;210;11;62568;9954;1;0;685;0;0,3903372389323621;0,11201586996787766;1,840596765542278;1,243013174148468;0,14831111679057707;Potencia;Medio;Mantenimiento preventivo programado;Revisar Potencia
301;310;1346;44;142;9;60031;6333;0;1;686;0;0,06417916535573559;0,11201586996787766;1,8616800415687769;1,2784125785333371;0,2771821225072303;Potencia;Bajo;Operación normal;Monitoreo rutinario
300;311;1701;30;44;11;52390;1355;0;1;687;0;0,00973628744859373;0,11201586996787766;1,8616800415687769;1,2784125785333371;0,2771821225072303;Potencia;Bajo;Operación normal;Monitoreo rutinario
303;312;1645;35;81;8;58726;2891;0;1;688;0;0,01863426247672327;0,11201586996787766;1,8616800415687769;1,2784125785333371;0,2771821225072303;Potencia;Bajo;Operación normal;Monitoreo rutinario
297;307;1412;50;24;9;71588;1216;1;0;689;0;0,022798240035858564;0,11201586996787766;1,840596765542278;1,243013174148468;0,14831111679057707;Potencia;Bajo;Operación normal;Monitoreo rutinario
299;309;1268;58;90;9;73544;5220;0;1;690;0;0,07331049682196182;0,11201586996787766;1,8616800415687769;1,2784125785333371;0,2771821225072303;Potencia;Bajo;Operación normal;Monitoreo rutinario
299;310;1424;41;101;11;58811;4171;0;1;691;0;0,02281945594487261;0,11201586996787766;1,8616800415687769;1,2784125785333371;0,2771821225072303;Potencia;Bajo;Operación normal;Monitoreo rutinario
297;308;1325;62;204;11;82680;12729;0;1;692;1;0,9159124063902969;0,11201586996787766;1,8616800415687769;1,2784125785333371;0,2771821225072303;Potencia;Alto;Intervención inmediata;Acción crítica inmediata sobre Potencia
296;306;1526;42;129;10;64549;5456;0;1;693;0;0,010594284796002575;0,11201586996787766;1,8616800415687769;1,2784125785333371;0,2771821225072303;Potencia;Bajo;Operación normal;Monitoreo rutinario
298;309;1332;60;147;11;80186;8849;0;1;694;0;0,09906181496148753;0,11201586996787766;1,8616800415687769;1,2784125785333371;0,2771821225072303;Potencia;Bajo;Operación normal;Monitoreo rutinario
303;311;1466;43;210;8;63038;9030;1;0;695;0;0,4064933336373061;0,11201586996787766;1,840596765542278;1,243013174148468;0,14831111679057707;Potencia;Medio;Mantenimiento preventivo programado;Revisar Potencia
303;312;1642;29;18;9;48274;529;0;1;696;0;0,015695453485726745;0,11201586996787766;1,8616800415687769;1,2784125785333371;0,2771821225072303;Potencia;Bajo;Operación normal;Monitoreo rutinario
301;311;1542;35;204;9;54124;7160;1;0;697;0;0,11873547965255306;0,11201586996787766;1,840596765542278;1,243013174148468;0,14831111679057707;Potencia;Bajo;Operación normal;Monitoreo rutinario
301;310;1409;52;26;8;73972;1365;0;1;698;0;0,17586690510518596;0,11201586996787766;1,8616800415687769;1,2784125785333371;0,2771821225072303;Potencia;Bajo;Operación normal;Monitoreo rutinario
298;309;1378;52;12;11;72069;627;1;0;699;0;0,06153110554692582;0,11201586996787766;1,840596765542278;1,243013174148468;0,14831111679057707;Potencia;Bajo;Operación normal;Monitoreo rutinario
303;312;1781;28;124;8;51114;3558;1;0;700;0;0,01872130536575504;0,11201586996787766;1,840596765542278;1,243013174148468;0,14831111679057707;Potencia;Bajo;Operación normal;Monitoreo rutinario
300;311;1964;21;15;11;42029;321;1;0;701;0;0,01835729755842333;0,11201586996787766;1,840596765542278;1,243013174148468;0,14831111679057707;Potencia;Bajo;Operación normal;Monitoreo rutinario
300;310;1446;44;135;9;64347;6007;1;0;702;0;0,017263016358976424;0,11201586996787766;1,840596765542278;1,243013174148468;0,14831111679057707;Potencia;Bajo;Operación normal;Monitoreo rutinario
298;309;1394;46;113;10;64124;5198;0;1;703;0;0,02593769116038927;0,11201586996787766;1,8616800415687769;1,2784125785333371;0,2771821225072303;Potencia;Bajo;Operación normal;Monitoreo rutinario
299;308;1424;43;16;9;61801;694;0;0;704;0;0,01682578122566119;0,11201586996787766;1,8616800415687769;1,2784125785333371;0,2771821225072303;Potencia;Bajo;Operación normal;Monitoreo rutinario
298;310;1541;36;12;11;56862;442;0;1;705;0;0,014163036171283915;0,11201586996787766;1,8616800415687769;1,2784125785333371;0,2771821225072303;Potencia;Bajo;Operación normal;Monitoreo rutinario
296;307;1498;41;80;11;61567;3288;1;0;706;0;0,011416216019640572;0,11201586996787766;1,840596765542278;1,243013174148468;0,14831111679057707;Potencia;Bajo;Operación normal;Monitoreo rutinario
297;307;1498;47;199;10;70555;9372;0;1;707;0;0,03293623952881661;0,11201586996787766;1,8616800415687769;1,2784125785333371;0,2771821225072303;Potencia;Bajo;Operación normal;Monitoreo rutinario
298;309;1558;37;73;11;57957;2715;1;0;708;0;0,010715264674832047;0,11201586996787766;1,840596765542278;1,243013174148468;0,14831111679057707;Potencia;Bajo;Operación normal;Monitoreo rutinario
296;307;1557;35;60;10;54650;2106;1;0;709;0;0,01115758113747567;0,11201586996787766;1,840596765542278;1,243013174148468;0,14831111679057707;Potencia;Bajo;Operación normal;Monitoreo rutinario
298;309;1569;35;199;10;55228;7004;1;0;710;0;0,04739421131773124;0,11201586996787766;1,840596765542278;1,243013174148468;0,14831111679057707;Potencia;Bajo;Operación normal;Monitoreo rutinario
300;310;1702;30;91;10;51570;2757;0;1;711;0;0,015648845540619485;0,11201586996787766;1,8616800415687769;1,2784125785333371;0,2771821225072303;Potencia;Bajo;Operación normal;Monitoreo rutinario
299;308;1566;46;192;9;72975;8947;0;0;712;0;0,043440553369056896;0,11201586996787766;1,8616800415687769;1,2784125785333371;0,2771821225072303;Potencia;Bajo;Operación normal;Monitoreo rutinario
301;310;1656;26;64;9;43387;1676;0;0;713;0;0,027060547532345616;0,11201586996787766;1,8616800415687769;1,2784125785333371;0,2771821225072303;Potencia;Bajo;Operación normal;Monitoreo rutinario
304;313;1408;45;28;8;63782;1268;1;0;714;0;0,11976061822860151;0,11201586996787766;1,840596765542278;1,243013174148468;0,14831111679057707;Potencia;Bajo;Operación normal;Monitoreo rutinario
298;307;1419;47;142;9;67260;6730;0;1;715;0;0,017988771615877888;0,11201586996787766;1,8616800415687769;1,2784125785333371;0,2771821225072303;Potencia;Bajo;Operación normal;Monitoreo rutinario
301;310;1609;34;217;8;55027;7421;0;1;716;0;0,4164793430526576;0,11201586996787766;1,8616800415687769;1,2784125785333371;0,2771821225072303;Potencia;Medio;Mantenimiento preventivo programado;Revisar Potencia
301;310;1681;27;212;9;46059;5808;0;1;717;1;0,7534928570130859;0,11201586996787766;1,8616800415687769;1,2784125785333371;0,2771821225072303;Potencia;Alto;Intervención inmediata;Acción crítica inmediata sobre Potencia
300;311;1515;47;170;11;71811;8058;1;0;718;0;0,014288162918686072;0,11201586996787766;1,840596765542278;1,243013174148468;0,14831111679057707;Potencia;Bajo;Operación normal;Monitoreo rutinario
301;310;1799;24;54;9;43535;1306;1;0;719;0;0,02847415599502803;0,11201586996787766;1,840596765542278;1,243013174148468;0,14831111679057707;Potencia;Bajo;Operación normal;Monitoreo rutinario
300;311;1442;45;0;11;65034;0;0;1;720;0;0,012259958270289115;-0,0010416336151943912;3,126577712539185;-0,3459696619302671;0,21979395873799373;Potencia;Bajo;Operación normal;Monitoreo rutinario
298;308;1454;49;166;10;71246;8134;1;0;721;0;0,019649578773121998;0,11201586996787766;1,840596765542278;1,243013174148468;0,14831111679057707;Potencia;Bajo;Operación normal;Monitoreo rutinario
297;307;1496;39;12;9;58643;470;1;0;722;0;0,010178099737884578;0,11201586996787766;1,840596765542278;1,243013174148468;0,14831111679057707;Potencia;Bajo;Operación normal;Monitoreo rutinario
299;310;1509;40;175;11;61265;7105;1;0;723;0;0,022330962013112635;0,11201586996787766;1,840596765542278;1,243013174148468;0,14831111679057707;Potencia;Bajo;Operación normal;Monitoreo rutinario
301;311;1529;41;12;9;63606;499;1;0;724;0;0,0105739054335558;0,11201586996787766;1,840596765542278;1,243013174148468;0,14831111679057707;Potencia;Bajo;Operación normal;Monitoreo rutinario
300;309;1932;21;135;9;42117;2943;0;1;725;0;0,017819809073812875;0,11201586996787766;1,8616800415687769;1,2784125785333371;0,2771821225072303;Potencia;Bajo;Operación normal;Monitoreo rutinario
298;309;1516;40;152;10;60943;6110;0;0;726;0;0,009839985374265286;0,11201586996787766;1,8616800415687769;1,2784125785333371;0,2771821225072303;Potencia;Bajo;Operación normal;Monitoreo rutinario
297;308;1353;49;188;11;66838;9287;1;0;727;0;0,08387712663212116;0,11201586996787766;1,840596765542278;1,243013174148468;0,14831111679057707;Potencia;Bajo;Operación normal;Monitoreo rutinario
302;311;1546;35;70;8;54883;2485;0;1;728;0;0,018306071041258955;0,11201586996787766;1,8616800415687769;1,2784125785333371;0,2771821225072303;Potencia;Bajo;Operación normal;Monitoreo rutinario
297;308;1434;44;21;11;64243;940;0;1;729;0;0,011644443238762493;0,11201586996787766;1,8616800415687769;1,2784125785333371;0,2771821225072303;Potencia;Bajo;Operación normal;Monitoreo rutinario
302;310;1581;32;181;7;51698;5918;0;1;730;0;0,03201328764544535;0,11201586996787766;1,8616800415687769;1,2784125785333371;0,2771821225072303;Potencia;Bajo;Operación normal;Monitoreo rutinario
301;310;1497;37;116;9;56287;4361;0;1;731;0;0,019764401007862573;0,11201586996787766;1,8616800415687769;1,2784125785333371;0,2771821225072303;Potencia;Bajo;Operación normal;Monitoreo rutinario
297;308;1531;36;116;11;56187;4257;1;0;732;0;0,008704533515408614;0,11201586996787766;1,840596765542278;1,243013174148468;0,14831111679057707;Potencia;Bajo;Operación normal;Monitoreo rutinario
302;312;1447;45;210;9;66127;9597;0;1;733;0;0,24335187715241977;0,11201586996787766;1,8616800415687769;1,2784125785333371;0,2771821225072303;Potencia;Bajo;Operación normal;Monitoreo rutinario
300;310;1654;32;180;10;52928;5760;0;1;734;0;0,04603956368325878;0,11201586996787766;1,8616800415687769;1,2784125785333371;0,2771821225072303;Potencia;Bajo;Operación normal;Monitoreo rutinario
300;309;1887;24;28;9;45854;680;1;0;735;0;0,018760000937991576;0,11201586996787766;1,840596765542278;1,243013174148468;0,14831111679057707;Potencia;Bajo;Operación normal;Monitoreo rutinario
298;308;1737;27;130;9;48114;3601;1;0;736;0;0,016597257739366114;0,11201586996787766;1,840596765542278;1,243013174148468;0,14831111679057707;Potencia;Bajo;Operación normal;Monitoreo rutinario
297;308;1765;31;191;10;54891;5940;0;1;737;0;0,0320854927464666;0,11201586996787766;1,8616800415687769;1,2784125785333371;0,2771821225072303;Potencia;Bajo;Operación normal;Monitoreo rutinario
298;307;1618;35;31;9;56953;1091;1;0;738;0;0,01097285139598896;0,11201586996787766;1,840596765542278;1,243013174148468;0,14831111679057707;Potencia;Bajo;Operación normal;Monitoreo rutinario
297;308;1378;41;97;11;57738;4064;0;1;739;0;0,024778661807338478;0,11201586996787766;1,8616800415687769;1,2784125785333371;0,2771821225072303;Potencia;Bajo;Operación normal;Monitoreo rutinario
297;308;1398;41;215;10;58576;9008;0;1;740;0;0,3583428207365481;0,11201586996787766;1,8616800415687769;1,2784125785333371;0,2771821225072303;Potencia;Medio;Mantenimiento preventivo programado;Revisar Potencia
301;310;1309;43;68;8;56679;2944;0;1;741;1;0,6479707445515969;0,11201586996787766;1,8616800415687769;1,2784125785333371;0,2771821225072303;Potencia;Alto;Intervención inmediata;Acción crítica inmediata sobre Potencia
303;311;1573;34;134;8;53482;4556;0;1;742;0;0,043747792542368616;0,11201586996787766;1,8616800415687769;1,2784125785333371;0,2771821225072303;Potencia;Bajo;Operación normal;Monitoreo rutinario
299;309;1508;35;70;9;52780;2450;0;0;743;0;0,012900296718206057;0,11201586996787766;1,8616800415687769;1,2784125785333371;0,2771821225072303;Potencia;Bajo;Operación normal;Monitoreo rutinario
301;312;1595;31;134;11;50880;4274;1;0;744;0;0,006376231926259982;0,11201586996787766;1,840596765542278;1,243013174148468;0,14831111679057707;Potencia;Bajo;Operación normal;Monitoreo rutinario
299;309;1420;41;155;9;59072;6448;0;1;745;0;0,015923458040644316;0,11201586996787766;1,8616800415687769;1,2784125785333371;0,2771821225072303;Potencia;Bajo;Operación normal;Monitoreo rutinario
302;311;1420;45;192;9;65035;8793;1;0;746;0;0,06639249507423144;0,11201586996787766;1,840596765542278;1,243013174148468;0,14831111679057707;Potencia;Bajo;Operación normal;Monitoreo rutinario
297;309;1617;36;42;11;58535;1520;1;0;747;0;0,008868210667185997;0,11201586996787766;1,840596765542278;1,243013174148468;0,14831111679057707;Potencia;Bajo;Operación normal;Monitoreo rutinario
303;313;1475;41;11;9;60475;451;0;1;748;0;0,013260414541385998;0,11201586996787766;1,8616800415687769;1,2784125785333371;0,2771821225072303;Potencia;Bajo;Operación normal;Monitoreo rutinario
300;309;1421;42;61;9;60392;2592;1;0;749;0;0,015502543536355579;0,11201586996787766;1,840596765542278;1,243013174148468;0,14831111679057707;Potencia;Bajo;Operación normal;Monitoreo rutinario
299;309;1534;37;39;9;57525;1462;0;0;750;0;0,012900296718206057;0,11201586996787766;1,8616800415687769;1,2784125785333371;0,2771821225072303;Potencia;Bajo;Operación normal;Monitoreo rutinario
300;310;1427;44;141;9;62930;6218;1;0;751;0;0,021535203224879357;0,11201586996787766;1,840596765542278;1,243013174148468;0,14831111679057707;Potencia;Bajo;Operación normal;Monitoreo rutinario
302;310;1462;43;0;8;63743;0;1;0;752;0;0,044805631160489065;-0,0010416336151943912;3,125048442483204;-0,33484602661259355;0,09092295302134024;Potencia;Bajo;Operación normal;Monitoreo rutinario
299;310;1443;45;97;11;65945;4432;1;0;753;0;0,024194621960168486;0,11201586996787766;1,840596765542278;1,243013174148468;0,14831111679057707;Potencia;Bajo;Operación normal;Monitoreo rutinario
299;308;1397;52;112;9;73202;5868;0;1;754;0;0,060580493166795014;0,11201586996787766;1,8616800415687769;1,2784125785333371;0,2771821225072303;Potencia;Bajo;Operación normal;Monitoreo rutinario
299;309;1651;30;92;9;50850;2833;0;1;755;0;0,014668432243640419;0,11201586996787766;1,8616800415687769;1,2784125785333371;0,2771821225072303;Potencia;Bajo;Operación normal;Monitoreo rutinario
300;309;1760;25;55;9;44704;1397;1;0;756;0;0,018760000937991576;0,11201586996787766;1,840596765542278;1,243013174148468;0,14831111679057707;Potencia;Bajo;Operación normal;Monitoreo rutinario
302;311;1330;58;201;8;77938;11778;0;1;757;1;0,8235418496792611;0,11201586996787766;1,8616800415687769;1,2784125785333371;0,2771821225072303;Potencia;Alto;Intervención inmediata;Acción crítica inmediata sobre Potencia
300;311;1570;35;138;11;55420;4871;0;1;758;0;0,00973628744859373;0,11201586996787766;1,8616800415687769;1,2784125785333371;0,2771821225072303;Potencia;Bajo;Operación normal;Monitoreo rutinario
299;310;1459;46;84;11;68135;3922;1;0;759;0;0,02411330127182877;0,11201586996787766;1,840596765542278;1,243013174148468;0,14831111679057707;Potencia;Bajo;Operación normal;Monitoreo rutinario
299;310;1426;45;213;11;65168;9734;1;0;760;1;0,7662402886194345;0,11201586996787766;1,840596765542278;1,243013174148468;0,14831111679057707;Potencia;Alto;Intervención inmediata;Acción crítica inmediata sobre Potencia
299;310;1820;26;175;10;48412;4655;0;1;761;0;0,03014274759168262;0,11201586996787766;1,8616800415687769;1,2784125785333371;0,2771821225072303;Potencia;Bajo;Operación normal;Monitoreo rutinario
300;312;1596;30;191;11;48518;5806;0;1;762;0;0,01682746584814634;0,11201586996787766;1,8616800415687769;1,2784125785333371;0,2771821225072303;Potencia;Bajo;Operación normal;Monitoreo rutinario
296;308;1450;40;195;11;59305;7975;1;0;763;0;0,037065668453145614;0,11201586996787766;1,840596765542278;1,243013174148468;0,14831111679057707;Potencia;Bajo;Operación normal;Monitoreo rutinario
300;312;1354;46;138;11;63502;6472;0;0;764;0;0,013924423487666104;0,11201586996787766;1,8616800415687769;1,2784125785333371;0,2771821225072303;Potencia;Bajo;Operación normal;Monitoreo rutinario
299;309;1462;51;119;9;74562;6069;0;0;765;0;0,02078559587711106;0,11201586996787766;1,8616800415687769;1,2784125785333371;0,2771821225072303;Potencia;Bajo;Operación normal;Monitoreo rutinario
297;309;1338;49;56;11;66364;2777;0;1;766;0;0,03749762154339796;0,11201586996787766;1,8616800415687769;1,2784125785333371;0,2771821225072303;Potencia;Bajo;Operación normal;Monitoreo rutinario
297;308;1734;30;177;10;53233;5433;1;0;767;0;0,010858229621570245;0,11201586996787766;1,840596765542278;1,243013174148468;0,14831111679057707;Potencia;Bajo;Operación normal;Monitoreo rutinario
297;309;1351;49;181;12;66199;8869;1;0;768;0;0,07021303182603017;0,11201586996787766;1,840596765542278;1,243013174148468;0,14831111679057707;Potencia;Bajo;Operación normal;Monitoreo rutinario
298;309;1420;44;197;11;62622;8687;1;0;769;0;0,06700131108091746;0,11201586996787766;1,840596765542278;1,243013174148468;0,14831111679057707;Potencia;Bajo;Operación normal;Monitoreo rutinario
296;307;1368;49;10;11;67716;495;0;1;770;0;0,04787407551762055;0,11201586996787766;1,8616800415687769;1,2784125785333371;0,2771821225072303;Potencia;Bajo;Operación normal;Monitoreo rutinario
300;309;1450;40;100;9;58145;4010;1;0;771;0;0,012411943863171952;0,11201586996787766;1,840596765542278;1,243013174148468;0,14831111679057707;Potencia;Bajo;Operación normal;Monitoreo rutinario
298;307;1427;45;95;9;64357;4284;0;1;772;0;0,014477159597934882;0,11201586996787766;1,8616800415687769;1,2784125785333371;0,2771821225072303;Potencia;Bajo;Operación normal;Monitoreo rutinario
299;309;1560;38;180;9;60684;7002;1;0;773;0;0,03773435112839443;0,11201586996787766;1,840596765542278;1,243013174148468;0,14831111679057707;Potencia;Bajo;Operación normal;Monitoreo rutinario
298;309;1904;20;140;10;38651;2842;1;0;774;0;0,015166475249295753;0,11201586996787766;1,840596765542278;1,243013174148468;0,14831111679057707;Potencia;Bajo;Operación normal;Monitoreo rutinario
300;310;1412;52;142;10;73988;7440;1;0;775;0;0,04981360181704342;0,11201586996787766;1,840596765542278;1,243013174148468;0,14831111679057707;Potencia;Bajo;Operación normal;Monitoreo rutinario
302;310;1378;54;165;7;74825;8959;0;1;776;1;0,95736220401381;0,11201586996787766;1,8616800415687769;1,2784125785333371;0,2771821225072303;Potencia;Alto;Intervención inmediata;Acción crítica inmediata sobre Potencia
297;307;1396;42;23;10;59330;977;1;0;777;0;0,020247790602753803;0,11201586996787766;1,840596765542278;1,243013174148468;0,14831111679057707;Potencia;Bajo;Operación normal;Monitoreo rutinario
301;309;1549;38;81;8;59636;3118;1;0;778;0;0,015716820207090205;0,11201586996787766;1,840596765542278;1,243013174148468;0,14831111679057707;Potencia;Bajo;Operación normal;Monitoreo rutinario
300;310;2633;12;17;10;32122;207;1;0;779;1;0,9567114142029931;0,11201586996787766;1,840596765542278;1,243013174148468;0,14831111679057707;Potencia;Alto;Intervención inmediata;Acción crítica inmediata sobre Potencia
302;312;1398;43;171;9;60533;7404;1;0;780;0;0,017249491031829073;0,11201586996787766;1,840596765542278;1,243013174148468;0,14831111679057707;Potencia;Bajo;Operación normal;Monitoreo rutinario
299;310;1440;42;30;10;61631;1284;0;1;781;0;0,019365859471234762;0,11201586996787766;1,8616800415687769;1,2784125785333371;0,2771821225072303;Potencia;Bajo;Operación normal;Monitoreo rutinario
297;308;1396;52;212;10;73569;11172;1;0;782;1;0,9695550851444488;0,11201586996787766;1,840596765542278;1,243013174148468;0,14831111679057707;Potencia;Alto;Intervención inmediata;Acción crítica inmediata sobre Potencia
300;309;1390;48;194;9;67276;9389;1;0;783;0;0,13619517273097767;0,11201586996787766;1,840596765542278;1,243013174148468;0,14831111679057707;Potencia;Bajo;Operación normal;Monitoreo rutinario
297;308;1896;24;47;10;46262;1146;1;0;784;0;0,012883641723484359;0,11201586996787766;1,840596765542278;1,243013174148468;0,14831111679057707;Potencia;Bajo;Operación normal;Monitoreo rutinario
302;310;1470;41;205;7;60417;8425;1;0;785;0;0,12736708354645854;0,11201586996787766;1,840596765542278;1,243013174148468;0,14831111679057707;Potencia;Bajo;Operación normal;Monitoreo rutinario
301;310;1527;41;53;9;62759;2178;0;1;786;0;0,019764401007862573;0,11201586996787766;1,8616800415687769;1,2784125785333371;0,2771821225072303;Potencia;Bajo;Operación normal;Monitoreo rutinario
298;309;1836;22;18;10;41860;410;0;1;787;0;0,014403735865663432;0,11201586996787766;1,8616800415687769;1,2784125785333371;0,2771821225072303;Potencia;Bajo;Operación normal;Monitoreo rutinario
302;310;1542;39;184;7;61525;7341;0;1;788;0;0,03395639046037566;0,11201586996787766;1,8616800415687769;1,2784125785333371;0,2771821225072303;Potencia;Bajo;Operación normal;Monitoreo rutinario
300;311;1748;28;184;11;49818;5244;0;1;789;0;0,04342110219003487;0,11201586996787766;1,8616800415687769;1,2784125785333371;0,2771821225072303;Potencia;Bajo;Operación normal;Monitoreo rutinario
298;308;1379;48;181;10;66192;8688;0;1;790;0;0,08729591837342005;0,11201586996787766;1,8616800415687769;1,2784125785333371;0,2771821225072303;Potencia;Bajo;Operación normal;Monitoreo rutinario
301;310;1521;41;99;9;62361;4059;1;0;791;0;0,020805018291347798;0,11201586996787766;1,840596765542278;1,243013174148468;0,14831111679057707;Potencia;Bajo;Operación normal;Monitoreo rutinario
296;307;1671;28;108;11;48124;3110;1;0;792;0;0,017263912983599104;0,11201586996787766;1,840596765542278;1,243013174148468;0,14831111679057707;Potencia;Bajo;Operación normal;Monitoreo rutinario
303;311;1359;44;115;8;60067;5083;1;0;793;1;0,9019462001133635;0,11201586996787766;1,840596765542278;1,243013174148468;0,14831111679057707;Potencia;Alto;Intervención inmediata;Acción crítica inmediata sobre Potencia
296;307;1403;52;94;11;74078;4963;0;0;794;0;0,04319128370694795;0,11201586996787766;1,8616800415687769;1,2784125785333371;0,2771821225072303;Potencia;Bajo;Operación normal;Monitoreo rutinario
300;310;1606;33;135;10;53801;4522;1;0;795;0;0,016476416573528833;0,11201586996787766;1,840596765542278;1,243013174148468;0,14831111679057707;Potencia;Bajo;Operación normal;Monitoreo rutinario
298;310;1803;25;209;11;45796;5308;1;0;796;1;0,6540778596721304;0,11201586996787766;1,840596765542278;1,243013174148468;0,14831111679057707;Potencia;Alto;Intervención inmediata;Acción crítica inmediata sobre Potencia
298;307;1617;31;173;9;51097;5466;0;1;797;0;0,013870458953215321;0,11201586996787766;1,8616800415687769;1,2784125785333371;0,2771821225072303;Potencia;Bajo;Operación normal;Monitoreo rutinario
300;311;1506;40;98;11;61294;3988;0;1;798;0;0,00973628744859373;0,11201586996787766;1,8616800415687769;1,2784125785333371;0,2771821225072303;Potencia;Bajo;Operación normal;Monitoreo rutinario
298;309;1376;57;198;11;78432;11286;0;1;799;0;0,372157083048672;0,11201586996787766;1,8616800415687769;1,2784125785333371;0,2771821225072303;Potencia;Medio;Mantenimiento preventivo programado;Revisar Potencia
298;309;1379;50;106;10;69915;5374;0;0;800;0;0,040456352475555055;0,11201586996787766;1,8616800415687769;1,2784125785333371;0,2771821225072303;Potencia;Bajo;Operación normal;Monitoreo rutinario
302;310;1379;48;107;7;67433;5232;0;1;801;1;0,9701342148607026;0,11201586996787766;1,8616800415687769;1,2784125785333371;0,2771821225072303;Potencia;Alto;Intervención inmediata;Acción crítica inmediata sobre Potencia
301;309;1501;36;156;8;54186;5631;1;0;802;0;0,0176876599076674;0,11201586996787766;1,840596765542278;1,243013174148468;0,14831111679057707;Potencia;Bajo;Operación normal;Monitoreo rutinario
301;310;1532;39;92;9;60973;3661;1;0;803;0;0,020805018291347798;0,11201586996787766;1,840596765542278;1,243013174148468;0,14831111679057707;Potencia;Bajo;Operación normal;Monitoreo rutinario
299;310;1633;34;151;11;55848;5164;0;1;804;0;0,020584912936679273;0,11201586996787766;1,8616800415687769;1,2784125785333371;0,2771821225072303;Potencia;Bajo;Operación normal;Monitoreo rutinario
300;311;1989;22;121;11;44354;2698;1;0;805;0;0,021545281548419642;0,11201586996787766;1,840596765542278;1,243013174148468;0,14831111679057707;Potencia;Bajo;Operación normal;Monitoreo rutinario
297;309;1636;29;32;11;48589;950;0;1;806;0;0,01131683926563267;0,11201586996787766;1,8616800415687769;1,2784125785333371;0,2771821225072303;Potencia;Bajo;Operación normal;Monitoreo rutinario
303;312;1789;24;163;8;43651;3977;1;0;807;0;0,02204603749070259;0,11201586996787766;1,840596765542278;1,243013174148468;0,14831111679057707;Potencia;Bajo;Operación normal;Monitoreo rutinario
302;310;1400;53;175;7;75180;9397;1;0;808;1;0,5818097243663972;0,11201586996787766;1,840596765542278;1,243013174148468;0,14831111679057707;Potencia;Medio;Mantenimiento preventivo programado;Revisar Potencia
297;307;1595;31;170;10;50561;5389;1;0;809;0;0,01103930101044066;0,11201586996787766;1,840596765542278;1,243013174148468;0,14831111679057707;Potencia;Bajo;Operación normal;Monitoreo rutinario
300;309;1685;32;167;9;54425;5394;0;1;810;0;0,013270657421368088;0,11201586996787766;1,8616800415687769;1,2784125785333371;0,2771821225072303;Potencia;Bajo;Operación normal;Monitoreo rutinario
302;310;1567;36;114;8;57038;4149;0;1;811;0;0,04261680706628671;0,11201586996787766;1,8616800415687769;1,2784125785333371;0,2771821225072303;Potencia;Bajo;Operación normal;Monitoreo rutinario
302;311;1510;38;141;9;58437;5456;1;0;812;0;0,015510798720907992;0,11201586996787766;1,840596765542278;1,243013174148468;0,14831111679057707;Potencia;Bajo;Operación normal;Monitoreo rutinario
299;309;1489;41;56;9;62091;2335;0;1;813;0;0,012900296718206057;0,11201586996787766;1,8616800415687769;1,2784125785333371;0,2771821225072303;Potencia;Bajo;Operación normal;Monitoreo rutinario
299;309;1586;36;215;10;58047;7869;1;0;814;1;0,5711302778180989;0,11201586996787766;1,840596765542278;1,243013174148468;0,14831111679057707;Potencia;Medio;Mantenimiento preventivo programado;Revisar Potencia
300;310;1429;43;54;10;62590;2365;0;1;815;0;0,01952950190819405;0,11201586996787766;1,8616800415687769;1,2784125785333371;0,2771821225072303;Potencia;Bajo;Operación normal;Monitoreo rutinario
298;309;1741;28;21;10;48748;588;0;1;816;0;0,014403735865663432;0,11201586996787766;1,8616800415687769;1,2784125785333371;0,2771821225072303;Potencia;Bajo;Operación normal;Monitoreo rutinario
302;310;1392;60;10;8;84216;605;0;1;817;1;0,7770994010053409;0,11201586996787766;1,8616800415687769;1,2784125785333371;0,2771821225072303;Potencia;Alto;Intervención inmediata;Acción crítica inmediata sobre Potencia
303;312;1622;35;107;9;56932;3755;0;1;818;0;0,014989699740904664;0,11201586996787766;1,8616800415687769;1,2784125785333371;0,2771821225072303;Potencia;Bajo;Operación normal;Monitoreo rutinario
301;310;1563;39;83;9;62363;3311;0;1;819;0;0,019764401007862573;0,11201586996787766;1,8616800415687769;1,2784125785333371;0,2771821225072303;Potencia;Bajo;Operación normal;Monitoreo rutinario
301;310;1436;49;108;9;71369;5367;1;0;820;0;0,05161868710371358;0,11201586996787766;1,840596765542278;1,243013174148468;0,14831111679057707;Potencia;Bajo;Operación normal;Monitoreo rutinario
298;307;1413;54;113;9;76443;6113;1;0;821;0;0,03183259158590362;0,11201586996787766;1,840596765542278;1,243013174148468;0,14831111679057707;Potencia;Bajo;Operación normal;Monitoreo rutinario
301;310;1474;38;58;9;57043;2244;0;0;822;0;0,019764401007862573;0,11201586996787766;1,8616800415687769;1,2784125785333371;0,2771821225072303;Potencia;Bajo;Operación normal;Monitoreo rutinario
299;310;1705;29;95;11;50297;2802;1;0;823;0;0,022905678071054706;0,11201586996787766;1,840596765542278;1,243013174148468;0,14831111679057707;Potencia;Bajo;Operación normal;Monitoreo rutinario
300;309;1557;33;19;9;52626;642;1;0;824;0;0,012411943863171952;0,11201586996787766;1,840596765542278;1,243013174148468;0,14831111679057707;Potencia;Bajo;Operación normal;Monitoreo rutinario
296;307;1451;42;11;11;62102;470;0;1;825;0;0,010840005498833679;0,11201586996787766;1,8616800415687769;1,2784125785333371;0,2771821225072303;Potencia;Bajo;Operación normal;Monitoreo rutinario
301;310;1638;31;137;9;52252;4370;0;1;826;0;0,019764401007862573;0,11201586996787766;1,8616800415687769;1,2784125785333371;0,2771821225072303;Potencia;Bajo;Operación normal;Monitoreo rutinario
301;311;1584;38;132;9;61459;5121;1;0;827;0;0,0105739054335558;0,11201586996787766;1,840596765542278;1,243013174148468;0,14831111679057707;Potencia;Bajo;Operación normal;Monitoreo rutinario
302;310;1355;51;126;8;69782;6489;0;1;828;1;0,9518307305408326;0,11201586996787766;1,8616800415687769;1,2784125785333371;0,2771821225072303;Potencia;Alto;Intervención inmediata;Acción crítica inmediata sobre Potencia
297;307;1443;43;137;10;63347;6014;0;1;829;0;0,010439553298716391;0,11201586996787766;1,8616800415687769;1,2784125785333371;0,2771821225072303;Potencia;Bajo;Operación normal;Monitoreo rutinario
300;311;1750;27;116;11;47775;3166;0;1;830;0;0,013849835326120316;0,11201586996787766;1,8616800415687769;1,2784125785333371;0,2771821225072303;Potencia;Bajo;Operación normal;Monitoreo rutinario
298;308;1478;50;166;10;74047;8316;1;0;831;0;0,019649578773121998;0,11201586996787766;1,840596765542278;1,243013174148468;0,14831111679057707;Potencia;Bajo;Operación normal;Monitoreo rutinario
302;311;2211;15;203;8;34049;3126;1;0;832;0;0,1026419642995143;0,11201586996787766;1,840596765542278;1,243013174148468;0,14831111679057707;Potencia;Bajo;Operación normal;Monitoreo rutinario
300;310;1486;41;71;10;61223;2925;0;1;833;0;0,015648845540619485;0,11201586996787766;1,8616800415687769;1,2784125785333371;0,2771821225072303;Potencia;Bajo;Operación normal;Monitoreo rutinario
301;310;1536;39;201;9;61286;8019;0;0;834;0;0,060039397300359475;0,11201586996787766;1,8616800415687769;1,2784125785333371;0,2771821225072303;Potencia;Bajo;Operación normal;Monitoreo rutinario
297;308;1343;40;61;11;53720;2440;1;0;835;0;0,023176716331223434;0,11201586996787766;1,840596765542278;1,243013174148468;0,14831111679057707;Potencia;Bajo;Operación normal;Monitoreo rutinario
296;307;1439;45;199;10;65474;9054;1;0;836;0;0,068946731021301;0,11201586996787766;1,840596765542278;1,243013174148468;0,14831111679057707;Potencia;Bajo;Operación normal;Monitoreo rutinario
302;311;1618;36;158;9;58248;5688;1;0;837;0;0,01745626215055832;0,11201586996787766;1,840596765542278;1,243013174148468;0,14831111679057707;Potencia;Bajo;Operación normal;Monitoreo rutinario
297;307;1602;38;21;9;61356;804;1;0;838;0;0,010178099737884578;0,11201586996787766;1,840596765542278;1,243013174148468;0,14831111679057707;Potencia;Bajo;Operación normal;Monitoreo rutinario
304;313;1569;38;11;9;60249;422;1;0;839;0;0,013322696313110541;0,11201586996787766;1,840596765542278;1,243013174148468;0,14831111679057707;Potencia;Bajo;Operación normal;Monitoreo rutinario
299;309;1691;27;203;9;46840;5623;0;0;840;0;0,1212412919639035;0,11201586996787766;1,8616800415687769;1,2784125785333371;0,2771821225072303;Potencia;Bajo;Operación normal;Monitoreo rutinario
299;309;1531;37;127;9;58024;4813;1;0;841;0;0,013584519889487069;0,11201586996787766;1,840596765542278;1,243013174148468;0,14831111679057707;Potencia;Bajo;Operación normal;Monitoreo rutinario
299;309;1523;41;181;9;63204;7511;1;0;842;0;0,03773435112839443;0,11201586996787766;1,840596765542278;1,243013174148468;0,14831111679057707;Potencia;Bajo;Operación normal;Monitoreo rutinario
299;309;1346;53;95;9;71607;5054;0;1;843;0;0,07331049682196182;0,11201586996787766;1,8616800415687769;1,2784125785333371;0,2771821225072303;Potencia;Bajo;Operación normal;Monitoreo rutinario
296;307;1419;48;142;10;68963;6901;1;0;844;0;0,02366988735666733;0,11201586996787766;1,840596765542278;1,243013174148468;0,14831111679057707;Potencia;Bajo;Operación normal;Monitoreo rutinario
299;309;1552;37;37;9;58044;1383;1;0;845;0;0,013584519889487069;0,11201586996787766;1,840596765542278;1,243013174148468;0,14831111679057707;Potencia;Bajo;Operación normal;Monitoreo rutinario
299;310;1635;34;168;11;56407;5796;0;1;846;0;0,020584912936679273;0,11201586996787766;1,8616800415687769;1,2784125785333371;0,2771821225072303;Potencia;Bajo;Operación normal;Monitoreo rutinario
302;311;1578;33;158;8;52863;5293;0;1;847;0;0,020594801059304568;0,11201586996787766;1,8616800415687769;1,2784125785333371;0,2771821225072303;Potencia;Bajo;Operación normal;Monitoreo rutinario
300;309;1507;41;74;9;62389;3063;1;0;848;0;0,012411943863171952;0,11201586996787766;1,840596765542278;1,243013174148468;0,14831111679057707;Potencia;Bajo;Operación normal;Monitoreo rutinario
299;308;1515;39;141;9;60296;5611;1;0;849;0;0,014189256900801889;0,11201586996787766;1,840596765542278;1,243013174148468;0,14831111679057707;Potencia;Bajo;Operación normal;Monitoreo rutinario
300;311;1432;43;16;11;61719;689;1;0;850;0;0,012226070888786137;0,11201586996787766;1,840596765542278;1,243013174148468;0,14831111679057707;Potencia;Bajo;Operación normal;Monitoreo rutinario
304;313;1482;43;41;9;64911;1795;0;1;851;0;0,013260414541385998;0,11201586996787766;1,8616800415687769;1,2784125785333371;0,2771821225072303;Potencia;Bajo;Operación normal;Monitoreo rutinario
297;308;1467;36;68;10;53838;2495;0;1;852;0;0,0080762398497878;0,11201586996787766;1,8616800415687769;1,2784125785333371;0,2771821225072303;Potencia;Bajo;Operación normal;Monitoreo rutinario
300;311;1309;55;71;11;72649;3940;1;0;853;0;0,056425375316706675;0,11201586996787766;1,840596765542278;1,243013174148468;0,14831111679057707;Potencia;Bajo;Operación normal;Monitoreo rutinario
301;309;1984;19;169;8;39084;3329;1;0;854;0;0,022844184290540012;0,11201586996787766;1,840596765542278;1,243013174148468;0,14831111679057707;Potencia;Bajo;Operación normal;Monitoreo rutinario
303;312;1443;40;145;9;58730;5901;1;0;855;0;0,017747598553291943;0,11201586996787766;1,840596765542278;1,243013174148468;0,14831111679057707;Potencia;Bajo;Operación normal;Monitoreo rutinario
303;312;2168;17;219;8;38373;3876;1;0;856;0;0,2057351016478779;0,11201586996787766;1,840596765542278;1,243013174148468;0,14831111679057707;Potencia;Bajo;Operación normal;Monitoreo rutinario
300;311;1518;46;87;11;71194;4080;0;0;857;0;0,012218248980282445;0,11201586996787766;1,8616800415687769;1,2784125785333371;0,2771821225072303;Potencia;Bajo;Operación normal;Monitoreo rutinario
303;313;1620;36;80;9;59292;2928;0;1;858;0;0,013260414541385998;0,11201586996787766;1,8616800415687769;1,2784125785333371;0,2771821225072303;Potencia;Bajo;Operación normal;Monitoreo rutinario
299;308;1429;37;126;9;53873;4750;1;0;859;0;0,017714473043709097;0,11201586996787766;1,840596765542278;1,243013174148468;0,14831111679057707;Potencia;Bajo;Operación normal;Monitoreo rutinario
302;311;1627;31;23;9;51738;731;1;0;860;0;0,015510798720907992;0,11201586996787766;1,840596765542278;1,243013174148468;0,14831111679057707;Potencia;Bajo;Operación normal;Monitoreo rutinario
300;309;1425;40;178;9;58139;7262;0;1;861;0;0,015621109730312091;0,11201586996787766;1,8616800415687769;1,2784125785333371;0,2771821225072303;Potencia;Bajo;Operación normal;Monitoreo rutinario
297;309;1478;49;150;11;73604;7470;1;0;862;0;0,015990466158596384;0,11201586996787766;1,840596765542278;1,243013174148468;0,14831111679057707;Potencia;Bajo;Operación normal;Monitoreo rutinario
300;310;1505;44;133;10;67574;5971;1;0;863;0;0,016476416573528833;0,11201586996787766;1,840596765542278;1,243013174148468;0,14831111679057707;Potencia;Bajo;Operación normal;Monitoreo rutinario
300;310;1288;64;3;9;82432;192;0;1;864;0;0,18005009193018712;0,11201586996787766;1,8616800415687769;1,2784125785333371;0,2771821225072303;Potencia;Bajo;Operación normal;Monitoreo rutinario
300;310;1478;40;5;9;59267;200;0;1;865;0;0,016396594964458448;0,11201586996787766;1,8616800415687769;1,2784125785333371;0,2771821225072303;Potencia;Bajo;Operación normal;Monitoreo rutinario
301;310;1496;43;54;9;64926;2343;1;0;866;0;0,020805018291347798;0,11201586996787766;1,840596765542278;1,243013174148468;0,14831111679057707;Potencia;Bajo;Operación normal;Monitoreo rutinario
300;310;1714;28;55;10;49191;1578;0;0;867;0;0,023612825285533795;0,11201586996787766;1,8616800415687769;1,2784125785333371;0,2771821225072303;Potencia;Bajo;Operación normal;Monitoreo rutinario
297;307;1618;35;92;9;58086;3302;0;0;868;0;0,009663769767199903;0,11201586996787766;1,8616800415687769;1,2784125785333371;0,2771821225072303;Potencia;Bajo;Operación normal;Monitoreo rutinario
298;309;1523;44;83;11;67925;3701;0;1;869;0;0,010174069155813575;0,11201586996787766;1,8616800415687769;1,2784125785333371;0,2771821225072303;Potencia;Bajo;Operación normal;Monitoreo rutinario
296;307;1874;21;130;11;39916;2769;0;1;870;0;0,01639744733884476;0,11201586996787766;1,8616800415687769;1,2784125785333371;0,2771821225072303;Potencia;Bajo;Operación normal;Monitoreo rutinario
303;312;1577;41;134;8;65130;5534;1;0;871;0;0,013931767884476967;0,11201586996787766;1,840596765542278;1,243013174148468;0,14831111679057707;Potencia;Bajo;Operación normal;Monitoreo rutinario
300;309;1487;39;122;9;58290;4782;0;1;872;0;0,011786075161372998;0,11201586996787766;1,8616800415687769;1,2784125785333371;0,2771821225072303;Potencia;Bajo;Operación normal;Monitoreo rutinario
298;310;1739;26;30;11;45735;789;1;0;873;0;0,022511391782677182;0,11201586996787766;1,840596765542278;1,243013174148468;0,14831111679057707;Potencia;Bajo;Operación normal;Monitoreo rutinario
296;307;1444;46;194;10;67434;9059;1;0;874;0;0,060600663896981294;0,11201586996787766;1,840596765542278;1,243013174148468;0,14831111679057707;Potencia;Bajo;Operación normal;Monitoreo rutinario
297;308;1492;43;189;11;65051;8240;1;0;875;0;0,023958364244784484;0,11201586996787766;1,840596765542278;1,243013174148468;0,14831111679057707;Potencia;Bajo;Operación normal;Monitoreo rutinario
298;309;1774;27;154;10;48785;4235;0;1;876;0;0,016212631073407827;0,11201586996787766;1,8616800415687769;1,2784125785333371;0,2771821225072303;Potencia;Bajo;Operación normal;Monitoreo rutinario
302;312;1499;35;215;9;52465;7525;1;0;877;0;0,26484513689061506;0,11201586996787766;1,840596765542278;1,243013174148468;0,14831111679057707;Potencia;Bajo;Operación normal;Monitoreo rutinario
295;306;1612;31;131;10;50294;4087;1;0;878;0;0,013288863329417026;0,11201586996787766;1,840596765542278;1,243013174148468;0,14831111679057707;Potencia;Bajo;Operación normal;Monitoreo rutinario
299;311;1554;36;62;11;56410;2250;1;0;879;0;0,009782181124403964;0,11201586996787766;1,840596765542278;1,243013174148468;0,14831111679057707;Potencia;Bajo;Operación normal;Monitoreo rutinario
300;309;1364;41;104;9;56196;4284;1;0;880;0;0,032843852344980086;0,11201586996787766;1,840596765542278;1,243013174148468;0,14831111679057707;Potencia;Bajo;Operación normal;Monitoreo rutinario
298;310;1394;42;179;11;59523;7643;1;0;881;0;0,033843512151560465;0,11201586996787766;1,840596765542278;1,243013174148468;0,14831111679057707;Potencia;Bajo;Operación normal;Monitoreo rutinario
300;311;1500;40;17;11;61199;693;1;0;882;0;0,009782181124403964;0,11201586996787766;1,840596765542278;1,243013174148468;0,14831111679057707;Potencia;Bajo;Operación normal;Monitoreo rutinario
302;311;1313;55;102;9;73134;5681;0;1;883;0;0,21064724322099107;0,11201586996787766;1,8616800415687769;1,2784125785333371;0,2771821225072303;Potencia;Bajo;Operación normal;Monitoreo rutinario
297;308;1446;41;32;11;60587;1340;1;0;884;0;0,009811708917617033;0,11201586996787766;1,840596765542278;1,243013174148468;0,14831111679057707;Potencia;Bajo;Operación normal;Monitoreo rutinario
303;312;1396;44;136;8;61563;5997;1;0;885;0;0,10627667645277313;0,11201586996787766;1,840596765542278;1,243013174148468;0,14831111679057707;Potencia;Bajo;Operación normal;Monitoreo rutinario
298;308;1354;53;207;10;72980;11157;1;0;886;1;0,9684252936639155;0,11201586996787766;1,840596765542278;1,243013174148468;0,14831111679057707;Potencia;Alto;Intervención inmediata;Acción crítica inmediata sobre Potencia
300;309;1760;30;213;9;53856;6517;1;0;887;1;0,5230229733238315;0,11201586996787766;1,840596765542278;1,243013174148468;0,14831111679057707;Potencia;Medio;Mantenimiento preventivo programado;Revisar Potencia
301;310;1550;36;159;9;57039;5851;1;0;888;0;0,023398734177512655;0,11201586996787766;1,840596765542278;1,243013174148468;0,14831111679057707;Potencia;Bajo;Operación normal;Monitoreo rutinario
302;311;1475;47;79;8;70652;3784;1;0;889;0;0,031189209680807548;0,11201586996787766;1,840596765542278;1,243013174148468;0,14831111679057707;Potencia;Bajo;Operación normal;Monitoreo rutinario
299;310;1594;35;54;10;55949;1895;1;0;890;0;0,018025961236882628;0,11201586996787766;1,840596765542278;1,243013174148468;0,14831111679057707;Potencia;Bajo;Operación normal;Monitoreo rutinario
300;312;1477;37;164;11;55092;6117;1;0;891;0;0,005159828283591466;0,11201586996787766;1,840596765542278;1,243013174148468;0,14831111679057707;Potencia;Bajo;Operación normal;Monitoreo rutinario
303;312;1474;38;139;8;57191;5393;0;1;892;0;0,013866678803053853;0,11201586996787766;1,8616800415687769;1,2784125785333371;0,2771821225072303;Potencia;Bajo;Operación normal;Monitoreo rutinario
301;311;1521;36;130;9;55820;4771;1;0;893;0;0,0105739054335558;0,11201586996787766;1,840596765542278;1,243013174148468;0,14831111679057707;Potencia;Bajo;Operación normal;Monitoreo rutinario
300;310;1440;52;200;10;75600;10500;1;0;894;0;0,16841809583373568;0,11201586996787766;1,840596765542278;1,243013174148468;0,14831111679057707;Potencia;Bajo;Operación normal;Monitoreo rutinario
303;311;1564;41;137;8;65531;5740;1;0;895;0;0,04394689053500179;0,11201586996787766;1,840596765542278;1,243013174148468;0,14831111679057707;Potencia;Bajo;Operación normal;Monitoreo rutinario
297;308;1366;50;74;11;68846;3729;1;0;896;0;0,041675331681320704;0,11201586996787766;1,840596765542278;1,243013174148468;0,14831111679057707;Potencia;Bajo;Operación normal;Monitoreo rutinario
300;311;1601;36;35;11;59076;1291;1;0;897;0;0,009782181124403964;0,11201586996787766;1,840596765542278;1,243013174148468;0,14831111679057707;Potencia;Bajo;Operación normal;Monitoreo rutinario
302;311;1316;47;4;9;62115;188;0;1;898;0;0,13545135041146894;0,11201586996787766;1,8616800415687769;1,2784125785333371;0,2771821225072303;Potencia;Bajo;Operación normal;Monitoreo rutinario
298;307;1417;51;137;9;72267;6987;0;1;899;0;0,0221211221992074;0,11201586996787766;1,8616800415687769;1,2784125785333371;0,2771821225072303;Potencia;Bajo;Operación normal;Monitoreo rutinario
302;310;1823;25;87;8;45757;2183;0;1;900;0;0,04732251619897318;0,11201586996787766;1,8616800415687769;1,2784125785333371;0,2771821225072303;Potencia;Bajo;Operación normal;Monitoreo rutinario
299;310;1432;50;45;11;71600;2250;0;0;901;0;0,03654337460002267;0,11201586996787766;1,8616800415687769;1,2784125785333371;0,2771821225072303;Potencia;Bajo;Operación normal;Monitoreo rutinario
298;307;1602;33;106;9;53506;3540;0;1;902;0;0,010418782968687458;0,11201586996787766;1,8616800415687769;1,2784125785333371;0,2771821225072303;Potencia;Bajo;Operación normal;Monitoreo rutinario
297;307;1609;38;166;10;62590;6457;0;1;903;0;0,00953472935990947;0,11201586996787766;1,8616800415687769;1,2784125785333371;0,2771821225072303;Potencia;Bajo;Operación normal;Monitoreo rutinario
301;311;1440;43;131;10;62351;5672;1;0;904;0;0,014335456435891836;0,11201586996787766;1,840596765542278;1,243013174148468;0,14831111679057707;Potencia;Bajo;Operación normal;Monitoreo rutinario
303;313;1789;23;215;9;42041;5052;0;1;905;0;0,43877879526406477;0,11201586996787766;1,8616800415687769;1,2784125785333371;0,2771821225072303;Potencia;Medio;Mantenimiento preventivo programado;Revisar Potencia
301;310;1436;44;76;9;63471;3359;1;0;906;0;0,03242374393429829;0,11201586996787766;1,840596765542278;1,243013174148468;0,14831111679057707;Potencia;Bajo;Operación normal;Monitoreo rutinario
302;310;1445;40;162;8;58233;6528;1;0;907;0;0,055496897281895635;0,11201586996787766;1,840596765542278;1,243013174148468;0,14831111679057707;Potencia;Bajo;Operación normal;Monitoreo rutinario
298;308;1408;40;9;10;56320;360;1;0;908;0;0,019083164181843578;0,11201586996787766;1,840596765542278;1,243013174148468;0,14831111679057707;Potencia;Bajo;Operación normal;Monitoreo rutinario
300;310;1369;50;12;9;69408;608;0;0;909;0;0,068172423367164;0,11201586996787766;1,8616800415687769;1,2784125785333371;0,2771821225072303;Potencia;Bajo;Operación normal;Monitoreo rutinario
300;310;1415;44;87;10;62967;3871;0;1;910;0;0,020597011312942084;0,11201586996787766;1,8616800415687769;1,2784125785333371;0,2771821225072303;Potencia;Bajo;Operación normal;Monitoreo rutinario
299;310;1416;41;185;11;58339;7622;1;0;911;0;0,06550141596821629;0,11201586996787766;1,840596765542278;1,243013174148468;0,14831111679057707;Potencia;Bajo;Operación normal;Monitoreo rutinario
302;311;1526;37;171;8;57530;6446;0;1;912;0;0,020594801059304568;0,11201586996787766;1,8616800415687769;1,2784125785333371;0,2771821225072303;Potencia;Bajo;Operación normal;Monitoreo rutinario
300;310;1569;43;17;10;68251;739;1;0;913;0;0,016476416573528833;0,11201586996787766;1,840596765542278;1,243013174148468;0,14831111679057707;Potencia;Bajo;Operación normal;Monitoreo rutinario
299;309;1376;46;49;9;64259;2288;0;1;914;0;0,04438381882487578;0,11201586996787766;1,8616800415687769;1,2784125785333371;0,2771821225072303;Potencia;Bajo;Operación normal;Monitoreo rutinario
299;310;1698;28;103;10;48053;2914;1;0;915;0;0,027166310928404446;0,11201586996787766;1,840596765542278;1,243013174148468;0,14831111679057707;Potencia;Bajo;Operación normal;Monitoreo rutinario
298;308;1598;32;94;9;52254;3073;1;0;916;0;0,01097285139598896;0,11201586996787766;1,840596765542278;1,243013174148468;0,14831111679057707;Potencia;Bajo;Operación normal;Monitoreo rutinario
300;309;1679;30;136;9;50537;4093;1;0;917;0;0,01411410202255867;0,11201586996787766;1,840596765542278;1,243013174148468;0,14831111679057707;Potencia;Bajo;Operación normal;Monitoreo rutinario
298;309;1461;39;141;11;57563;5555;1;0;918;0;0,010715264674832047;0,11201586996787766;1,840596765542278;1,243013174148468;0,14831111679057707;Potencia;Bajo;Operación normal;Monitoreo rutinario
301;310;1368;63;92;9;87141;5860;0;1;919;1;0,9780555408945718;0,11201586996787766;1,8616800415687769;1,2784125785333371;0,2771821225072303;Potencia;Alto;Intervención inmediata;Acción crítica inmediata sobre Potencia
298;308;1348;58;202;10;79262;11877;1;0;920;1;0,9694578719391965;0,11201586996787766;1,840596765542278;1,243013174148468;0,14831111679057707;Potencia;Alto;Intervención inmediata;Acción crítica inmediata sobre Potencia
300;309;1771;27;104;9;47994;2818;1;0;921;0;0,018760000937991576;0,11201586996787766;1,840596765542278;1,243013174148468;0,14831111679057707;Potencia;Bajo;Operación normal;Monitoreo rutinario
297;307;1683;32;197;10;54360;6363;1;0;922;0;0,03654660728371508;0,11201586996787766;1,840596765542278;1,243013174148468;0,14831111679057707;Potencia;Bajo;Operación normal;Monitoreo rutinario
299;309;1382;61;140;9;84302;8540;1;0;923;0;0,3493993744321411;0,11201586996787766;1,840596765542278;1,243013174148468;0,14831111679057707;Potencia;Medio;Mantenimiento preventivo programado;Revisar Potencia
302;312;1447;47;166;9;68732;7885;1;0;924;0;0,010735090153265613;0,11201586996787766;1,840596765542278;1,243013174148468;0,14831111679057707;Potencia;Bajo;Operación normal;Monitoreo rutinario
298;310;1444;48;39;11;69456;1875;0;1;925;0;0,025771238952553815;0,11201586996787766;1,8616800415687769;1,2784125785333371;0,2771821225072303;Potencia;Bajo;Operación normal;Monitoreo rutinario
300;310;1478;36;95;9;53651;3448;0;1;926;0;0,016396594964458448;0,11201586996787766;1,8616800415687769;1,2784125785333371;0,2771821225072303;Potencia;Bajo;Operación normal;Monitoreo rutinario
299;309;1461;48;70;9;71004;3402;0;1;927;0;0,02078559587711106;0,11201586996787766;1,8616800415687769;1,2784125785333371;0,2771821225072303;Potencia;Bajo;Operación normal;Monitoreo rutinario
299;309;1325;62;47;10;82150;2914;1;0;928;0;0,1642312516579989;0,11201586996787766;1,840596765542278;1,243013174148468;0,14831111679057707;Potencia;Bajo;Operación normal;Monitoreo rutinario
300;310;1628;30;27;10;49328;818;0;1;929;0;0,023612825285533795;0,11201586996787766;1,8616800415687769;1,2784125785333371;0,2771821225072303;Potencia;Bajo;Operación normal;Monitoreo rutinario
301;311;1448;46;14;9;67042;648;1;0;930;0;0,013861144971727338;0,11201586996787766;1,840596765542278;1,243013174148468;0,14831111679057707;Potencia;Bajo;Operación normal;Monitoreo rutinario
303;311;1295;51;51;8;66433;2616;1;0;931;1;0,9647583487938015;0,11201586996787766;1,840596765542278;1,243013174148468;0,14831111679057707;Potencia;Alto;Intervención inmediata;Acción crítica inmediata sobre Potencia
300;310;1533;38;117;10;59020;4504;1;0;932;0;0,016476416573528833;0,11201586996787766;1,840596765542278;1,243013174148468;0,14831111679057707;Potencia;Bajo;Operación normal;Monitoreo rutinario
300;310;1544;36;148;9;55584;5328;1;0;933;0;0,019423917979286876;0,11201586996787766;1,840596765542278;1,243013174148468;0,14831111679057707;Potencia;Bajo;Operación normal;Monitoreo rutinario
300;309;1417;41;129;9;58238;5301;1;0;934;0;0,016353605306033234;0,11201586996787766;1,840596765542278;1,243013174148468;0,14831111679057707;Potencia;Bajo;Operación normal;Monitoreo rutinario
298;308;1354;60;32;10;82458;1948;1;0;935;0;0,1366700497191636;0,11201586996787766;1,840596765542278;1,243013174148468;0,14831111679057707;Potencia;Bajo;Operación normal;Monitoreo rutinario
300;309;1622;36;43;9;58554;1552;0;1;936;0;0,011786075161372998;0,11201586996787766;1,8616800415687769;1,2784125785333371;0,2771821225072303;Potencia;Bajo;Operación normal;Monitoreo rutinario
298;309;1585;37;118;11;59279;4413;1;0;937;0;0,010715264674832047;0,11201586996787766;1,840596765542278;1,243013174148468;0,14831111679057707;Potencia;Bajo;Operación normal;Monitoreo rutinario
299;308;1437;48;67;9;69119;3222;1;0;938;0;0,0284575992748213;0,11201586996787766;1,840596765542278;1,243013174148468;0,14831111679057707;Potencia;Bajo;Operación normal;Monitoreo rutinario
298;307;1487;41;160;9;61413;6608;0;1;939;0;0,010773771929076179;0,11201586996787766;1,8616800415687769;1,2784125785333371;0,2771821225072303;Potencia;Bajo;Operación normal;Monitoreo rutinario
303;312;1616;29;226;8;47348;6621;1;0;940;0;0,10765761774143891;0,11201586996787766;1,840596765542278;1,243013174148468;0,14831111679057707;Potencia;Bajo;Operación normal;Monitoreo rutinario
297;308;1353;57;88;10;77797;5060;1;0;941;0;0,09169105043020166;0,11201586996787766;1,840596765542278;1,243013174148468;0,14831111679057707;Potencia;Bajo;Operación normal;Monitoreo rutinario
299;309;1600;35;52;9;56479;1835;0;1;942;0;0,012900296718206057;0,11201586996787766;1,8616800415687769;1,2784125785333371;0,2771821225072303;Potencia;Bajo;Operación normal;Monitoreo rutinario
303;312;1526;30;37;9;47000;1139;0;1;943;0;0,015695453485726745;0,11201586996787766;1,8616800415687769;1,2784125785333371;0,2771821225072303;Potencia;Bajo;Operación normal;Monitoreo rutinario
301;309;1457;39;192;8;57114;7526;0;1;944;0;0,030010301102234137;0,11201586996787766;1,8616800415687769;1,2784125785333371;0,2771821225072303;Potencia;Bajo;Operación normal;Monitoreo rutinario
302;312;1504;40;204;9;60611;8221;1;0;945;0;0,05455635970039788;0,11201586996787766;1,840596765542278;1,243013174148468;0,14831111679057707;Potencia;Bajo;Operación normal;Monitoreo rutinario
300;309;1549;38;150;9;60256;5835;1;0;946;0;0,013858443303563991;0,11201586996787766;1,840596765542278;1,243013174148468;0,14831111679057707;Potencia;Bajo;Operación normal;Monitoreo rutinario
300;312;1470;38;56;11;56742;2161;1;0;947;0;0,005468587032726726;0,11201586996787766;1,840596765542278;1,243013174148468;0,14831111679057707;Potencia;Bajo;Operación normal;Monitoreo rutinario
302;310;1608;33;97;8;53224;3210;0;1;948;0;0,04261680706628671;0,11201586996787766;1,8616800415687769;1,2784125785333371;0,2771821225072303;Potencia;Bajo;Operación normal;Monitoreo rutinario
298;310;1809;28;20;11;52280;578;1;0;949;0;0,01491322234025399;0,11201586996787766;1,840596765542278;1,243013174148468;0,14831111679057707;Potencia;Bajo;Operación normal;Monitoreo rutinario
299;310;1585;31;149;11;49769;4678;0;0;950;0;0,029147058420566665;0,11201586996787766;1,8616800415687769;1,2784125785333371;0,2771821225072303;Potencia;Bajo;Operación normal;Monitoreo rutinario
298;310;1676;32;18;11;54805;588;1;0;951;0;0,01491322234025399;0,11201586996787766;1,840596765542278;1,243013174148468;0,14831111679057707;Potencia;Bajo;Operación normal;Monitoreo rutinario
298;309;1692;29;137;10;50421;4082;1;0;952;0;0,011400170674132874;0,11201586996787766;1,840596765542278;1,243013174148468;0,14831111679057707;Potencia;Bajo;Operación normal;Monitoreo rutinario
301;310;1927;22;149;9;43164;3337;1;0;953;0;0,031992728436930976;0,11201586996787766;1,840596765542278;1,243013174148468;0,14831111679057707;Potencia;Bajo;Operación normal;Monitoreo rutinario
302;312;1417;48;26;9;69007;1266;0;0;954;0;0,021383604149135593;0,11201586996787766;1,8616800415687769;1,2784125785333371;0,2771821225072303;Potencia;Bajo;Operación normal;Monitoreo rutinario
299;310;1472;43;32;11;63737;1385;1;0;955;0;0,019262149980703996;0,11201586996787766;1,840596765542278;1,243013174148468;0,14831111679057707;Potencia;Bajo;Operación normal;Monitoreo rutinario
301;311;1822;26;204;9;47736;5344;1;0;956;0;0,14930555448641103;0,11201586996787766;1,840596765542278;1,243013174148468;0,14831111679057707;Potencia;Bajo;Operación normal;Monitoreo rutinario
298;308;1654;32;25;10;53093;802;1;0;957;0;0,010469813262662568;0,11201586996787766;1,840596765542278;1,243013174148468;0,14831111679057707;Potencia;Bajo;Operación normal;Monitoreo rutinario
300;311;1353;60;139;10;81721;8395;1;0;958;0;0,11621665898767204;0,11201586996787766;1,840596765542278;1,243013174148468;0,14831111679057707;Potencia;Bajo;Operación normal;Monitoreo rutinario
300;309;1432;44;84;8;63294;3712;0;1;959;0;0,027826344987083026;0,11201586996787766;1,8616800415687769;1,2784125785333371;0,2771821225072303;Potencia;Bajo;Operación normal;Monitoreo rutinario
298;309;1601;35;43;10;57315;1539;1;0;960;0;0,010021984994337126;0,11201586996787766;1,840596765542278;1,243013174148468;0,14831111679057707;Potencia;Bajo;Operación normal;Monitoreo rutinario
301;310;1431;37;137;9;53662;5137;1;0;961;0;0,03242374393429829;0,11201586996787766;1,840596765542278;1,243013174148468;0,14831111679057707;Potencia;Bajo;Operación normal;Monitoreo rutinario
300;310;1492;52;2;9;78031;104;1;0;962;0;0,03786308361379173;0,11201586996787766;1,855819427667819;1,4399594184680318;0,14831111679057707;Potencia;Bajo;Operación normal;Monitoreo rutinario
302;310;1275;55;25;8;70125;1375;0;0;963;1;0,9402508004059222;0,11201586996787766;1,8616800415687769;1,2784125785333371;0,2771821225072303;Potencia;Alto;Intervención inmediata;Acción crítica inmediata sobre Potencia
302;311;1926;21;58;8;41986;1264;0;1;964;0;0,01916493009010395;0,11201586996787766;1,8616800415687769;1,2784125785333371;0,2771821225072303;Potencia;Bajo;Operación normal;Monitoreo rutinario
297;308;1473;46;167;11;68052;7715;1;0;965;0;0,013747747351750406;0,11201586996787766;1,840596765542278;1,243013174148468;0,14831111679057707;Potencia;Bajo;Operación normal;Monitoreo rutinario
297;308;1502;43;169;10;65487;7368;0;0;966;0;0,009414858962041424;0,11201586996787766;1,8616800415687769;1,2784125785333371;0,2771821225072303;Potencia;Bajo;Operación normal;Monitoreo rutinario
301;310;1317;50;75;9;67035;3817;1;0;967;0;0,10930177373694418;0,11201586996787766;1,840596765542278;1,243013174148468;0,14831111679057707;Potencia;Bajo;Operación normal;Monitoreo rutinario
303;311;1452;52;11;8;76810;581;1;0;968;0;0,12235724607895536;0,11201586996787766;1,840596765542278;1,243013174148468;0,14831111679057707;Potencia;Bajo;Operación normal;Monitoreo rutinario
298;309;1337;56;206;11;75005;11556;1;0;969;1;0,9481980607620807;0,11201586996787766;1,840596765542278;1,243013174148468;0,14831111679057707;Potencia;Alto;Intervención inmediata;Acción crítica inmediata sobre Potencia
298;309;1903;22;145;10;42436;3233;1;0;970;0;0,017069500229465642;0,11201586996787766;1,840596765542278;1,243013174148468;0,14831111679057707;Potencia;Bajo;Operación normal;Monitoreo rutinario
302;311;1728;34;179;8;58752;6086;0;1;971;0;0,0225021819013965;0,11201586996787766;1,8616800415687769;1,2784125785333371;0,2771821225072303;Potencia;Bajo;Operación normal;Monitoreo rutinario
303;312;1572;37;192;9;58478;7142;1;0;972;0;0,024324985983735916;0,11201586996787766;1,840596765542278;1,243013174148468;0,14831111679057707;Potencia;Bajo;Operación normal;Monitoreo rutinario
297;308;1297;45;184;11;59532;8445;1;0;973;0;0,057530206019975355;0,11201586996787766;1,840596765542278;1,243013174148468;0,14831111679057707;Potencia;Bajo;Operación normal;Monitoreo rutinario
302;311;1444;44;97;9;64835;4355;1;0;974;0;0,028439480994002134;0,11201586996787766;1,840596765542278;1,243013174148468;0,14831111679057707;Potencia;Bajo;Operación normal;Monitoreo rutinario
297;309;1668;27;240;12;46537;6696;0;0;975;0;0,12066878521446832;0,11201586996787766;1,8616800415687769;1,2784125785333371;0,2771821225072303;Potencia;Bajo;Operación normal;Monitoreo rutinario
297;309;1354;55;46;11;75282;2557;0;0;976;0;0,04888601827016948;0,11201586996787766;1,8616800415687769;1,2784125785333371;0,2771821225072303;Potencia;Bajo;Operación normal;Monitoreo rutinario
298;309;1417;41;155;10;58380;6386;0;0;977;0;0,011754847103595775;0,11201586996787766;1,8616800415687769;1,2784125785333371;0,2771821225072303;Potencia;Bajo;Operación normal;Monitoreo rutinario
302;311;1550;32;76;8;50064;2454;1;0;978;0;0,01925440315728575;0,11201586996787766;1,840596765542278;1,243013174148468;0,14831111679057707;Potencia;Bajo;Operación normal;Monitoreo rutinario
301;310;1564;36;7;9;57555;257;1;0;979;0;0,020805018291347798;0,11201586996787766;1,840596765542278;1,243013174148468;0,14831111679057707;Potencia;Bajo;Operación normal;Monitoreo rutinario
300;312;1532;37;54;11;56990;2008;1;0;980;0;0,005468587032726726;0,11201586996787766;1,840596765542278;1,243013174148468;0,14831111679057707;Potencia;Bajo;Operación normal;Monitoreo rutinario
296;307;1472;39;51;11;58732;2034;1;0;981;0;0,011416216019640572;0,11201586996787766;1,840596765542278;1,243013174148468;0,14831111679057707;Potencia;Bajo;Operación normal;Monitoreo rutinario
298;309;1407;41;207;10;58953;8673;1;0;982;0;0,44573943271339217;0,11201586996787766;1,840596765542278;1,243013174148468;0,14831111679057707;Potencia;Medio;Mantenimiento preventivo programado;Revisar Potencia
301;310;1462;38;49;8;55994;1876;0;0;983;0;0,023165207258240724;0,11201586996787766;1,8616800415687769;1,2784125785333371;0,2771821225072303;Potencia;Bajo;Operación normal;Monitoreo rutinario
297;309;1391;44;159;11;61899;7075;1;0;984;0;0,018720369883827536;0,11201586996787766;1,840596765542278;1,243013174148468;0,14831111679057707;Potencia;Bajo;Operación normal;Monitoreo rutinario
300;310;1402;53;93;9;75287;4994;1;0;985;0;0,06747572474801958;0,11201586996787766;1,840596765542278;1,243013174148468;0,14831111679057707;Potencia;Bajo;Operación normal;Monitoreo rutinario
298;308;1604;34;11;9;55979;383;1;0;986;0;0,01097285139598896;0,11201586996787766;1,840596765542278;1,243013174148468;0,14831111679057707;Potencia;Bajo;Operación normal;Monitoreo rutinario
303;311;1409;51;16;8;72986;828;1;0;987;0;0,44936579281282957;0,11201586996787766;1,840596765542278;1,243013174148468;0,14831111679057707;Potencia;Medio;Mantenimiento preventivo programado;Revisar Potencia
296;306;1392;51;124;10;71409;6361;0;1;988;0;0,035356025167157086;0,11201586996787766;1,8616800415687769;1,2784125785333371;0,2771821225072303;Potencia;Bajo;Operación normal;Monitoreo rutinario
299;309;1475;40;123;9;59000;4920;1;0;989;0;0,013584519889487069;0,11201586996787766;1,840596765542278;1,243013174148468;0,14831111679057707;Potencia;Bajo;Operación normal;Monitoreo rutinario
302;310;1485;45;50;7;68161;2295;0;1;990;0;0,032647187781173814;0,11201586996787766;1,8616800415687769;1,2784125785333371;0,2771821225072303;Potencia;Bajo;Operación normal;Monitoreo rutinario
297;309;1296;52;96;12;67780;5020;1;0;991;0;0,05358964062005029;0,11201586996787766;1,840596765542278;1,243013174148468;0,14831111679057707;Potencia;Bajo;Operación normal;Monitoreo rutinario
299;310;1463;43;156;11;63640;6786;0;1;992;0;0,01891555481641733;0,11201586996787766;1,8616800415687769;1,2784125785333371;0,2771821225072303;Potencia;Bajo;Operación normal;Monitoreo rutinario
300;310;1434;44;89;9;63813;3960;1;0;993;0;0,021535203224879357;0,11201586996787766;1,840596765542278;1,243013174148468;0,14831111679057707;Potencia;Bajo;Operación normal;Monitoreo rutinario
302;310;1443;54;120;7;78787;6552;0;0;994;0;0,21334214103777813;0,11201586996787766;1,8616800415687769;1,2784125785333371;0,2771821225072303;Potencia;Bajo;Operación normal;Monitoreo rutinario
300;311;1663;33;38;11;55876;1276;1;0;995;0;0,009782181124403964;0,11201586996787766;1,840596765542278;1,243013174148468;0,14831111679057707;Potencia;Bajo;Operación normal;Monitoreo rutinario
300;309;1479;47;22;8;69513;1034;1;0;996;0;0,023464028458363317;0,11201586996787766;1,840596765542278;1,243013174148468;0,14831111679057707;Potencia;Bajo;Operación normal;Monitoreo rutinario
300;311;1560;37;107;11;58812;4033;1;0;997;0;0,009782181124403964;0,11201586996787766;1,840596765542278;1,243013174148468;0,14831111679057707;Potencia;Bajo;Operación normal;Monitoreo rutinario
299;310;1622;33;217;11;54499;7291;1;0;998;1;0,6473535703929992;0,11201586996787766;1,840596765542278;1,243013174148468;0,14831111679057707;Potencia;Alto;Intervención inmediata;Acción crítica inmediata sobre Potencia
301;311;1417;55;156;9;79210;8720;1;0;999;0;0,04037274124140764;0,11201586996787766;1,840596765542278;1,243013174148468;0,14831111679057707;Potencia;Bajo;Operación normal;Monitoreo rutinario
303;311;1565;38;12;8;60878;466;1;0;1000;0;0,04394689053500179;0,11201586996787766;1,840596765542278;1,243013174148468;0,14831111679057707;Potencia;Bajo;Operación normal;Monitoreo rutinario
298;310;1567;36;197;11;57665;7249;0;0;1001;0;0,05291563870182121;0,11201586996787766;1,8616800415687769;1,2784125785333371;0,2771821225072303;Potencia;Bajo;Operación normal;Monitoreo rutinario
300;309;1593;38;140;9;60693;5334;1;0;1002;0;0,012411943863171952;0,11201586996787766;1,840596765542278;1,243013174148468;0,14831111679057707;Potencia;Bajo;Operación normal;Monitoreo rutinario
300;310;1445;41;180;9;60256;7506;1;0;1003;0;0,045657022437701304;0,11201586996787766;1,840596765542278;1,243013174148468;0,14831111679057707;Potencia;Bajo;Operación normal;Monitoreo rutinario
302;312;2030;19;192;9;38773;3667;1;0;1004;0;0,022377385868978243;0,11201586996787766;1,840596765542278;1,243013174148468;0,14831111679057707;Potencia;Bajo;Operación normal;Monitoreo rutinario
298;309;1375;55;145;10;76175;8033;1;0;1005;0;0,06074015464694274;0,11201586996787766;1,840596765542278;1,243013174148468;0,14831111679057707;Potencia;Bajo;Operación normal;Monitoreo rutinario
298;307;1575;35;137;9;55125;4795;1;0;1006;0;0,01097285139598896;0,11201586996787766;1,840596765542278;1,243013174148468;0,14831111679057707;Potencia;Bajo;Operación normal;Monitoreo rutinario
299;308;1647;35;74;9;57645;2590;1;0;1007;0;0,014189256900801889;0,11201586996787766;1,840596765542278;1,243013174148468;0,14831111679057707;Potencia;Bajo;Operación normal;Monitoreo rutinario
302;310;1398;47;70;7;66125;3311;0;1;1008;1;0,5226282306601536;0,11201586996787766;1,8616800415687769;1,2784125785333371;0,2771821225072303;Potencia;Medio;Mantenimiento preventivo programado;Revisar Potencia
302;310;1670;29;2;7;48597;58;1;0;1009;0;0,033544897432882775;0,11201586996787766;1,855819427667819;1,4399594184680318;0,14831111679057707;Potencia;Bajo;Operación normal;Monitoreo rutinario
300;310;1470;37;98;9;55419;3694;1;0;1010;0;0,017263016358976424;0,11201586996787766;1,840596765542278;1,243013174148468;0,14831111679057707;Potencia;Bajo;Operación normal;Monitoreo rutinario
303;311;1449;41;132;8;60423;5504;1;0;1011;0;0,04394689053500179;0,11201586996787766;1,840596765542278;1,243013174148468;0,14831111679057707;Potencia;Bajo;Operación normal;Monitoreo rutinario
295;305;1518;40;178;10;61630;7226;0;1;1012;0;0,012411591967685811;0,11201586996787766;1,8616800415687769;1,2784125785333371;0,2771821225072303;Potencia;Bajo;Operación normal;Monitoreo rutinario
300;310;1407;51;157;9;71897;8022;0;1;1013;0;0,0432219519192913;0,11201586996787766;1,8616800415687769;1,2784125785333371;0,2771821225072303;Potencia;Bajo;Operación normal;Monitoreo rutinario
300;309;1465;42;209;9;62848;8966;0;1;1014;0;0,4069060507322843;0,11201586996787766;1,8616800415687769;1,2784125785333371;0,2771821225072303;Potencia;Medio;Mantenimiento preventivo programado;Revisar Potencia
302;311;1312;61;85;8;80688;5227;0;1;1015;1;0,8817089951197632;0,11201586996787766;1,8616800415687769;1,2784125785333371;0,2771821225072303;Potencia;Alto;Intervención inmediata;Acción crítica inmediata sobre Potencia
297;308;1476;39;44;11;57564;1716;1;0;1016;0;0,009811708917617033;0,11201586996787766;1,840596765542278;1,243013174148468;0,14831111679057707;Potencia;Bajo;Operación normal;Monitoreo rutinario
300;312;1461;38;39;11;55664;1485;1;0;1017;0;0,005468587032726726;0,11201586996787766;1,840596765542278;1,243013174148468;0,14831111679057707;Potencia;Bajo;Operación normal;Monitoreo rutinario
301;310;1522;41;114;9;62402;4674;1;0;1018;0;0,020805018291347798;0,11201586996787766;1,840596765542278;1,243013174148468;0,14831111679057707;Potencia;Bajo;Operación normal;Monitoreo rutinario
296;307;1685;32;10;10;53920;320;0;1;1019;0;0,010594284796002575;0,11201586996787766;1,8616800415687769;1,2784125785333371;0,2771821225072303;Potencia;Bajo;Operación normal;Monitoreo rutinario
300;309;1685;27;203;9;45663;5501;1;0;1020;0;0,1133885796877492;0,11201586996787766;1,840596765542278;1,243013174148468;0,14831111679057707;Potencia;Bajo;Operación normal;Monitoreo rutinario
304;313;1452;41;15;9;60258;622;1;0;1021;0;0,013322696313110541;0,11201586996787766;1,840596765542278;1,243013174148468;0,14831111679057707;Potencia;Bajo;Operación normal;Monitoreo rutinario
298;308;1510;38;66;9;58437;2554;0;1;1022;0;0,010418782968687458;0,11201586996787766;1,8616800415687769;1,2784125785333371;0,2771821225072303;Potencia;Bajo;Operación normal;Monitoreo rutinario
301;310;1513;38;17;8;57494;646;1;0;1023;0;0,024380427216192598;0,11201586996787766;1,840596765542278;1,243013174148468;0,14831111679057707;Potencia;Bajo;Operación normal;Monitoreo rutinario
300;311;1528;42;163;11;64787;6911;1;0;1024;0;0,010925596082795247;0,11201586996787766;1,840596765542278;1,243013174148468;0,14831111679057707;Potencia;Bajo;Operación normal;Monitoreo rutinario
302;310;1435;42;83;8;60700;3510;0;1;1025;0;0,1359591816287958;0,11201586996787766;1,8616800415687769;1,2784125785333371;0,2771821225072303;Potencia;Bajo;Operación normal;Monitoreo rutinario
301;311;1581;37;127;10;58497;4699;1;0;1026;0;0,01008896996621229;0,11201586996787766;1,840596765542278;1,243013174148468;0,14831111679057707;Potencia;Bajo;Operación normal;Monitoreo rutinario
295;305;1589;36;184;10;57521;6660;0;1;1027;0;0,03253901547194863;0,11201586996787766;1,8616800415687769;1,2784125785333371;0,2771821225072303;Potencia;Bajo;Operación normal;Monitoreo rutinario
301;312;1488;42;107;11;63388;4558;1;0;1028;0;0,00600371916074752;0,11201586996787766;1,840596765542278;1,243013174148468;0,14831111679057707;Potencia;Bajo;Operación normal;Monitoreo rutinario
302;311;1845;21;27;9;40405;591;1;0;1029;0;0,016240682626691795;0,11201586996787766;1,840596765542278;1,243013174148468;0,14831111679057707;Potencia;Bajo;Operación normal;Monitoreo rutinario
298;308;1559;34;126;9;53473;4321;1;0;1030;0;0,01097285139598896;0,11201586996787766;1,840596765542278;1,243013174148468;0,14831111679057707;Potencia;Bajo;Operación normal;Monitoreo rutinario
301;309;1491;42;165;8;63963;7078;1;0;1031;0;0,017541631869312218;0,11201586996787766;1,840596765542278;1,243013174148468;0,14831111679057707;Potencia;Bajo;Operación normal;Monitoreo rutinario
301;310;1470;44;113;9;64680;4972;1;0;1032;0;0,020805018291347798;0,11201586996787766;1,840596765542278;1,243013174148468;0,14831111679057707;Potencia;Bajo;Operación normal;Monitoreo rutinario
298;310;1419;47;105;11;66834;4945;0;0;1033;0;0,02438645070363927;0,11201586996787766;1,8616800415687769;1,2784125785333371;0,2771821225072303;Potencia;Bajo;Operación normal;Monitoreo rutinario
300;309;1426;53;66;9;76433;3537;1;0;1034;0;0,034074668323980296;0,11201586996787766;1,840596765542278;1,243013174148468;0,14831111679057707;Potencia;Bajo;Operación normal;Monitoreo rutinario
298;308;1484;40;59;10;59953;2383;1;0;1035;0;0,010469813262662568;0,11201586996787766;1,840596765542278;1,243013174148468;0,14831111679057707;Potencia;Bajo;Operación normal;Monitoreo rutinario
297;308;1757;27;118;10;48317;3245;1;0;1036;0;0,012883641723484359;0,11201586996787766;1,840596765542278;1,243013174148468;0,14831111679057707;Potencia;Bajo;Operación normal;Monitoreo rutinario
299;309;1465;49;158;9;71785;7742;0;1;1037;0;0,021486133875056046;0,11201586996787766;1,8616800415687769;1,2784125785333371;0,2771821225072303;Potencia;Bajo;Operación normal;Monitoreo rutinario
298;310;1558;37;44;11;58580;1654;1;0;1038;0;0,01491322234025399;0,11201586996787766;1,840596765542278;1,243013174148468;0,14831111679057707;Potencia;Bajo;Operación normal;Monitoreo rutinario
303;312;1553;35;122;9;55597;4367;0;1;1039;0;0,014989699740904664;0,11201586996787766;1,8616800415687769;1,2784125785333371;0,2771821225072303;Potencia;Bajo;Operación normal;Monitoreo rutinario
300;309;1524;38;54;9;58521;2073;0;1;1040;0;0,011786075161372998;0,11201586996787766;1,8616800415687769;1,2784125785333371;0,2771821225072303;Potencia;Bajo;Operación normal;Monitoreo rutinario
297;309;1595;32;32;11;51040;1024;1;0;1041;0;0,00895112874316554;0,11201586996787766;1,840596765542278;1,243013174148468;0,14831111679057707;Potencia;Bajo;Operación normal;Monitoreo rutinario
297;309;1656;33;20;11;54979;664;0;1;1042;0;0,0074682488456717525;0,11201586996787766;1,8616800415687769;1,2784125785333371;0,2771821225072303;Potencia;Bajo;Operación normal;Monitoreo rutinario
301;310;2289;16;112;9;37539;1836;1;0;1043;0;0,036175891339560166;0,11201586996787766;1,840596765542278;1,243013174148468;0,14831111679057707;Potencia;Bajo;Operación normal;Monitoreo rutinario
299;309;1449;47;131;9;69407;6274;0;1;1044;0;0,01617564832397806;0,11201586996787766;1,8616800415687769;1,2784125785333371;0,2771821225072303;Potencia;Bajo;Operación normal;Monitoreo rutinario
302;312;1411;53;246;9;75911;13234;0;0;1045;1;0,8361196053142724;0,11201586996787766;1,8616800415687769;1,2784125785333371;0,2771821225072303;Potencia;Alto;Intervención inmediata;Acción crítica inmediata sobre Potencia
302;311;1635;36;23;9;58860;828;1;0;1046;0;0,015510798720907992;0,11201586996787766;1,840596765542278;1,243013174148468;0,14831111679057707;Potencia;Bajo;Operación normal;Monitoreo rutinario
298;308;1503;40;145;9;61021;5887;1;0;1047;0;0,012253718605079176;0,11201586996787766;1,840596765542278;1,243013174148468;0,14831111679057707;Potencia;Bajo;Operación normal;Monitoreo rutinario
300;311;1559;42;121;10;66725;5178;0;1;1048;0;0,008316522405323932;0,11201586996787766;1,8616800415687769;1,2784125785333371;0,2771821225072303;Potencia;Bajo;Operación normal;Monitoreo rutinario
298;309;1561;35;208;11;55103;7342;0;0;1049;0;0,42058211257617945;0,11201586996787766;1,8616800415687769;1,2784125785333371;0,2771821225072303;Potencia;Medio;Mantenimiento preventivo programado;Revisar Potencia
303;312;1433;53;185;8;76808;9916;1;0;1050;0;0,06418072637232025;0,11201586996787766;1,840596765542278;1,243013174148468;0,14831111679057707;Potencia;Bajo;Operación normal;Monitoreo rutinario
301;310;1691;27;105;8;46840;2908;0;1;1051;0;0,029870055852943018;0,11201586996787766;1,8616800415687769;1,2784125785333371;0,2771821225072303;Potencia;Bajo;Operación normal;Monitoreo rutinario
298;310;1348;58;163;11;78453;9486;0;1;1052;0;0,11965760592197185;0,11201586996787766;1,8616800415687769;1,2784125785333371;0,2771821225072303;Potencia;Bajo;Operación normal;Monitoreo rutinario
299;309;1811;24;77;10;44550;1894;0;0;1053;0;0,018606895680126467;0,11201586996787766;1,8616800415687769;1,2784125785333371;0,2771821225072303;Potencia;Bajo;Operación normal;Monitoreo rutinario
296;307;1389;42;48;10;59310;2049;1;0;1054;0;0,023226824136024036;0,11201586996787766;1,840596765542278;1,243013174148468;0,14831111679057707;Potencia;Bajo;Operación normal;Monitoreo rutinario
299;308;1445;43;197;9;62713;8549;1;0;1055;0;0,06655260570448038;0,11201586996787766;1,840596765542278;1,243013174148468;0,14831111679057707;Potencia;Bajo;Operación normal;Monitoreo rutinario
300;311;1659;31;203;11;51594;6313;1;0;1056;0;0,04435021515356191;0,11201586996787766;1,840596765542278;1,243013174148468;0,14831111679057707;Potencia;Bajo;Operación normal;Monitoreo rutinario
300;311;1323;57;155;11;76601;8974;0;1;1057;0;0,05123868127021894;0,11201586996787766;1,8616800415687769;1,2784125785333371;0,2771821225072303;Potencia;Bajo;Operación normal;Monitoreo rutinario
298;308;1301;51;138;9;66481;7051;1;0;1058;0;0,04843855436001896;0,11201586996787766;1,840596765542278;1,243013174148468;0,14831111679057707;Potencia;Bajo;Operación normal;Monitoreo rutinario
299;310;1502;39;34;11;59779;1353;0;1;1059;0;0,01829726127068082;0,11201586996787766;1,8616800415687769;1,2784125785333371;0,2771821225072303;Potencia;Bajo;Operación normal;Monitoreo rutinario
300;309;1580;38;102;8;60513;3906;1;0;1060;0;0,013791113052330148;0,11201586996787766;1,840596765542278;1,243013174148468;0,14831111679057707;Potencia;Bajo;Operación normal;Monitoreo rutinario
304;313;1437;53;7;9;77454;377;0;1;1061;0;0,04034219341792181;0,11201586996787766;1,8616800415687769;1,2784125785333371;0,2771821225072303;Potencia;Bajo;Operación normal;Monitoreo rutinario
302;311;1721;30;210;8;51802;6321;0;1;1062;0;0,18118487655929535;0,11201586996787766;1,8616800415687769;1,2784125785333371;0,2771821225072303;Potencia;Bajo;Operación normal;Monitoreo rutinario
300;310;1754;27;84;10;48585;2326;1;0;1063;0;0,024850929391034882;0,11201586996787766;1,840596765542278;1,243013174148468;0,14831111679057707;Potencia;Bajo;Operación normal;Monitoreo rutinario
301;309;1443;42;231;7;61616;9863;1;0;1064;1;0,5664195399232426;0,11201586996787766;1,840596765542278;1,243013174148468;0,14831111679057707;Potencia;Medio;Mantenimiento preventivo programado;Revisar Potencia
295;306;1650;28;35;10;46530;987;1;0;1065;0;0,016875059688387546;0,11201586996787766;1,840596765542278;1,243013174148468;0,14831111679057707;Potencia;Bajo;Operación normal;Monitoreo rutinario
298;309;1582;40;103;11;63754;4150;1;0;1066;0;0,010715264674832047;0,11201586996787766;1,840596765542278;1,243013174148468;0,14831111679057707;Potencia;Bajo;Operación normal;Monitoreo rutinario
300;310;1351;46;165;9;63361;7738;1;0;1067;0;0,06180768064846934;0,11201586996787766;1,840596765542278;1,243013174148468;0,14831111679057707;Potencia;Bajo;Operación normal;Monitoreo rutinario
300;310;1572;36;167;9;56906;6045;0;1;1068;0;0,018451078362581468;0,11201586996787766;1,8616800415687769;1,2784125785333371;0,2771821225072303;Potencia;Bajo;Operación normal;Monitoreo rutinario
297;307;1880;23;146;9;43804;3401;0;0;1069;0;0,014616868499433123;0,11201586996787766;1,8616800415687769;1,2784125785333371;0,2771821225072303;Potencia;Bajo;Operación normal;Monitoreo rutinario
304;313;1412;47;150;9;67070;7125;1;0;1070;0;0,027210384123018284;0,11201586996787766;1,840596765542278;1,243013174148468;0,14831111679057707;Potencia;Bajo;Operación normal;Monitoreo rutinario
297;308;1545;35;120;10;55465;4308;0;0;1071;0;0,0080762398497878;0,11201586996787766;1,8616800415687769;1,2784125785333371;0,2771821225072303;Potencia;Bajo;Operación normal;Monitoreo rutinario
297;307;1310;57;70;10;75849;4053;0;1;1072;0;0,05332799854572556;0,11201586996787766;1,8616800415687769;1,2784125785333371;0,2771821225072303;Potencia;Bajo;Operación normal;Monitoreo rutinario
301;310;1460;53;74;9;78256;3966;0;1;1073;0;0,04321811783903402;0,11201586996787766;1,8616800415687769;1,2784125785333371;0,2771821225072303;Potencia;Bajo;Operación normal;Monitoreo rutinario
298;307;1593;32;118;9;51294;3799;0;0;1074;0;0,01106218850466038;0,11201586996787766;1,8616800415687769;1,2784125785333371;0,2771821225072303;Potencia;Bajo;Operación normal;Monitoreo rutinario
300;311;1332;54;111;11;72727;6060;1;0;1075;0;0,056425375316706675;0,11201586996787766;1,840596765542278;1,243013174148468;0,14831111679057707;Potencia;Bajo;Operación normal;Monitoreo rutinario
301;310;1798;22;59;9;40095;1315;0;0;1076;0;0,027060547532345616;0,11201586996787766;1,8616800415687769;1,2784125785333371;0,2771821225072303;Potencia;Bajo;Operación normal;Monitoreo rutinario
299;308;1449;39;105;9;57380;4158;0;1;1077;0;0,013474990512783825;0,11201586996787766;1,8616800415687769;1,2784125785333371;0,2771821225072303;Potencia;Bajo;Operación normal;Monitoreo rutinario
298;308;1461;48;68;10;70128;3264;1;0;1078;0;0,01689490840253046;0,11201586996787766;1,840596765542278;1,243013174148468;0,14831111679057707;Potencia;Bajo;Operación normal;Monitoreo rutinario
298;308;1425;41;11;10;59707;460;0;1;1079;0;0,012423932865668338;0,11201586996787766;1,8616800415687769;1,2784125785333371;0,2771821225072303;Potencia;Bajo;Operación normal;Monitoreo rutinario
298;310;1442;42;153;11;61861;6563;0;1;1080;0;0,016568345173805937;0,11201586996787766;1,8616800415687769;1,2784125785333371;0,2771821225072303;Potencia;Bajo;Operación normal;Monitoreo rutinario
300;311;1592;32;82;10;52376;2697;0;1;1081;0;0,008316522405323932;0,11201586996787766;1,8616800415687769;1,2784125785333371;0,2771821225072303;Potencia;Bajo;Operación normal;Monitoreo rutinario
297;308;1793;23;28;10;42852;669;0;0;1082;0;0,012234282445076098;0,11201586996787766;1,8616800415687769;1,2784125785333371;0,2771821225072303;Potencia;Bajo;Operación normal;Monitoreo rutinario
301;311;1467;48;43;9;70562;2068;0;1;1083;0;0,0169823176256534;0,11201586996787766;1,8616800415687769;1,2784125785333371;0,2771821225072303;Potencia;Bajo;Operación normal;Monitoreo rutinario
298;310;1455;44;107;11;65329;4804;0;0;1084;0;0,014163036171283915;0,11201586996787766;1,8616800415687769;1,2784125785333371;0,2771821225072303;Potencia;Bajo;Operación normal;Monitoreo rutinario
295;306;1329;55;135;10;73493;7465;0;0;1085;0;0,06087169562766598;0,11201586996787766;1,8616800415687769;1,2784125785333371;0,2771821225072303;Potencia;Bajo;Operación normal;Monitoreo rutinario
301;311;1444;39;197;10;57471;7840;1;0;1086;0;0,05365175409900983;0,11201586996787766;1,840596765542278;1,243013174148468;0,14831111679057707;Potencia;Bajo;Operación normal;Monitoreo rutinario
298;309;1501;44;48;11;67094;2145;0;1;1087;0;0,010174069155813575;0,11201586996787766;1,8616800415687769;1,2784125785333371;0,2771821225072303;Potencia;Bajo;Operación normal;Monitoreo rutinario
302;310;1349;55;187;7;74329;10303;1;0;1088;1;0,9726601234170733;0,11201586996787766;1,840596765542278;1,243013174148468;0,14831111679057707;Potencia;Alto;Intervención inmediata;Acción crítica inmediata sobre Potencia
301;311;1605;40;179;9;64200;7160;0;1;1089;0;0,012697714837817651;0,11201586996787766;1,8616800415687769;1,2784125785333371;0,2771821225072303;Potencia;Bajo;Operación normal;Monitoreo rutinario
300;309;1458;46;23;9;68380;1078;0;1;1090;0;0,014782765495450805;0,11201586996787766;1,8616800415687769;1,2784125785333371;0,2771821225072303;Potencia;Bajo;Operación normal;Monitoreo rutinario
302;311;1453;45;174;9;65530;7847;0;1;1091;0;0,018440107223120002;0,11201586996787766;1,8616800415687769;1,2784125785333371;0,2771821225072303;Potencia;Bajo;Operación normal;Monitoreo rutinario
301;310;1550;41;197;8;64325;8175;1;0;1092;0;0,07175332032839622;0,11201586996787766;1,840596765542278;1,243013174148468;0,14831111679057707;Potencia;Bajo;Operación normal;Monitoreo rutinario
302;310;1401;48;177;7;68368;8637;1;0;1093;1;0,5317990174342917;0,11201586996787766;1,840596765542278;1,243013174148468;0,14831111679057707;Potencia;Medio;Mantenimiento preventivo programado;Revisar Potencia
297;308;1773;23;169;11;42197;4022;1;0;1094;0;0,014839496656385261;0,11201586996787766;1,840596765542278;1,243013174148468;0,14831111679057707;Potencia;Bajo;Operación normal;Monitoreo rutinario
302;311;1395;54;198;9;75609;10731;1;0;1095;0;0,29395182561277705;0,11201586996787766;1,840596765542278;1,243013174148468;0,14831111679057707;Potencia;Bajo;Operación normal;Monitoreo rutinario
303;311;1394;45;144;8;63148;6523;1;0;1096;1;0,5450050090496066;0,11201586996787766;1,840596765542278;1,243013174148468;0,14831111679057707;Potencia;Medio;Mantenimiento preventivo programado;Revisar Potencia
299;309;1394;45;179;10;62869;8072;1;0;1097;0;0,035591025740957426;0,11201586996787766;1,840596765542278;1,243013174148468;0,14831111679057707;Potencia;Bajo;Operación normal;Monitoreo rutinario
301;311;1553;35;26;10;55597;930;1;0;1098;0;0,01008896996621229;0,11201586996787766;1,840596765542278;1,243013174148468;0,14831111679057707;Potencia;Bajo;Operación normal;Monitoreo rutinario
300;311;1378;47;64;11;65455;3040;1;0;1099;0;0,033917336856085466;0,11201586996787766;1,840596765542278;1,243013174148468;0,14831111679057707;Potencia;Bajo;Operación normal;Monitoreo rutinario
296;307;1616;28;175;10;45248;4900;1;0;1100;0;0,019733737658703066;0,11201586996787766;1,840596765542278;1,243013174148468;0,14831111679057707;Potencia;Bajo;Operación normal;Monitoreo rutinario
301;309;1440;43;100;8;62496;4340;1;0;1101;0;0,03774586582154554;0,11201586996787766;1,840596765542278;1,243013174148468;0,14831111679057707;Potencia;Bajo;Operación normal;Monitoreo rutinario
302;310;1429;43;191;7;61732;8251;0;1;1102;0;0,13536683524997126;0,11201586996787766;1,8616800415687769;1,2784125785333371;0,2771821225072303;Potencia;Bajo;Operación normal;Monitoreo rutinario
298;308;1500;37;210;9;55650;7791;0;1;1103;1;0,5292489095918027;0,11201586996787766;1,8616800415687769;1,2784125785333371;0,2771821225072303;Potencia;Medio;Mantenimiento preventivo programado;Revisar Potencia
300;311;1492;41;128;11;62365;5350;1;0;1104;0;0,009782181124403964;0,11201586996787766;1,840596765542278;1,243013174148468;0,14831111679057707;Potencia;Bajo;Operación normal;Monitoreo rutinario
299;309;1766;24;158;9;43443;3886;1;0;1105;0;0,02307882710055457;0,11201586996787766;1,840596765542278;1,243013174148468;0,14831111679057707;Potencia;Bajo;Operación normal;Monitoreo rutinario
302;311;1347;54;125;9;73142;6787;0;1;1106;0;0,21064724322099107;0,11201586996787766;1,8616800415687769;1,2784125785333371;0,2771821225072303;Potencia;Bajo;Operación normal;Monitoreo rutinario
299;309;1381;44;88;9;62006;3951;0;1;1107;0;0,034108342385652315;0,11201586996787766;1,8616800415687769;1,2784125785333371;0,2771821225072303;Potencia;Bajo;Operación normal;Monitoreo rutinario
301;310;1568;35;23;9;55193;809;1;0;1108;0;0,020805018291347798;0,11201586996787766;1,840596765542278;1,243013174148468;0,14831111679057707;Potencia;Bajo;Operación normal;Monitoreo rutinario
302;311;1658;31;2;9;51398;62;0;1;1109;0;0,015438447924990434;0,11201586996787766;1,8769027036943176;1,4753588228529009;0,2771821225072303;Potencia;Bajo;Operación normal;Monitoreo rutinario
302;311;1462;50;51;9;73100;2550;1;0;1110;0;0,024951431244939783;0,11201586996787766;1,840596765542278;1,243013174148468;0,14831111679057707;Potencia;Bajo;Operación normal;Monitoreo rutinario
298;310;1409;54;140;11;77213;7672;1;0;1111;0;0,05293171069028273;0,11201586996787766;1,840596765542278;1,243013174148468;0,14831111679057707;Potencia;Bajo;Operación normal;Monitoreo rutinario
298;308;1388;53;83;10;74258;4440;0;0;1112;0;0,050828989381071964;0,11201586996787766;1,8616800415687769;1,2784125785333371;0,2771821225072303;Potencia;Bajo;Operación normal;Monitoreo rutinario
302;311;1632;34;18;9;55814;615;1;0;1113;0;0,015510798720907992;0,11201586996787766;1,840596765542278;1,243013174148468;0,14831111679057707;Potencia;Bajo;Operación normal;Monitoreo rutinario
298;308;1589;37;137;10;58951;5082;0;1;1114;0;0,009940890177909676;0,11201586996787766;1,8616800415687769;1,2784125785333371;0,2771821225072303;Potencia;Bajo;Operación normal;Monitoreo rutinario
297;308;1533;37;115;10;57334;4301;1;0;1115;0;0,009589071625561368;0,11201586996787766;1,840596765542278;1,243013174148468;0,14831111679057707;Potencia;Bajo;Operación normal;Monitoreo rutinario
300;312;1496;40;175;11;59840;7000;1;0;1116;0;0,005320502979773873;0,11201586996787766;1,840596765542278;1,243013174148468;0,14831111679057707;Potencia;Bajo;Operación normal;Monitoreo rutinario
297;308;1352;53;171;11;71656;9063;0;1;1117;0;0,04911429370218113;0,11201586996787766;1,8616800415687769;1,2784125785333371;0,2771821225072303;Potencia;Bajo;Operación normal;Monitoreo rutinario
300;309;1557;33;84;8;52626;2839;0;1;1118;0;0,013096622381636317;0,11201586996787766;1,8616800415687769;1,2784125785333371;0,2771821225072303;Potencia;Bajo;Operación normal;Monitoreo rutinario
299;310;1623;33;210;11;53559;6930;1;0;1119;1;0,5900090758671471;0,11201586996787766;1,840596765542278;1,243013174148468;0,14831111679057707;Potencia;Medio;Mantenimiento preventivo programado;Revisar Potencia
300;310;1633;27;0;9;45397;0;1;0;1120;0;0,026026756371862483;-0,0010416336151943912;3,125048442483204;-0,33484602661259355;0,09092295302134024;Potencia;Bajo;Operación normal;Monitoreo rutinario
300;310;1463;45;196;10;66566;8918;0;1;1121;0;0,05316052132608805;0,11201586996787766;1,8616800415687769;1,2784125785333371;0,2771821225072303;Potencia;Bajo;Operación normal;Monitoreo rutinario
296;308;1510;39;29;11;59494;1142;1;0;1122;0;0,011272960832439711;0,11201586996787766;1,840596765542278;1,243013174148468;0,14831111679057707;Potencia;Bajo;Operación normal;Monitoreo rutinario
299;308;1368;47;175;9;64569;8260;1;0;1123;0;0,05315785059921539;0,11201586996787766;1,840596765542278;1,243013174148468;0,14831111679057707;Potencia;Bajo;Operación normal;Monitoreo rutinario
298;309;1489;40;89;10;60453;3613;1;0;1124;0;0,010021984994337126;0,11201586996787766;1,840596765542278;1,243013174148468;0,14831111679057707;Potencia;Bajo;Operación normal;Monitoreo rutinario
300;309;1513;32;117;9;49777;3849;1;0;1125;0;0,01763581482870178;0,11201586996787766;1,840596765542278;1,243013174148468;0,14831111679057707;Potencia;Bajo;Operación normal;Monitoreo rutinario
298;309;1365;48;56;10;66475;2727;0;1;1126;0;0,042217490523599986;0,11201586996787766;1,8616800415687769;1,2784125785333371;0,2771821225072303;Potencia;Bajo;Operación normal;Monitoreo rutinario
301;310;1384;50;88;9;69338;4408;1;0;1127;0;0,1013461939590133;0,11201586996787766;1,840596765542278;1,243013174148468;0,14831111679057707;Potencia;Bajo;Operación normal;Monitoreo rutinario
301;309;1668;30;158;8;51374;4866;1;0;1128;0;0,0176876599076674;0,11201586996787766;1,840596765542278;1,243013174148468;0,14831111679057707;Potencia;Bajo;Operación normal;Monitoreo rutinario
302;310;1470;41;156;8;60564;6427;1;0;1129;0;0,04983681290932253;0,11201586996787766;1,840596765542278;1,243013174148468;0,14831111679057707;Potencia;Bajo;Operación normal;Monitoreo rutinario
297;309;1290;49;43;11;64241;2141;1;0;1130;0;0,03943435106228523;0,11201586996787766;1,840596765542278;1,243013174148468;0,14831111679057707;Potencia;Bajo;Operación normal;Monitoreo rutinario
303;312;1475;42;85;8;63277;3646;0;1;1131;0;0,01863426247672327;0,11201586996787766;1,8616800415687769;1,2784125785333371;0,2771821225072303;Potencia;Bajo;Operación normal;Monitoreo rutinario
297;308;1404;50;97;11;70621;4879;0;0;1132;0;0,027315395440017317;0,11201586996787766;1,8616800415687769;1,2784125785333371;0,2771821225072303;Potencia;Bajo;Operación normal;Monitoreo rutinario
302;310;1841;23;119;8;43447;2808;0;0;1133;0;0,04732251619897318;0,11201586996787766;1,8616800415687769;1,2784125785333371;0,2771821225072303;Potencia;Bajo;Operación normal;Monitoreo rutinario
298;309;1472;46;199;10;67712;9154;0;1;1134;0;0,03581233057238535;0,11201586996787766;1,8616800415687769;1,2784125785333371;0,2771821225072303;Potencia;Bajo;Operación normal;Monitoreo rutinario
304;313;1470;39;70;9;58653;2793;1;0;1135;0;0,013322696313110541;0,11201586996787766;1,840596765542278;1,243013174148468;0,14831111679057707;Potencia;Bajo;Operación normal;Monitoreo rutinario
298;309;1472;39;14;11;57555;547;1;0;1136;0;0,010715264674832047;0,11201586996787766;1,840596765542278;1,243013174148468;0,14831111679057707;Potencia;Bajo;Operación normal;Monitoreo rutinario
301;310;1425;51;173;8;72817;8840;1;0;1137;0;0,14177228814354417;0,11201586996787766;1,840596765542278;1,243013174148468;0,14831111679057707;Potencia;Bajo;Operación normal;Monitoreo rutinario
296;307;1446;45;180;10;66371;8262;0;1;1138;0;0,02925494649593738;0,11201586996787766;1,8616800415687769;1,2784125785333371;0,2771821225072303;Potencia;Bajo;Operación normal;Monitoreo rutinario
301;310;1354;50;169;8;67700;8450;1;0;1139;1;0,8259961220438953;0,11201586996787766;1,840596765542278;1,243013174148468;0,14831111679057707;Potencia;Alto;Intervención inmediata;Acción crítica inmediata sobre Potencia
297;308;1615;32;184;11;52649;5998;0;1;1140;0;0,019751566753238504;0,11201586996787766;1,8616800415687769;1,2784125785333371;0,2771821225072303;Potencia;Bajo;Operación normal;Monitoreo rutinario
295;306;1477;45;40;10;66465;1800;0;1;1141;0;0,011783547092480876;0,11201586996787766;1,8616800415687769;1,2784125785333371;0,2771821225072303;Potencia;Bajo;Operación normal;Monitoreo rutinario
299;311;1616;42;180;11;68356;7613;0;1;1142;0;0,024724989114573676;0,11201586996787766;1,8616800415687769;1,2784125785333371;0,2771821225072303;Potencia;Bajo;Operación normal;Monitoreo rutinario
303;311;1664;29;186;8;49587;5542;1;0;1143;0;0,044944229033763966;0,11201586996787766;1,840596765542278;1,243013174148468;0,14831111679057707;Potencia;Bajo;Operación normal;Monitoreo rutinario
296;307;1557;36;63;11;56830;2299;0;0;1144;0;0,010840005498833679;0,11201586996787766;1,8616800415687769;1,2784125785333371;0,2771821225072303;Potencia;Bajo;Operación normal;Monitoreo rutinario
301;310;1400;49;211;9;69300;10444;0;0;1145;1;0,5576893635179951;0,11201586996787766;1,8616800415687769;1,2784125785333371;0,2771821225072303;Potencia;Medio;Mantenimiento preventivo programado;Revisar Potencia
300;310;1545;35;16;10;55002;569;0;1;1146;0;0,015648845540619485;0,11201586996787766;1,8616800415687769;1,2784125785333371;0,2771821225072303;Potencia;Bajo;Operación normal;Monitoreo rutinario
302;310;1891;22;135;8;42925;3064;1;0;1147;0;0,049740471457402166;0,11201586996787766;1,840596765542278;1,243013174148468;0,14831111679057707;Potencia;Bajo;Operación normal;Monitoreo rutinario
298;309;1490;35;171;11;53491;6138;0;0;1148;0;0,011457956292235656;0,11201586996787766;1,8616800415687769;1,2784125785333371;0,2771821225072303;Potencia;Bajo;Operación normal;Monitoreo rutinario
304;313;1732;26;126;9;45378;3301;0;1;1149;0;0,01388589686026278;0,11201586996787766;1,8616800415687769;1,2784125785333371;0,2771821225072303;Potencia;Bajo;Operación normal;Monitoreo rutinario
302;312;1763;26;184;9;46719;4876;1;0;1150;0;0,01739344673468222;0,11201586996787766;1,840596765542278;1,243013174148468;0,14831111679057707;Potencia;Bajo;Operación normal;Monitoreo rutinario
299;309;1951;21;102;9;41751;2182;1;0;1151;0;0,020519827359097527;0,11201586996787766;1,840596765542278;1,243013174148468;0,14831111679057707;Potencia;Bajo;Operación normal;Monitoreo rutinario
298;310;1313;56;171;11;74578;9712;0;1;1152;0;0,07314138951053635;0,11201586996787766;1,8616800415687769;1,2784125785333371;0,2771821225072303;Potencia;Bajo;Operación normal;Monitoreo rutinario
299;310;1737;26;144;10;45335;3758;1;0;1153;0;0,027166310928404446;0,11201586996787766;1,840596765542278;1,243013174148468;0,14831111679057707;Potencia;Bajo;Operación normal;Monitoreo rutinario
300;311;1481;38;181;10;57018;6968;1;0;1154;0;0,021338766541215207;0,11201586996787766;1,840596765542278;1,243013174148468;0,14831111679057707;Potencia;Bajo;Operación normal;Monitoreo rutinario
298;308;1392;44;111;10;62361;4972;0;0;1155;0;0,020721608541598997;0,11201586996787766;1,8616800415687769;1,2784125785333371;0,2771821225072303;Potencia;Bajo;Operación normal;Monitoreo rutinario
298;310;1678;32;4;11;55038;131;0;1;1156;0;0,014163036171283915;0,11201586996787766;1,8616800415687769;1,2784125785333371;0,2771821225072303;Potencia;Bajo;Operación normal;Monitoreo rutinario
304;313;1411;46;149;9;64906;6854;1;0;1157;0;0,027210384123018284;0,11201586996787766;1,840596765542278;1,243013174148468;0,14831111679057707;Potencia;Bajo;Operación normal;Monitoreo rutinario
300;311;1487;43;78;11;63941;3354;1;0;1158;0;0,009782181124403964;0,11201586996787766;1,840596765542278;1,243013174148468;0,14831111679057707;Potencia;Bajo;Operación normal;Monitoreo rutinario
298;310;1679;35;14;11;60108;501;0;1;1159;0;0,014163036171283915;0,11201586996787766;1,8616800415687769;1,2784125785333371;0,2771821225072303;Potencia;Bajo;Operación normal;Monitoreo rutinario
298;309;1478;36;182;11;53947;6643;0;1;1160;0;0,03159337092371311;0,11201586996787766;1,8616800415687769;1,2784125785333371;0,2771821225072303;Potencia;Bajo;Operación normal;Monitoreo rutinario
298;309;1721;29;170;10;50597;4998;0;1;1161;0;0,012189749250562142;0,11201586996787766;1,8616800415687769;1,2784125785333371;0,2771821225072303;Potencia;Bajo;Operación normal;Monitoreo rutinario
301;311;1871;26;132;9;48646;3432;0;0;1162;0;0,01358971008933355;0,11201586996787766;1,8616800415687769;1,2784125785333371;0,2771821225072303;Potencia;Bajo;Operación normal;Monitoreo rutinario
301;311;1465;39;153;9;58453;6104;0;1;1163;0;0,010882882656060786;0,11201586996787766;1,8616800415687769;1,2784125785333371;0,2771821225072303;Potencia;Bajo;Operación normal;Monitoreo rutinario
298;309;2056;18;144;11;38447;2692;0;1;1164;0;0,03994568048667176;0,11201586996787766;1,8616800415687769;1,2784125785333371;0,2771821225072303;Potencia;Bajo;Operación normal;Monitoreo rutinario
297;307;1500;39;175;10;59850;6982;1;0;1165;0;0,011275794740172469;0,11201586996787766;1,840596765542278;1,243013174148468;0,14831111679057707;Potencia;Bajo;Operación normal;Monitoreo rutinario
298;308;1390;53;88;10;74921;4743;1;0;1166;0;0,04757653790261478;0,11201586996787766;1,840596765542278;1,243013174148468;0,14831111679057707;Potencia;Bajo;Operación normal;Monitoreo rutinario
299;309;1772;24;113;9;43945;2802;1;0;1167;0;0,020519827359097527;0,11201586996787766;1,840596765542278;1,243013174148468;0,14831111679057707;Potencia;Bajo;Operación normal;Monitoreo rutinario
300;309;1471;45;223;8;66489;10079;0;0;1168;0;0,3536901244117104;0,11201586996787766;1,8616800415687769;1,2784125785333371;0,2771821225072303;Potencia;Medio;Mantenimiento preventivo programado;Revisar Potencia
297;307;1420;39;192;10;56515;7641;0;0;1169;0;0,0344667147711282;0,11201586996787766;1,8616800415687769;1,2784125785333371;0,2771821225072303;Potencia;Bajo;Operación normal;Monitoreo rutinario
300;311;1497;43;198;11;65269;8632;1;0;1170;0;0,037080493072676766;0,11201586996787766;1,840596765542278;1,243013174148468;0,14831111679057707;Potencia;Bajo;Operación normal;Monitoreo rutinario
300;311;1395;43;215;11;60961;9395;1;0;1171;0;0,3169800573277136;0,11201586996787766;1,840596765542278;1,243013174148468;0,14831111679057707;Potencia;Medio;Mantenimiento preventivo programado;Revisar Potencia
297;308;1488;36;71;11;54163;2584;1;0;1172;0;0,008704533515408614;0,11201586996787766;1,840596765542278;1,243013174148468;0,14831111679057707;Potencia;Bajo;Operación normal;Monitoreo rutinario
301;312;1540;34;113;11;52514;3853;1;0;1173;0;0,00600371916074752;0,11201586996787766;1,840596765542278;1,243013174148468;0,14831111679057707;Potencia;Bajo;Operación normal;Monitoreo rutinario
298;308;1622;34;67;9;56607;2338;1;0;1174;0;0,01097285139598896;0,11201586996787766;1,840596765542278;1,243013174148468;0,14831111679057707;Potencia;Bajo;Operación normal;Monitoreo rutinario
299;310;1421;41;149;11;58545;6138;0;0;1175;0;0,02138945226530759;0,11201586996787766;1,8616800415687769;1,2784125785333371;0,2771821225072303;Potencia;Bajo;Operación normal;Monitoreo rutinario
301;311;1799;21;206;10;39038;4470;1;0;1176;0;0,28431091306833806;0,11201586996787766;1,840596765542278;1,243013174148468;0,14831111679057707;Potencia;Bajo;Operación normal;Monitoreo rutinario
300;311;1476;48;189;11;71881;9204;1;0;1177;0;0,03743906760836779;0,11201586996787766;1,840596765542278;1,243013174148468;0,14831111679057707;Potencia;Bajo;Operación normal;Monitoreo rutinario
303;311;1372;54;117;8;74499;6353;0;1;1178;1;0,954033106523485;0,11201586996787766;1,8616800415687769;1,2784125785333371;0,2771821225072303;Potencia;Alto;Intervención inmediata;Acción crítica inmediata sobre Potencia
301;310;1369;45;156;8;62152;7082;0;0;1179;1;0,6731321408280666;0,11201586996787766;1,8616800415687769;1,2784125785333371;0,2771821225072303;Potencia;Alto;Intervención inmediata;Acción crítica inmediata sobre Potencia
295;306;1892;21;72;10;41056;1562;1;0;1180;0;0,016875059688387546;0,11201586996787766;1,840596765542278;1,243013174148468;0,14831111679057707;Potencia;Bajo;Operación normal;Monitoreo rutinario
302;311;1744;30;116;9;52843;3514;0;0;1181;0;0,015438447924990434;0,11201586996787766;1,8616800415687769;1,2784125785333371;0,2771821225072303;Potencia;Bajo;Operación normal;Monitoreo rutinario
300;310;1790;25;123;10;46003;3161;0;1;1182;0;0,023612825285533795;0,11201586996787766;1,8616800415687769;1,2784125785333371;0,2771821225072303;Potencia;Bajo;Operación normal;Monitoreo rutinario
298;308;1612;32;10;9;52551;326;0;0;1183;0;0,010418782968687458;0,11201586996787766;1,8616800415687769;1,2784125785333371;0,2771821225072303;Potencia;Bajo;Operación normal;Monitoreo rutinario
298;307;1485;42;117;9;62370;4914;0;1;1184;0;0,010418782968687458;0,11201586996787766;1,8616800415687769;1,2784125785333371;0,2771821225072303;Potencia;Bajo;Operación normal;Monitoreo rutinario
297;307;1456;50;166;10;72800;8300;1;0;1185;0;0,018237969954079305;0,11201586996787766;1,840596765542278;1,243013174148468;0,14831111679057707;Potencia;Bajo;Operación normal;Monitoreo rutinario
304;313;1327;54;57;9;71790;3083;1;0;1186;0;0,10255612480774949;0,11201586996787766;1,840596765542278;1,243013174148468;0,14831111679057707;Potencia;Bajo;Operación normal;Monitoreo rutinario
297;307;1432;40;132;9;57566;5306;0;0;1187;0;0,012078437575819785;0,11201586996787766;1,8616800415687769;1,2784125785333371;0,2771821225072303;Potencia;Bajo;Operación normal;Monitoreo rutinario
297;308;1423;38;154;10;54074;5852;1;0;1188;0;0,010758880990564924;0,11201586996787766;1,840596765542278;1,243013174148468;0,14831111679057707;Potencia;Bajo;Operación normal;Monitoreo rutinario
298;310;1402;69;64;11;97719;4460;0;1;1189;1;0,9569594912267643;0,11201586996787766;1,8616800415687769;1,2784125785333371;0,2771821225072303;Potencia;Alto;Intervención inmediata;Acción crítica inmediata sobre Potencia
300;311;1575;29;210;11;46935;6258;0;1;1190;0;0,4976796616429941;0,11201586996787766;1,8616800415687769;1,2784125785333371;0,2771821225072303;Potencia;Medio;Mantenimiento preventivo programado;Revisar Potencia
301;311;1570;41;202;10;65312;8403;1;0;1191;0;0,03821037557948648;0,11201586996787766;1,840596765542278;1,243013174148468;0,14831111679057707;Potencia;Bajo;Operación normal;Monitoreo rutinario
298;308;1668;35;77;9;58713;2710;1;0;1192;0;0,01097285139598896;0,11201586996787766;1,840596765542278;1,243013174148468;0,14831111679057707;Potencia;Bajo;Operación normal;Monitoreo rutinario
297;308;1424;53;120;10;76753;6468;0;1;1193;0;0,02514093043825561;0,11201586996787766;1,8616800415687769;1,2784125785333371;0,2771821225072303;Potencia;Bajo;Operación normal;Monitoreo rutinario
299;310;1531;36;62;10;56340;2281;0;0;1194;0;0,01712191519992221;0,11201586996787766;1,8616800415687769;1,2784125785333371;0,2771821225072303;Potencia;Bajo;Operación normal;Monitoreo rutinario
298;307;1354;43;155;9;58628;6711;1;0;1195;0;0,029436927163697873;0,11201586996787766;1,840596765542278;1,243013174148468;0,14831111679057707;Potencia;Bajo;Operación normal;Monitoreo rutinario
302;312;1550;45;72;9;70525;3276;1;0;1196;0;0,009671908437835148;0,11201586996787766;1,840596765542278;1,243013174148468;0,14831111679057707;Potencia;Bajo;Operación normal;Monitoreo rutinario
300;309;1462;42;50;9;62573;2140;0;1;1197;0;0,011786075161372998;0,11201586996787766;1,8616800415687769;1,2784125785333371;0,2771821225072303;Potencia;Bajo;Operación normal;Monitoreo rutinario
297;307;1261;51;130;10;64437;6643;0;1;1198;0;0,0409493584726373;0,11201586996787766;1,8616800415687769;1,2784125785333371;0,2771821225072303;Potencia;Bajo;Operación normal;Monitoreo rutinario
298;309;1730;30;41;10;52246;1238;1;0;1199;0;0,010021984994337126;0,11201586996787766;1,840596765542278;1,243013174148468;0,14831111679057707;Potencia;Bajo;Operación normal;Monitoreo rutinario
302;312;1420;51;182;9;73272;9391;1;0;1200;0;0,023302994962148004;0,11201586996787766;1,840596765542278;1,243013174148468;0,14831111679057707;Potencia;Bajo;Operación normal;Monitoreo rutinario
300;311;1534;37;90;11;57831;3393;1;0;1201;0;0,009782181124403964;0,11201586996787766;1,840596765542278;1,243013174148468;0,14831111679057707;Potencia;Bajo;Operación normal;Monitoreo rutinario
298;309;1366;55;65;10;75130;3575;0;1;1202;0;0,0549575087900915;0,11201586996787766;1,8616800415687769;1,2784125785333371;0,2771821225072303;Potencia;Bajo;Operación normal;Monitoreo rutinario
302;310;1356;48;36;8;65494;1738;0;1;1203;1;0,9538281830429076;0,11201586996787766;1,8616800415687769;1,2784125785333371;0,2771821225072303;Potencia;Alto;Intervención inmediata;Acción crítica inmediata sobre Potencia
302;312;1746;27;44;9;47840;1205;1;0;1204;0;0,009515893975539248;0,11201586996787766;1,840596765542278;1,243013174148468;0,14831111679057707;Potencia;Bajo;Operación normal;Monitoreo rutinario
298;307;1502;41;79;9;62783;3302;1;0;1205;0;0,01097285139598896;0,11201586996787766;1,840596765542278;1,243013174148468;0,14831111679057707;Potencia;Bajo;Operación normal;Monitoreo rutinario
298;309;1523;41;165;10;63813;6913;1;0;1206;0;0,011193113190712279;0,11201586996787766;1,840596765542278;1,243013174148468;0,14831111679057707;Potencia;Bajo;Operación normal;Monitoreo rutinario
301;311;1834;25;22;9;46583;558;0;1;1207;0;0,01358971008933355;0,11201586996787766;1,8616800415687769;1,2784125785333371;0,2771821225072303;Potencia;Bajo;Operación normal;Monitoreo rutinario
303;313;1422;42;152;9;60292;6444;1;0;1208;0;0,018718174287066593;0,11201586996787766;1,840596765542278;1,243013174148468;0,14831111679057707;Potencia;Bajo;Operación normal;Monitoreo rutinario
302;310;1509;37;45;7;56738;1692;0;1;1209;0;0,028670727122423197;0,11201586996787766;1,8616800415687769;1,2784125785333371;0,2771821225072303;Potencia;Bajo;Operación normal;Monitoreo rutinario
297;308;2033;16;128;10;33951;2137;0;1;1210;0;0,12432135393591541;0,11201586996787766;1,8616800415687769;1,2784125785333371;0,2771821225072303;Potencia;Bajo;Operación normal;Monitoreo rutinario
301;311;1417;52;171;9;74392;8977;0;1;1211;0;0,03475345528978595;0,11201586996787766;1,8616800415687769;1,2784125785333371;0,2771821225072303;Potencia;Bajo;Operación normal;Monitoreo rutinario
298;307;1524;40;71;9;62179;2896;1;0;1212;0;0,01097285139598896;0,11201586996787766;1,840596765542278;1,243013174148468;0,14831111679057707;Potencia;Bajo;Operación normal;Monitoreo rutinario
298;309;1512;40;156;10;61538;6349;1;0;1213;0;0,011193113190712279;0,11201586996787766;1,840596765542278;1,243013174148468;0,14831111679057707;Potencia;Bajo;Operación normal;Monitoreo rutinario
300;312;1422;50;219;11;72095;11103;0;1;1214;0;0,46376168779572513;0,11201586996787766;1,8616800415687769;1,2784125785333371;0,2771821225072303;Potencia;Medio;Mantenimiento preventivo programado;Revisar Potencia
299;310;1507;41;158;11;62239;6525;1;0;1215;0;0,021489607392829835;0,11201586996787766;1,840596765542278;1,243013174148468;0,14831111679057707;Potencia;Bajo;Operación normal;Monitoreo rutinario
300;311;1428;52;208;11;75112;10940;1;0;1216;1;0,5808924009183811;0,11201586996787766;1,840596765542278;1,243013174148468;0,14831111679057707;Potencia;Medio;Mantenimiento preventivo programado;Revisar Potencia
298;307;1423;48;183;9;68446;8802;1;0;1217;0;0,05169515927059675;0,11201586996787766;1,840596765542278;1,243013174148468;0,14831111679057707;Potencia;Bajo;Operación normal;Monitoreo rutinario
300;310;1445;46;155;10;67337;7223;1;0;1218;0;0,024045172126522664;0,11201586996787766;1,840596765542278;1,243013174148468;0,14831111679057707;Potencia;Bajo;Operación normal;Monitoreo rutinario
303;312;1892;22;79;8;42570;1777;1;0;1219;0;0,019599256866408066;0,11201586996787766;1,840596765542278;1,243013174148468;0,14831111679057707;Potencia;Bajo;Operación normal;Monitoreo rutinario
302;311;1392;50;51;8;70296;2575;1;0;1220;0;0,4138551701107024;0,11201586996787766;1,840596765542278;1,243013174148468;0,14831111679057707;Potencia;Medio;Mantenimiento preventivo programado;Revisar Potencia
300;311;1342;48;203;11;65087;9845;0;1;1221;0;0,127114883012616;0,11201586996787766;1,8616800415687769;1,2784125785333371;0,2771821225072303;Potencia;Bajo;Operación normal;Monitoreo rutinario
298;309;1409;43;166;10;60727;7154;1;0;1222;0;0,014105355617218934;0,11201586996787766;1,840596765542278;1,243013174148468;0,14831111679057707;Potencia;Bajo;Operación normal;Monitoreo rutinario
303;311;1658;30;7;8;50569;213;1;0;1223;0;0,04394689053500179;0,11201586996787766;1,840596765542278;1,243013174148468;0,14831111679057707;Potencia;Bajo;Operación normal;Monitoreo rutinario
297;309;1525;41;235;11;63592;9799;0;0;1224;0;0,05919879019471988;0,11201586996787766;1,8616800415687769;1,2784125785333371;0,2771821225072303;Potencia;Bajo;Operación normal;Monitoreo rutinario
300;309;1312;65;192;9;85673;12537;1;0;1225;1;0,9887683760168837;0,11201586996787766;1,840596765542278;1,243013174148468;0,14831111679057707;Potencia;Alto;Intervención inmediata;Acción crítica inmediata sobre Potencia
300;311;1910;19;13;11;37627;256;1;0;1226;0;0,01835729755842333;0,11201586996787766;1,840596765542278;1,243013174148468;0,14831111679057707;Potencia;Bajo;Operación normal;Monitoreo rutinario
299;309;1377;43;28;9;60037;1220;1;0;1227;0;0,03587654269458838;0,11201586996787766;1,840596765542278;1,243013174148468;0,14831111679057707;Potencia;Bajo;Operación normal;Monitoreo rutinario
303;311;1353;44;192;8;59667;8467;0;1;1228;1;0,8950012333275069;0,11201586996787766;1,8616800415687769;1,2784125785333371;0,2771821225072303;Potencia;Alto;Intervención inmediata;Acción crítica inmediata sobre Potencia
300;311;1487;37;162;10;55613;6058;1;0;1229;0;0,009412395592819546;0,11201586996787766;1,840596765542278;1,243013174148468;0,14831111679057707;Potencia;Bajo;Operación normal;Monitoreo rutinario
301;311;1389;53;8;10;74033;426;0;1;1230;0;0,05685568383290616;0,11201586996787766;1,8616800415687769;1,2784125785333371;0,2771821225072303;Potencia;Bajo;Operación normal;Monitoreo rutinario
297;308;1706;30;9;10;52715;278;1;0;1231;0;0,008506803285182052;0,11201586996787766;1,840596765542278;1,243013174148468;0,14831111679057707;Potencia;Bajo;Operación normal;Monitoreo rutinario
301;311;1660;33;115;9;56107;3886;0;1;1232;0;0,010524336814766326;0,11201586996787766;1,8616800415687769;1,2784125785333371;0,2771821225072303;Potencia;Bajo;Operación normal;Monitoreo rutinario
297;308;1537;39;103;11;59943;4017;1;0;1233;0;0,009811708917617033;0,11201586996787766;1,840596765542278;1,243013174148468;0,14831111679057707;Potencia;Bajo;Operación normal;Monitoreo rutinario
299;311;1679;30;129;11;51545;3960;1;0;1234;0;0,009782181124403964;0,11201586996787766;1,840596765542278;1,243013174148468;0,14831111679057707;Potencia;Bajo;Operación normal;Monitoreo rutinario
301;310;1598;35;71;9;57368;2548;0;0;1235;0;0,019764401007862573;0,11201586996787766;1,8616800415687769;1,2784125785333371;0,2771821225072303;Potencia;Bajo;Operación normal;Monitoreo rutinario
296;308;1483;44;219;11;65696;9701;0;1;1236;0;0,21515616453561306;0,11201586996787766;1,8616800415687769;1,2784125785333371;0,2771821225072303;Potencia;Bajo;Operación normal;Monitoreo rutinario
303;312;1339;62;156;8;83419;9718;1;0;1237;1;0,6611813104812659;0,11201586996787766;1,840596765542278;1,243013174148468;0,14831111679057707;Potencia;Alto;Intervención inmediata;Acción crítica inmediata sobre Potencia
297;308;1678;28;133;11;47151;3737;0;1;1238;0;0,012517559530979598;0,11201586996787766;1,8616800415687769;1,2784125785333371;0,2771821225072303;Potencia;Bajo;Operación normal;Monitoreo rutinario
298;308;1607;31;39;10;51263;1244;0;1;1239;0;0,010555098519880844;0,11201586996787766;1,8616800415687769;1,2784125785333371;0,2771821225072303;Potencia;Bajo;Operación normal;Monitoreo rutinario
297;308;1513;42;212;11;64907;9094;1;0;1240;1;0,5279590261683212;0,11201586996787766;1,840596765542278;1,243013174148468;0,14831111679057707;Potencia;Medio;Mantenimiento preventivo programado;Revisar Potencia
297;308;1924;22;163;11;42520;3602;1;0;1241;0;0,01957129234553599;0,11201586996787766;1,840596765542278;1,243013174148468;0,14831111679057707;Potencia;Bajo;Operación normal;Monitoreo rutinario
303;312;1766;26;157;9;47152;4191;0;1;1242;0;0,01766366194910641;0,11201586996787766;1,8616800415687769;1,2784125785333371;0,2771821225072303;Potencia;Bajo;Operación normal;Monitoreo rutinario
297;308;1364;54;43;11;73656;2322;0;1;1243;0;0,053855708855911025;0,11201586996787766;1,8616800415687769;1,2784125785333371;0,2771821225072303;Potencia;Bajo;Operación normal;Monitoreo rutinario
299;309;1495;44;55;9;65780;2420;1;0;1244;0;0,013584519889487069;0,11201586996787766;1,840596765542278;1,243013174148468;0,14831111679057707;Potencia;Bajo;Operación normal;Monitoreo rutinario
298;309;1426;45;38;10;64740;1725;0;1;1245;0;0,013226684022417457;0,11201586996787766;1,8616800415687769;1,2784125785333371;0,2771821225072303;Potencia;Bajo;Operación normal;Monitoreo rutinario
299;311;1745;26;150;11;45893;3945;0;1;1246;0;0,01559026919039709;0,11201586996787766;1,8616800415687769;1,2784125785333371;0,2771821225072303;Potencia;Bajo;Operación normal;Monitoreo rutinario
298;310;1435;45;37;11;65436;1687;0;0;1247;0;0,0196509308519112;0,11201586996787766;1,8616800415687769;1,2784125785333371;0,2771821225072303;Potencia;Bajo;Operación normal;Monitoreo rutinario
299;308;1367;47;168;9;65069;7996;0;1;1248;0;0,04218980591939528;0,11201586996787766;1,8616800415687769;1,2784125785333371;0,2771821225072303;Potencia;Bajo;Operación normal;Monitoreo rutinario
300;310;1386;48;225;9;66805;10845;0;1;1249;1;0,5593258657103499;0,11201586996787766;1,8616800415687769;1,2784125785333371;0,2771821225072303;Potencia;Medio;Mantenimiento preventivo programado;Revisar Potencia
297;308;1429;54;138;11;77166;7452;1;0;1250;0;0,027060560347642485;0,11201586996787766;1,840596765542278;1,243013174148468;0,14831111679057707;Potencia;Bajo;Operación normal;Monitoreo rutinario
301;310;1391;50;195;8;70384;9867;0;1;1251;1;0,5599600408980981;0,11201586996787766;1,8616800415687769;1,2784125785333371;0,2771821225072303;Potencia;Medio;Mantenimiento preventivo programado;Revisar Potencia
298;307;1463;46;182;9;68029;8463;0;1;1252;0;0,02949661011660119;0,11201586996787766;1,8616800415687769;1,2784125785333371;0,2771821225072303;Potencia;Bajo;Operación normal;Monitoreo rutinario
298;310;1458;41;61;11;61090;2555;0;1;1253;0;0,014163036171283915;0,11201586996787766;1,8616800415687769;1,2784125785333371;0,2771821225072303;Potencia;Bajo;Operación normal;Monitoreo rutinario
302;311;1574;34;215;8;53673;7331;0;1;1254;0;0,21025656501500908;0,11201586996787766;1,8616800415687769;1,2784125785333371;0,2771821225072303;Potencia;Bajo;Operación normal;Monitoreo rutinario
299;311;1337;54;32;11;73267;1753;0;1;1255;0;0,05617306610786927;0,11201586996787766;1,8616800415687769;1,2784125785333371;0,2771821225072303;Potencia;Bajo;Operación normal;Monitoreo rutinario
298;308;1433;44;108;9;64055;4827;1;0;1256;0;0,013710088646905117;0,11201586996787766;1,840596765542278;1,243013174148468;0,14831111679057707;Potencia;Bajo;Operación normal;Monitoreo rutinario
297;308;1699;30;40;11;51139;1204;0;1;1257;0;0,009402782127650328;0,11201586996787766;1,8616800415687769;1,2784125785333371;0,2771821225072303;Potencia;Bajo;Operación normal;Monitoreo rutinario
302;311;1306;59;172;9;77968;10268;1;0;1258;0;0,41087353490260803;0,11201586996787766;1,840596765542278;1,243013174148468;0,14831111679057707;Potencia;Medio;Mantenimiento preventivo programado;Revisar Potencia
297;309;1924;20;37;11;39634;762;1;0;1259;0;0,01573322946984766;0,11201586996787766;1,840596765542278;1,243013174148468;0,14831111679057707;Potencia;Bajo;Operación normal;Monitoreo rutinario
300;309;1478;39;180;9;58381;7110;1;0;1260;0;0,0345502456170211;0,11201586996787766;1,840596765542278;1,243013174148468;0,14831111679057707;Potencia;Bajo;Operación normal;Monitoreo rutinario
304;313;1466;39;83;9;57907;3278;0;1;1261;0;0,013260414541385998;0,11201586996787766;1,8616800415687769;1,2784125785333371;0,2771821225072303;Potencia;Bajo;Operación normal;Monitoreo rutinario
297;308;1576;32;83;11;51535;2714;1;0;1262;0;0,008704533515408614;0,11201586996787766;1,840596765542278;1,243013174148468;0,14831111679057707;Potencia;Bajo;Operación normal;Monitoreo rutinario
299;309;1598;34;111;9;55290;3840;1;0;1263;0;0,013584519889487069;0,11201586996787766;1,840596765542278;1,243013174148468;0,14831111679057707;Potencia;Bajo;Operación normal;Monitoreo rutinario
299;309;1429;42;127;9;60875;5410;1;0;1264;0;0,016962078690555524;0,11201586996787766;1,840596765542278;1,243013174148468;0,14831111679057707;Potencia;Bajo;Operación normal;Monitoreo rutinario
298;307;1530;35;68;9;54927;2441;1;0;1265;0;0,01097285139598896;0,11201586996787766;1,840596765542278;1,243013174148468;0,14831111679057707;Potencia;Bajo;Operación normal;Monitoreo rutinario
302;312;1487;46;175;9;68550;8067;0;1;1266;0;0,009566324186223937;0,11201586996787766;1,8616800415687769;1,2784125785333371;0,2771821225072303;Potencia;Bajo;Operación normal;Monitoreo rutinario
303;311;1597;36;191;8;58609;7009;0;1;1267;0;0,05054545630384487;0,11201586996787766;1,8616800415687769;1,2784125785333371;0,2771821225072303;Potencia;Bajo;Operación normal;Monitoreo rutinario
301;310;1782;24;93;9;44371;2315;0;0;1268;0;0,027060547532345616;0,11201586996787766;1,8616800415687769;1,2784125785333371;0,2771821225072303;Potencia;Bajo;Operación normal;Monitoreo rutinario
300;310;1636;35;153;10;57750;5400;0;1;1269;0;0,017611313944822966;0,11201586996787766;1,8616800415687769;1,2784125785333371;0,2771821225072303;Potencia;Bajo;Operación normal;Monitoreo rutinario
296;307;1482;39;153;10;59131;6104;0;1;1270;0;0,010955187259346818;0,11201586996787766;1,8616800415687769;1,2784125785333371;0,2771821225072303;Potencia;Bajo;Operación normal;Monitoreo rutinario
303;311;1335;53;164;8;71556;8790;0;1;1271;1;0,9495794250053686;0,11201586996787766;1,8616800415687769;1,2784125785333371;0,2771821225072303;Potencia;Alto;Intervención inmediata;Acción crítica inmediata sobre Potencia
299;309;1472;48;72;9;71833;3513;1;0;1272;0;0,02187878010929083;0,11201586996787766;1,840596765542278;1,243013174148468;0,14831111679057707;Potencia;Bajo;Operación normal;Monitoreo rutinario
301;310;1567;39;114;8;61269;4457;1;0;1273;0;0,024380427216192598;0,11201586996787766;1,840596765542278;1,243013174148468;0,14831111679057707;Potencia;Bajo;Operación normal;Monitoreo rutinario
296;307;1927;23;112;11;46055;2676;1;0;1274;0;0,022750917334240915;0,11201586996787766;1,840596765542278;1,243013174148468;0,14831111679057707;Potencia;Bajo;Operación normal;Monitoreo rutinario
300;310;1925;22;74;10;42350;1628;1;0;1275;0;0,024850929391034882;0,11201586996787766;1,840596765542278;1,243013174148468;0,14831111679057707;Potencia;Bajo;Operación normal;Monitoreo rutinario
299;310;1431;39;157;11;57096;6264;1;0;1276;0;0,024291820390249665;0,11201586996787766;1,840596765542278;1,243013174148468;0,14831111679057707;Potencia;Bajo;Operación normal;Monitoreo rutinario
298;308;1430;49;135;9;70928;6696;0;1;1277;0;0,020976312431062148;0,11201586996787766;1,8616800415687769;1,2784125785333371;0,2771821225072303;Potencia;Bajo;Operación normal;Monitoreo rutinario
297;308;1328;61;98;11;82070;6056;1;0;1278;0;0,11545651348155332;0,11201586996787766;1,840596765542278;1,243013174148468;0,14831111679057707;Potencia;Bajo;Operación normal;Monitoreo rutinario
302;309;1447;42;185;7;61931;7917;0;0;1279;0;0,023822472449779458;0,11201586996787766;1,8616800415687769;1,2784125785333371;0,2771821225072303;Potencia;Bajo;Operación normal;Monitoreo rutinario
299;311;1574;35;133;11;55090;4655;1;0;1280;0;0,009782181124403964;0,11201586996787766;1,840596765542278;1,243013174148468;0,14831111679057707;Potencia;Bajo;Operación normal;Monitoreo rutinario
301;310;1503;38;200;9;57414;7640;0;1;1281;0;0,0735700378275551;0,11201586996787766;1,8616800415687769;1,2784125785333371;0,2771821225072303;Potencia;Bajo;Operación normal;Monitoreo rutinario
298;308;1750;29;50;10;52325;1495;0;1;1282;0;0,009940890177909676;0,11201586996787766;1,8616800415687769;1,2784125785333371;0,2771821225072303;Potencia;Bajo;Operación normal;Monitoreo rutinario
300;309;1552;41;116;9;64097;4790;0;1;1283;0;0,011786075161372998;0,11201586996787766;1,8616800415687769;1,2784125785333371;0,2771821225072303;Potencia;Bajo;Operación normal;Monitoreo rutinario
297;308;1506;36;150;10;54216;5400;1;0;1284;0;0,009582331447415559;0,11201586996787766;1,840596765542278;1,243013174148468;0,14831111679057707;Potencia;Bajo;Operación normal;Monitoreo rutinario
300;310;1521;39;61;10;59927;2403;1;0;1285;0;0,016476416573528833;0,11201586996787766;1,840596765542278;1,243013174148468;0,14831111679057707;Potencia;Bajo;Operación normal;Monitoreo rutinario
298;308;1404;46;201;10;65426;9366;1;0;1286;0;0,10331907286155873;0,11201586996787766;1,840596765542278;1,243013174148468;0,14831111679057707;Potencia;Bajo;Operación normal;Monitoreo rutinario
298;309;1562;38;58;11;59512;2209;0;0;1287;0;0,010174069155813575;0,11201586996787766;1,8616800415687769;1,2784125785333371;0,2771821225072303;Potencia;Bajo;Operación normal;Monitoreo rutinario
300;311;1505;41;129;10;61855;5301;1;0;1288;0;0,008355780242161909;0,11201586996787766;1,840596765542278;1,243013174148468;0,14831111679057707;Potencia;Bajo;Operación normal;Monitoreo rutinario
300;310;1477;43;143;9;63806;6177;1;0;1289;0;0,017263016358976424;0,11201586996787766;1,840596765542278;1,243013174148468;0,14831111679057707;Potencia;Bajo;Operación normal;Monitoreo rutinario
303;312;1919;20;131;8;38763;2646;0;1;1290;0;0,0195082131780394;0,11201586996787766;1,8616800415687769;1,2784125785333371;0,2771821225072303;Potencia;Bajo;Operación normal;Monitoreo rutinario
300;310;2514;13;215;9;33687;2881;1;0;1291;1;0,7274251225435725;0,11201586996787766;1,840596765542278;1,243013174148468;0,14831111679057707;Potencia;Alto;Intervención inmediata;Acción crítica inmediata sobre Potencia
298;307;1281;50;122;9;65074;6197;1;0;1292;0;0,04843855436001896;0,11201586996787766;1,840596765542278;1,243013174148468;0,14831111679057707;Potencia;Bajo;Operación normal;Monitoreo rutinario
300;310;1648;30;217;9;50264;6618;1;0;1293;1;0,6621252714776827;0,11201586996787766;1,840596765542278;1,243013174148468;0,14831111679057707;Potencia;Alto;Intervención inmediata;Acción crítica inmediata sobre Potencia
301;311;1576;30;151;9;47910;4590;1;0;1294;0;0,015369665215900167;0,11201586996787766;1,840596765542278;1,243013174148468;0,14831111679057707;Potencia;Bajo;Operación normal;Monitoreo rutinario
298;309;1615;28;199;11;46512;5731;1;0;1295;0;0,07530483683741923;0,11201586996787766;1,840596765542278;1,243013174148468;0,14831111679057707;Potencia;Bajo;Operación normal;Monitoreo rutinario
297;309;1648;33;29;11;54384;957;0;0;1296;0;0,0074682488456717525;0,11201586996787766;1,8616800415687769;1,2784125785333371;0,2771821225072303;Potencia;Bajo;Operación normal;Monitoreo rutinario
298;309;1280;64;71;11;82048;4551;0;1;1297;0;0,11925060537981233;0,11201586996787766;1,8616800415687769;1,2784125785333371;0,2771821225072303;Potencia;Bajo;Operación normal;Monitoreo rutinario
298;308;1367;41;113;10;57277;4734;1;0;1298;0;0,02779466281503794;0,11201586996787766;1,840596765542278;1,243013174148468;0,14831111679057707;Potencia;Bajo;Operación normal;Monitoreo rutinario
296;307;1566;35;206;11;54966;7230;1;0;1299;0;0,30731760602284275;0,11201586996787766;1,840596765542278;1,243013174148468;0,14831111679057707;Potencia;Medio;Mantenimiento preventivo programado;Revisar Potencia
302;311;1470;39;97;8;58212;3841;1;0;1300;0;0,018391609638588536;0,11201586996787766;1,840596765542278;1,243013174148468;0,14831111679057707;Potencia;Bajo;Operación normal;Monitoreo rutinario
296;308;1356;48;201;11;65494;9708;1;0;1301;0;0,14544248545672214;0,11201586996787766;1,840596765542278;1,243013174148468;0,14831111679057707;Potencia;Bajo;Operación normal;Monitoreo rutinario
301;310;1503;48;72;9;73045;3499;1;0;1302;0;0,03335878609383148;0,11201586996787766;1,840596765542278;1,243013174148468;0,14831111679057707;Potencia;Bajo;Operación normal;Monitoreo rutinario
302;312;1344;51;206;9;68544;10506;1;0;1303;0;0,13358912072000928;0,11201586996787766;1,840596765542278;1,243013174148468;0,14831111679057707;Potencia;Bajo;Operación normal;Monitoreo rutinario
297;308;1731;28;104;11;49160;2953;1;0;1304;0;0,013181753664397153;0,11201586996787766;1,840596765542278;1,243013174148468;0,14831111679057707;Potencia;Bajo;Operación normal;Monitoreo rutinario
300;309;1558;29;168;9;46272;4989;1;0;1305;0;0,021104263812633778;0,11201586996787766;1,840596765542278;1,243013174148468;0,14831111679057707;Potencia;Bajo;Operación normal;Monitoreo rutinario
298;309;1519;35;133;11;53772;4708;0;1;1306;0;0,010174069155813575;0,11201586996787766;1,8616800415687769;1,2784125785333371;0,2771821225072303;Potencia;Bajo;Operación normal;Monitoreo rutinario
301;310;1560;38;52;9;60060;2002;1;0;1307;0;0,020805018291347798;0,11201586996787766;1,840596765542278;1,243013174148468;0,14831111679057707;Potencia;Bajo;Operación normal;Monitoreo rutinario
298;309;1356;54;6;11;73224;324;1;0;1308;0;0,06153110554692582;0,11201586996787766;1,840596765542278;1,243013174148468;0,14831111679057707;Potencia;Bajo;Operación normal;Monitoreo rutinario
297;307;1536;40;92;10;62054;3716;1;0;1309;0;0,009711138361875671;0,11201586996787766;1,840596765542278;1,243013174148468;0,14831111679057707;Potencia;Bajo;Operación normal;Monitoreo rutinario
304;313;1557;37;164;9;58076;6117;0;1;1310;0;0,01492790031325031;0,11201586996787766;1,8616800415687769;1,2784125785333371;0,2771821225072303;Potencia;Bajo;Operación normal;Monitoreo rutinario
297;307;1447;46;8;10;67140;371;1;0;1311;0;0,01273361082548954;0,11201586996787766;1,840596765542278;1,243013174148468;0,14831111679057707;Potencia;Bajo;Operación normal;Monitoreo rutinario
298;308;1353;54;38;10;73197;2055;1;0;1312;0;0,060192454967252895;0,11201586996787766;1,840596765542278;1,243013174148468;0,14831111679057707;Potencia;Bajo;Operación normal;Monitoreo rutinario
302;310;1454;36;0;8;53216;0;1;0;1313;0;0,044805631160489065;-0,0010416336151943912;3,125048442483204;-0,33484602661259355;0,09092295302134024;Potencia;Bajo;Operación normal;Monitoreo rutinario
301;310;1660;29;72;8;48638;2109;0;0;1314;0;0,029870055852943018;0,11201586996787766;1,8616800415687769;1,2784125785333371;0,2771821225072303;Potencia;Bajo;Operación normal;Monitoreo rutinario
298;308;1727;27;37;10;46801;1002;0;1;1315;0;0,015044385403959415;0,11201586996787766;1,8616800415687769;1,2784125785333371;0,2771821225072303;Potencia;Bajo;Operación normal;Monitoreo rutinario
300;311;1476;32;144;11;48117;4694;0;1;1316;0;0,013849835326120316;0,11201586996787766;1,8616800415687769;1,2784125785333371;0,2771821225072303;Potencia;Bajo;Operación normal;Monitoreo rutinario
297;308;1255;60;77;11;76178;4673;0;1;1317;0;0,053855708855911025;0,11201586996787766;1,8616800415687769;1,2784125785333371;0,2771821225072303;Potencia;Bajo;Operación normal;Monitoreo rutinario
300;309;1427;37;73;9;53655;2744;1;0;1318;0;0,015502543536355579;0,11201586996787766;1,840596765542278;1,243013174148468;0,14831111679057707;Potencia;Bajo;Operación normal;Monitoreo rutinario
301;310;1385;47;30;9;65787;1425;0;1;1319;0;0,07975124853899228;0,11201586996787766;1,8616800415687769;1,2784125785333371;0,2771821225072303;Potencia;Bajo;Operación normal;Monitoreo rutinario
301;311;1715;24;17;9;42532;421;1;0;1320;0;0,013653517101878931;0,11201586996787766;1,840596765542278;1,243013174148468;0,14831111679057707;Potencia;Bajo;Operación normal;Monitoreo rutinario
300;309;1691;27;67;9;46671;1849;0;1;1321;0;0,017819809073812875;0,11201586996787766;1,8616800415687769;1,2784125785333371;0,2771821225072303;Potencia;Bajo;Operación normal;Monitoreo rutinario
300;309;1996;19;203;8;39520;4019;0;1;1322;0;0,06311238694708107;0,11201586996787766;1,8616800415687769;1,2784125785333371;0,2771821225072303;Potencia;Bajo;Operación normal;Monitoreo rutinario
302;311;1751;23;196;8;41673;4664;1;0;1323;0;0,01923333632814414;0,11201586996787766;1,840596765542278;1,243013174148468;0,14831111679057707;Potencia;Bajo;Operación normal;Monitoreo rutinario
298;309;1370;56;0;11;76720;0;1;0;1324;0;0,06153110554692582;-0,0010416336151943912;3,125048442483204;-0,33484602661259355;0,09092295302134024;Potencia;Bajo;Operación normal;Monitoreo rutinario
298;309;1592;38;169;10;60814;6455;0;1;1325;0;0,009839985374265286;0,11201586996787766;1,8616800415687769;1,2784125785333371;0,2771821225072303;Potencia;Bajo;Operación normal;Monitoreo rutinario
298;307;1608;33;193;9;54511;6542;1;0;1326;0;0,036699353338341796;0,11201586996787766;1,840596765542278;1,243013174148468;0,14831111679057707;Potencia;Bajo;Operación normal;Monitoreo rutinario
297;308;1431;49;210;10;71120;10437;1;0;1327;1;0,6573081694815025;0,11201586996787766;1,840596765542278;1,243013174148468;0,14831111679057707;Potencia;Alto;Intervención inmediata;Acción crítica inmediata sobre Potencia
300;309;1347;50;213;8;67484;10671;0;1;1328;1;0,8403300859488715;0,11201586996787766;1,8616800415687769;1,2784125785333371;0,2771821225072303;Potencia;Alto;Intervención inmediata;Acción crítica inmediata sobre Potencia
301;310;1437;51;112;9;73574;5734;1;0;1329;0;0,05161868710371358;0,11201586996787766;1,840596765542278;1,243013174148468;0,14831111679057707;Potencia;Bajo;Operación normal;Monitoreo rutinario
297;308;1522;38;33;11;57836;1254;0;1;1330;0;0,009315719523774673;0,11201586996787766;1,8616800415687769;1,2784125785333371;0,2771821225072303;Potencia;Bajo;Operación normal;Monitoreo rutinario
301;311;1484;36;188;10;53720;6805;1;0;1331;0;0,026556852314730612;0,11201586996787766;1,840596765542278;1,243013174148468;0,14831111679057707;Potencia;Bajo;Operación normal;Monitoreo rutinario
303;311;1695;30;90;8;52036;2763;1;0;1332;0;0,04394689053500179;0,11201586996787766;1,840596765542278;1,243013174148468;0,14831111679057707;Potencia;Bajo;Operación normal;Monitoreo rutinario
298;308;1741;32;112;10;57104;3673;1;0;1333;0;0,010469813262662568;0,11201586996787766;1,840596765542278;1,243013174148468;0,14831111679057707;Potencia;Bajo;Operación normal;Monitoreo rutinario
301;310;1377;44;161;8;61827;7228;0;1;1334;1;0,6327315872133067;0,11201586996787766;1,8616800415687769;1,2784125785333371;0,2771821225072303;Potencia;Alto;Intervención inmediata;Acción crítica inmediata sobre Potencia
299;309;1816;23;15;9;41768;345;1;0;1335;0;0,020519827359097527;0,11201586996787766;1,840596765542278;1,243013174148468;0,14831111679057707;Potencia;Bajo;Operación normal;Monitoreo rutinario
301;310;1569;32;188;9;50992;6110;0;1;1336;0;0,07092031164986415;0,11201586996787766;1,8616800415687769;1,2784125785333371;0,2771821225072303;Potencia;Bajo;Operación normal;Monitoreo rutinario
299;309;1387;48;25;9;66992;1207;0;1;1337;0;0,05018021940490804;0,11201586996787766;1,8616800415687769;1,2784125785333371;0,2771821225072303;Potencia;Bajo;Operación normal;Monitoreo rutinario
302;311;1448;49;28;9;71820;1388;1;0;1338;0;0,024951431244939783;0,11201586996787766;1,840596765542278;1,243013174148468;0,14831111679057707;Potencia;Bajo;Operación normal;Monitoreo rutinario
303;311;1544;42;227;8;65620;9647;1;0;1339;0;0,3730853113218885;0,11201586996787766;1,840596765542278;1,243013174148468;0,14831111679057707;Potencia;Medio;Mantenimiento preventivo programado;Revisar Potencia
299;310;1480;45;107;11;66748;4825;1;0;1340;0;0,021403375448949845;0,11201586996787766;1,840596765542278;1,243013174148468;0,14831111679057707;Potencia;Bajo;Operación normal;Monitoreo rutinario
300;310;1618;32;40;10;53070;1312;0;0;1341;0;0,015648845540619485;0,11201586996787766;1,8616800415687769;1,2784125785333371;0,2771821225072303;Potencia;Bajo;Operación normal;Monitoreo rutinario
300;310;1748;29;140;10;52265;4186;1;0;1342;0;0,016476416573528833;0,11201586996787766;1,840596765542278;1,243013174148468;0,14831111679057707;Potencia;Bajo;Operación normal;Monitoreo rutinario
297;308;1580;41;66;11;65096;2719;1;0;1343;0;0,009811708917617033;0,11201586996787766;1,840596765542278;1,243013174148468;0,14831111679057707;Potencia;Bajo;Operación normal;Monitoreo rutinario
300;310;1453;43;84;10;63786;3687;1;0;1344;0;0,016476416573528833;0,11201586996787766;1,840596765542278;1,243013174148468;0,14831111679057707;Potencia;Bajo;Operación normal;Monitoreo rutinario
301;310;1410;43;73;9;61899;3204;0;1;1345;0;0,03424035953921652;0,11201586996787766;1,8616800415687769;1,2784125785333371;0,2771821225072303;Potencia;Bajo;Operación normal;Monitoreo rutinario
300;309;1838;24;66;8;45766;1643;0;1;1346;0;0,01864649724024054;0,11201586996787766;1,8616800415687769;1,2784125785333371;0,2771821225072303;Potencia;Bajo;Operación normal;Monitoreo rutinario
297;308;1471;41;41;11;61340;1709;1;0;1347;0;0,009811708917617033;0,11201586996787766;1,840596765542278;1,243013174148468;0,14831111679057707;Potencia;Bajo;Operación normal;Monitoreo rutinario
303;313;1403;51;77;9;72815;3996;0;1;1348;0;0,04281247605909095;0,11201586996787766;1,8616800415687769;1,2784125785333371;0,2771821225072303;Potencia;Bajo;Operación normal;Monitoreo rutinario
301;310;1566;30;79;8;47449;2393;1;0;1349;0;0,03142568896906841;0,11201586996787766;1,840596765542278;1,243013174148468;0,14831111679057707;Potencia;Bajo;Operación normal;Monitoreo rutinario
300;309;2183;17;39;9;38857;694;1;0;1350;0;0,02389887076245611;0,11201586996787766;1,840596765542278;1,243013174148468;0,14831111679057707;Potencia;Bajo;Operación normal;Monitoreo rutinario
301;311;1455;39;118;9;57908;4696;1;0;1351;0;0,0105739054335558;0,11201586996787766;1,840596765542278;1,243013174148468;0,14831111679057707;Potencia;Bajo;Operación normal;Monitoreo rutinario
298;309;1618;31;108;11;50967;3402;1;0;1352;0;0,012187613872677696;0,11201586996787766;1,840596765542278;1,243013174148468;0,14831111679057707;Potencia;Bajo;Operación normal;Monitoreo rutinario
299;310;1540;38;182;11;58674;6934;0;1;1353;0;0,04814606588098806;0,11201586996787766;1,8616800415687769;1,2784125785333371;0,2771821225072303;Potencia;Bajo;Operación normal;Monitoreo rutinario
298;308;1377;52;181;9;71741;9430;0;0;1354;0;0,11685505846739112;0,11201586996787766;1,8616800415687769;1,2784125785333371;0,2771821225072303;Potencia;Bajo;Operación normal;Monitoreo rutinario
298;310;1495;42;175;11;64135;7507;1;0;1355;0;0,01730139377538357;0,11201586996787766;1,840596765542278;1,243013174148468;0,14831111679057707;Potencia;Bajo;Operación normal;Monitoreo rutinario
301;310;1274;55;169;9;70961;9413;1;0;1356;0;0,14591978229335203;0,11201586996787766;1,840596765542278;1,243013174148468;0,14831111679057707;Potencia;Bajo;Operación normal;Monitoreo rutinario
300;309;1481;37;34;9;56129;1288;1;0;1357;0;0,012411943863171952;0,11201586996787766;1,840596765542278;1,243013174148468;0,14831111679057707;Potencia;Bajo;Operación normal;Monitoreo rutinario
303;313;1551;36;140;9;57076;5152;1;0;1358;0;0,013322696313110541;0,11201586996787766;1,840596765542278;1,243013174148468;0,14831111679057707;Potencia;Bajo;Operación normal;Monitoreo rutinario
300;309;1439;43;61;8;61877;2623;0;1;1359;0;0,03930533486870265;0,11201586996787766;1,8616800415687769;1,2784125785333371;0,2771821225072303;Potencia;Bajo;Operación normal;Monitoreo rutinario
300;311;1579;33;59;11;53054;1982;1;0;1360;0;0,009782181124403964;0,11201586996787766;1,840596765542278;1,243013174148468;0,14831111679057707;Potencia;Bajo;Operación normal;Monitoreo rutinario
300;311;1377;56;50;11;78075;2835;0;0;1361;0;0,09298040001214916;0,11201586996787766;1,8616800415687769;1,2784125785333371;0,2771821225072303;Potencia;Bajo;Operación normal;Monitoreo rutinario
297;309;1958;22;108;11;43271;2386;1;0;1362;0;0,01573322946984766;0,11201586996787766;1,840596765542278;1,243013174148468;0,14831111679057707;Potencia;Bajo;Operación normal;Monitoreo rutinario
298;309;1353;57;89;10;78203;5144;1;0;1363;0;0,10705333678227343;0,11201586996787766;1,840596765542278;1,243013174148468;0,14831111679057707;Potencia;Bajo;Operación normal;Monitoreo rutinario
297;308;1373;56;203;10;77849;11510;1;0;1364;1;0,9685635352132121;0,11201586996787766;1,840596765542278;1,243013174148468;0,14831111679057707;Potencia;Alto;Intervención inmediata;Acción crítica inmediata sobre Potencia
298;308;1662;28;48;9;47533;1372;1;0;1365;0;0,016597257739366114;0,11201586996787766;1,840596765542278;1,243013174148468;0,14831111679057707;Potencia;Bajo;Operación normal;Monitoreo rutinario
301;312;1558;37;190;11;58425;7125;0;1;1366;0;0,013598024160587115;0,11201586996787766;1,8616800415687769;1,2784125785333371;0,2771821225072303;Potencia;Bajo;Operación normal;Monitoreo rutinario
299;309;2421;14;57;9;34378;809;1;0;1367;0;0,21837595507024962;0,11201586996787766;1,840596765542278;1,243013174148468;0,14831111679057707;Potencia;Bajo;Operación normal;Monitoreo rutinario
299;310;1449;40;40;11;58974;1628;1;0;1368;0;0,019262149980703996;0,11201586996787766;1,840596765542278;1,243013174148468;0,14831111679057707;Potencia;Bajo;Operación normal;Monitoreo rutinario
297;307;1507;38;170;10;57718;6510;1;0;1369;0;0,01084634026537292;0,11201586996787766;1,840596765542278;1,243013174148468;0,14831111679057707;Potencia;Bajo;Operación normal;Monitoreo rutinario
300;309;1552;36;113;8;56492;4113;1;0;1370;0;0,013791113052330148;0,11201586996787766;1,840596765542278;1,243013174148468;0,14831111679057707;Potencia;Bajo;Operación normal;Monitoreo rutinario
302;310;1923;23;172;7;44805;4007;1;0;1371;0;0,03766577221697935;0,11201586996787766;1,840596765542278;1,243013174148468;0,14831111679057707;Potencia;Bajo;Operación normal;Monitoreo rutinario
302;311;1599;37;211;8;59163;7807;1;0;1372;0;0,22939882235399242;0,11201586996787766;1,840596765542278;1,243013174148468;0,14831111679057707;Potencia;Bajo;Operación normal;Monitoreo rutinario
300;311;1605;37;160;10;59545;5936;1;0;1373;0;0,009412395592819546;0,11201586996787766;1,840596765542278;1,243013174148468;0,14831111679057707;Potencia;Bajo;Operación normal;Monitoreo rutinario
299;311;1413;41;153;11;59063;6395;0;0;1374;0;0,012027003218563639;0,11201586996787766;1,8616800415687769;1,2784125785333371;0,2771821225072303;Potencia;Bajo;Operación normal;Monitoreo rutinario
299;310;1483;43;15;11;64510;652;1;0;1375;0;0,019262149980703996;0,11201586996787766;1,840596765542278;1,243013174148468;0,14831111679057707;Potencia;Bajo;Operación normal;Monitoreo rutinario
299;310;1661;34;6;10;57304;207;0;1;1376;0;0,01712191519992221;0,11201586996787766;1,8616800415687769;1,2784125785333371;0,2771821225072303;Potencia;Bajo;Operación normal;Monitoreo rutinario
300;311;1515;37;5;11;56812;187;1;0;1377;0;0,009782181124403964;0,11201586996787766;1,840596765542278;1,243013174148468;0,14831111679057707;Potencia;Bajo;Operación normal;Monitoreo rutinario
299;308;1297;54;110;9;70297;5962;1;0;1378;0;0,0801453880632383;0,11201586996787766;1,840596765542278;1,243013174148468;0,14831111679057707;Potencia;Bajo;Operación normal;Monitoreo rutinario
299;311;1618;30;125;11;49025;3787;0;1;1379;0;0,013849835326120316;0,11201586996787766;1,8616800415687769;1,2784125785333371;0,2771821225072303;Potencia;Bajo;Operación normal;Monitoreo rutinario
298;309;1475;40;59;11;59737;2389;0;1;1380;0;0,010174069155813575;0,11201586996787766;1,8616800415687769;1,2784125785333371;0,2771821225072303;Potencia;Bajo;Operación normal;Monitoreo rutinario
298;308;1353;48;79;9;65079;3799;0;0;1381;0;0,0460808181290601;0,11201586996787766;1,8616800415687769;1,2784125785333371;0,2771821225072303;Potencia;Bajo;Operación normal;Monitoreo rutinario
299;310;1431;49;205;10;70834;10147;0;0;1382;0;0,21314416238474765;0,11201586996787766;1,8616800415687769;1,2784125785333371;0,2771821225072303;Potencia;Bajo;Operación normal;Monitoreo rutinario
303;312;1685;31;203;9;53583;6455;0;1;1383;0;0,04136954467380268;0,11201586996787766;1,8616800415687769;1,2784125785333371;0,2771821225072303;Potencia;Bajo;Operación normal;Monitoreo rutinario
302;311;1372;55;9;9;75597;495;0;1;1384;0;0,21064724322099107;0,11201586996787766;1,8616800415687769;1,2784125785333371;0,2771821225072303;Potencia;Bajo;Operación normal;Monitoreo rutinario
299;310;1427;50;98;11;71920;4939;0;1;1385;0;0,03654337460002267;0,11201586996787766;1,8616800415687769;1,2784125785333371;0,2771821225072303;Potencia;Bajo;Operación normal;Monitoreo rutinario
300;312;1500;44;188;11;66300;8309;1;0;1386;0;0,011250303310374426;0,11201586996787766;1,840596765542278;1,243013174148468;0,14831111679057707;Potencia;Bajo;Operación normal;Monitoreo rutinario
302;312;1360;47;11;9;65007;525;1;0;1387;0;0,042033842441227105;0,11201586996787766;1,840596765542278;1,243013174148468;0,14831111679057707;Potencia;Bajo;Operación normal;Monitoreo rutinario
299;309;1577;36;14;9;57718;512;1;0;1388;0;0,013584519889487069;0,11201586996787766;1,840596765542278;1,243013174148468;0,14831111679057707;Potencia;Bajo;Operación normal;Monitoreo rutinario
299;309;1471;44;67;9;65165;2968;0;1;1389;0;0,012900296718206057;0,11201586996787766;1,8616800415687769;1,2784125785333371;0,2771821225072303;Potencia;Bajo;Operación normal;Monitoreo rutinario
302;312;1574;42;188;9;66108;7896;1;0;1390;0;0,012103593296121823;0,11201586996787766;1,840596765542278;1,243013174148468;0,14831111679057707;Potencia;Bajo;Operación normal;Monitoreo rutinario
303;311;1561;33;153;8;51981;5094;1;0;1391;0;0,04928045552314361;0,11201586996787766;1,840596765542278;1,243013174148468;0,14831111679057707;Potencia;Bajo;Operación normal;Monitoreo rutinario
299;310;1428;43;53;11;61404;2279;0;1;1392;0;0,02281945594487261;0,11201586996787766;1,8616800415687769;1,2784125785333371;0,2771821225072303;Potencia;Bajo;Operación normal;Monitoreo rutinario
298;309;1498;34;46;10;51830;1591;0;1;1393;0;0,00951546813193491;0,11201586996787766;1,8616800415687769;1,2784125785333371;0,2771821225072303;Potencia;Bajo;Operación normal;Monitoreo rutinario
299;309;1507;41;213;9;61787;8733;1;0;1394;1;0,5743542991394871;0,11201586996787766;1,840596765542278;1,243013174148468;0,14831111679057707;Potencia;Medio;Mantenimiento preventivo programado;Revisar Potencia
301;311;1582;37;176;10;59325;6600;1;0;1395;0;0,011811878886618197;0,11201586996787766;1,840596765542278;1,243013174148468;0,14831111679057707;Potencia;Bajo;Operación normal;Monitoreo rutinario
298;308;1491;50;156;9;74550;7800;1;0;1396;0;0,020584497756740407;0,11201586996787766;1,840596765542278;1,243013174148468;0,14831111679057707;Potencia;Bajo;Operación normal;Monitoreo rutinario
299;310;1365;53;171;11;73573;9216;1;0;1397;0;0,11147635326220745;0,11201586996787766;1,840596765542278;1,243013174148468;0,14831111679057707;Potencia;Bajo;Operación normal;Monitoreo rutinario
301;310;1486;38;78;8;57211;3003;1;0;1398;0;0,024380427216192598;0,11201586996787766;1,840596765542278;1,243013174148468;0,14831111679057707;Potencia;Bajo;Operación normal;Monitoreo rutinario
302;312;1578;36;141;9;57281;5118;1;0;1399;0;0,007610986815439272;0,11201586996787766;1,840596765542278;1,243013174148468;0,14831111679057707;Potencia;Bajo;Operación normal;Monitoreo rutinario
297;307;1635;34;142;9;55590;4828;0;0;1400;0;0,008573143616577931;0,11201586996787766;1,8616800415687769;1,2784125785333371;0,2771821225072303;Potencia;Bajo;Operación normal;Monitoreo rutinario
301;310;1536;38;9;9;58828;344;1;0;1401;0;0,020805018291347798;0,11201586996787766;1,840596765542278;1,243013174148468;0,14831111679057707;Potencia;Bajo;Operación normal;Monitoreo rutinario
303;313;1570;40;74;9;63899;3011;0;1;1402;0;0,013260414541385998;0,11201586996787766;1,8616800415687769;1,2784125785333371;0,2771821225072303;Potencia;Bajo;Operación normal;Monitoreo rutinario
300;311;1406;43;22;10;61301;959;1;0;1403;0;0,015256764435865275;0,11201586996787766;1,840596765542278;1,243013174148468;0,14831111679057707;Potencia;Bajo;Operación normal;Monitoreo rutinario
301;310;1623;33;157;9;54370;5259;0;1;1404;0;0,022231330807233624;0,11201586996787766;1,8616800415687769;1,2784125785333371;0,2771821225072303;Potencia;Bajo;Operación normal;Monitoreo rutinario
299;310;1553;38;83;10;59014;3154;1;0;1405;0;0,018025961236882628;0,11201586996787766;1,840596765542278;1,243013174148468;0,14831111679057707;Potencia;Bajo;Operación normal;Monitoreo rutinario
298;307;1465;49;109;9;72371;5384;1;0;1406;0;0,017701127806702396;0,11201586996787766;1,840596765542278;1,243013174148468;0,14831111679057707;Potencia;Bajo;Operación normal;Monitoreo rutinario
298;310;1509;37;85;11;56738;3196;0;0;1407;0;0,014163036171283915;0,11201586996787766;1,8616800415687769;1,2784125785333371;0,2771821225072303;Potencia;Bajo;Operación normal;Monitoreo rutinario
300;311;1429;52;77;10;74736;4027;0;1;1408;0;0,022997905590611423;0,11201586996787766;1,8616800415687769;1,2784125785333371;0,2771821225072303;Potencia;Bajo;Operación normal;Monitoreo rutinario
298;309;1551;34;121;10;53819;4198;0;1;1409;0;0,00951546813193491;0,11201586996787766;1,8616800415687769;1,2784125785333371;0,2771821225072303;Potencia;Bajo;Operación normal;Monitoreo rutinario
303;313;1345;48;77;9;64829;3711;1;0;1410;0;0,07971270401694909;0,11201586996787766;1,840596765542278;1,243013174148468;0,14831111679057707;Potencia;Bajo;Operación normal;Monitoreo rutinario
302;309;1407;52;154;7;74289;8131;1;0;1411;0;0,410991630858633;0,11201586996787766;1,840596765542278;1,243013174148468;0,14831111679057707;Potencia;Medio;Mantenimiento preventivo programado;Revisar Potencia
299;309;1449;46;121;9;67378;5626;1;0;1412;0;0,017790876769215605;0,11201586996787766;1,840596765542278;1,243013174148468;0,14831111679057707;Potencia;Bajo;Operación normal;Monitoreo rutinario
302;311;1384;49;192;8;68784;9542;0;1;1413;1;0,6051917057051888;0,11201586996787766;1,8616800415687769;1,2784125785333371;0,2771821225072303;Potencia;Alto;Intervención inmediata;Acción crítica inmediata sobre Potencia
302;310;1294;62;101;8;80745;6302;0;0;1414;1;0,9467887492739446;0,11201586996787766;1,8616800415687769;1,2784125785333371;0,2771821225072303;Potencia;Alto;Intervención inmediata;Acción crítica inmediata sobre Potencia
301;310;1408;47;79;9;66598;3736;1;0;1415;0;0,06075075877944438;0,11201586996787766;1,840596765542278;1,243013174148468;0,14831111679057707;Potencia;Bajo;Operación normal;Monitoreo rutinario
300;311;1373;47;3;11;64805;141;1;0;1416;0;0,033917336856085466;0,11201586996787766;1,840596765542278;1,243013174148468;0,14831111679057707;Potencia;Bajo;Operación normal;Monitoreo rutinario
300;310;1550;38;45;9;59985;1741;0;1;1417;0;0,016396594964458448;0,11201586996787766;1,8616800415687769;1,2784125785333371;0,2771821225072303;Potencia;Bajo;Operación normal;Monitoreo rutinario
299;308;1582;38;156;9;61381;6052;1;0;1418;0;0,015839563971986447;0,11201586996787766;1,840596765542278;1,243013174148468;0,14831111679057707;Potencia;Bajo;Operación normal;Monitoreo rutinario
297;308;1601;35;9;10;57155;321;1;0;1419;0;0,009589071625561368;0,11201586996787766;1,840596765542278;1,243013174148468;0,14831111679057707;Potencia;Bajo;Operación normal;Monitoreo rutinario
298;307;1764;27;23;9;48862;637;0;1;1420;0;0,015763714425167254;0,11201586996787766;1,8616800415687769;1,2784125785333371;0,2771821225072303;Potencia;Bajo;Operación normal;Monitoreo rutinario
302;311;1227;60;167;8;73742;10036;1;0;1421;1;0,8748409102035287;0,11201586996787766;1,840596765542278;1,243013174148468;0,14831111679057707;Potencia;Alto;Intervención inmediata;Acción crítica inmediata sobre Potencia
300;310;1556;38;92;10;59283;3505;0;1;1422;0;0,015648845540619485;0,11201586996787766;1,8616800415687769;1,2784125785333371;0,2771821225072303;Potencia;Bajo;Operación normal;Monitoreo rutinario
298;310;1523;39;53;11;59549;2072;1;0;1423;0;0,01491322234025399;0,11201586996787766;1,840596765542278;1,243013174148468;0,14831111679057707;Potencia;Bajo;Operación normal;Monitoreo rutinario
298;308;1467;40;106;9;59706;4314;1;0;1424;0;0,01097285139598896;0,11201586996787766;1,840596765542278;1,243013174148468;0,14831111679057707;Potencia;Bajo;Operación normal;Monitoreo rutinario
303;312;1756;26;190;8;46358;5016;0;1;1425;0;0,017212909239609685;0,11201586996787766;1,8616800415687769;1,2784125785333371;0,2771821225072303;Potencia;Bajo;Operación normal;Monitoreo rutinario
300;309;1418;42;147;9;60548;6276;1;0;1426;0;0,016542232730853416;0,11201586996787766;1,840596765542278;1,243013174148468;0,14831111679057707;Potencia;Bajo;Operación normal;Monitoreo rutinario
300;311;1451;49;115;11;71099;5635;0;1;1427;0;0,015718384333398533;0,11201586996787766;1,8616800415687769;1,2784125785333371;0,2771821225072303;Potencia;Bajo;Operación normal;Monitoreo rutinario
300;311;1537;35;120;11;54409;4248;0;1;1428;0;0,00973628744859373;0,11201586996787766;1,8616800415687769;1,2784125785333371;0,2771821225072303;Potencia;Bajo;Operación normal;Monitoreo rutinario
297;308;1437;42;29;10;60785;1226;1;0;1429;0;0,011985300636050423;0,11201586996787766;1,840596765542278;1,243013174148468;0,14831111679057707;Potencia;Bajo;Operación normal;Monitoreo rutinario
300;311;1552;38;23;11;60372;894;1;0;1430;0;0,009782181124403964;0,11201586996787766;1,840596765542278;1,243013174148468;0,14831111679057707;Potencia;Bajo;Operación normal;Monitoreo rutinario
303;311;1649;29;49;8;48480;1440;0;0;1431;0;0,045744670415549;0,11201586996787766;1,8616800415687769;1,2784125785333371;0,2771821225072303;Potencia;Bajo;Operación normal;Monitoreo rutinario
300;309;1815;27;190;9;49005;5130;1;0;1432;0;0,06464462374225269;0,11201586996787766;1,840596765542278;1,243013174148468;0,14831111679057707;Potencia;Bajo;Operación normal;Monitoreo rutinario
298;309;1663;33;195;10;56043;6571;1;0;1433;0;0,038412817907356726;0,11201586996787766;1,840596765542278;1,243013174148468;0,14831111679057707;Potencia;Bajo;Operación normal;Monitoreo rutinario
295;306;1428;44;51;10;63546;2269;1;0;1434;0;0,013940250704180313;0,11201586996787766;1,840596765542278;1,243013174148468;0,14831111679057707;Potencia;Bajo;Operación normal;Monitoreo rutinario
300;310;1447;45;17;9;66417;780;1;0;1435;0;0,019186360971776846;0,11201586996787766;1,840596765542278;1,243013174148468;0,14831111679057707;Potencia;Bajo;Operación normal;Monitoreo rutinario
301;310;1510;38;47;9;58135;1809;1;0;1436;0;0,020805018291347798;0,11201586996787766;1,840596765542278;1,243013174148468;0,14831111679057707;Potencia;Bajo;Operación normal;Monitoreo rutinario
301;311;1542;40;142;9;61834;5694;0;1;1437;0;0,010524336814766326;0,11201586996787766;1,8616800415687769;1,2784125785333371;0,2771821225072303;Potencia;Bajo;Operación normal;Monitoreo rutinario
302;310;1336;58;110;8;77755;6402;1;0;1438;1;0,9431261744756609;0,11201586996787766;1,840596765542278;1,243013174148468;0,14831111679057707;Potencia;Alto;Intervención inmediata;Acción crítica inmediata sobre Potencia
304;313;1507;43;13;9;64951;560;1;0;1439;0;0,013322696313110541;0,11201586996787766;1,840596765542278;1,243013174148468;0,14831111679057707;Potencia;Bajo;Operación normal;Monitoreo rutinario
301;311;1624;40;0;9;66421;0;1;0;1440;0;0,0105739054335558;-0,0010416336151943912;3,125048442483204;-0,33484602661259355;0,09092295302134024;Potencia;Bajo;Operación normal;Monitoreo rutinario
298;308;1616;30;34;9;48803;1026;1;0;1441;0;0,016597257739366114;0,11201586996787766;1,840596765542278;1,243013174148468;0,14831111679057707;Potencia;Bajo;Operación normal;Monitoreo rutinario
298;309;2042;17;129;10;36347;2296;0;1;1442;0;0,020334601894203313;0,11201586996787766;1,8616800415687769;1,2784125785333371;0,2771821225072303;Potencia;Bajo;Operación normal;Monitoreo rutinario
300;311;1729;29;71;11;50659;2080;1;0;1443;0;0,011127760552233168;0,11201586996787766;1,840596765542278;1,243013174148468;0,14831111679057707;Potencia;Bajo;Operación normal;Monitoreo rutinario
298;309;1739;30;83;11;53213;2539;1;0;1444;0;0,010715264674832047;0,11201586996787766;1,840596765542278;1,243013174148468;0,14831111679057707;Potencia;Bajo;Operación normal;Monitoreo rutinario
297;308;2151;17;0;11;38072;0;1;0;1445;0;0,031686010720628294;-0,0010416336151943912;3,125048442483204;-0,33484602661259355;0,09092295302134024;Potencia;Bajo;Operación normal;Monitoreo rutinario
298;310;1359;56;166;11;77327;9445;1;0;1446;0;0,1427864354962574;0,11201586996787766;1,840596765542278;1,243013174148468;0,14831111679057707;Potencia;Bajo;Operación normal;Monitoreo rutinario
299;308;1615;30;14;9;49419;428;1;0;1447;0;0,02142659459614022;0,11201586996787766;1,840596765542278;1,243013174148468;0,14831111679057707;Potencia;Bajo;Operación normal;Monitoreo rutinario
296;307;1567;31;5;11;49203;157;1;0;1448;0;0,017263912983599104;0,11201586996787766;1,840596765542278;1,243013174148468;0,14831111679057707;Potencia;Bajo;Operación normal;Monitoreo rutinario
298;309;2098;19;133;10;39862;2527;0;1;1449;0;0,018371649284413413;0,11201586996787766;1,8616800415687769;1,2784125785333371;0,2771821225072303;Potencia;Bajo;Operación normal;Monitoreo rutinario
303;312;1451;42;125;9;61087;5262;1;0;1450;0;0,01262828681500615;0,11201586996787766;1,840596765542278;1,243013174148468;0,14831111679057707;Potencia;Bajo;Operación normal;Monitoreo rutinario
304;313;1314;47;144;9;61889;6782;1;0;1451;0;0,06287270482916661;0,11201586996787766;1,840596765542278;1,243013174148468;0,14831111679057707;Potencia;Bajo;Operación normal;Monitoreo rutinario
297;307;1412;44;85;10;62834;3782;1;0;1452;0;0,013513284451091288;0,11201586996787766;1,840596765542278;1,243013174148468;0,14831111679057707;Potencia;Bajo;Operación normal;Monitoreo rutinario
300;312;1498;42;25;11;64264;1072;1;0;1453;0;0,005468587032726726;0,11201586996787766;1,840596765542278;1,243013174148468;0,14831111679057707;Potencia;Bajo;Operación normal;Monitoreo rutinario
301;310;1689;32;207;8;54216;6644;0;1;1454;0;0,3863898588618169;0,11201586996787766;1,8616800415687769;1,2784125785333371;0,2771821225072303;Potencia;Medio;Mantenimiento preventivo programado;Revisar Potencia
297;308;1379;52;21;11;71845;1094;1;0;1455;0;0,056587651026583356;0,11201586996787766;1,840596765542278;1,243013174148468;0,14831111679057707;Potencia;Bajo;Operación normal;Monitoreo rutinario
304;313;1568;39;0;9;61308;0;1;0;1456;0;0,013322696313110541;-0,0010416336151943912;3,125048442483204;-0,33484602661259355;0,09092295302134024;Potencia;Bajo;Operación normal;Monitoreo rutinario
302;311;2102;17;91;8;37415;1619;0;0;1457;0;0,021320071036538876;0,11201586996787766;1,8616800415687769;1,2784125785333371;0,2771821225072303;Potencia;Bajo;Operación normal;Monitoreo rutinario
300;310;1359;46;151;9;62514;6946;1;0;1458;0;0,05940827386758885;0,11201586996787766;1,840596765542278;1,243013174148468;0,14831111679057707;Potencia;Bajo;Operación normal;Monitoreo rutinario
301;309;1595;31;133;7;50083;4176;1;0;1459;0;0,012936363234260876;0,11201586996787766;1,840596765542278;1,243013174148468;0,14831111679057707;Potencia;Bajo;Operación normal;Monitoreo rutinario
298;309;1397;48;63;11;67335;3036;1;0;1460;0;0,03731376147322446;0,11201586996787766;1,840596765542278;1,243013174148468;0,14831111679057707;Potencia;Bajo;Operación normal;Monitoreo rutinario
298;307;1482;37;132;9;56019;4989;0;0;1461;0;0,010418782968687458;0,11201586996787766;1,8616800415687769;1,2784125785333371;0,2771821225072303;Potencia;Bajo;Operación normal;Monitoreo rutinario
297;308;1336;53;61;10;71743;3275;1;0;1462;0;0,0553629658360508;0,11201586996787766;1,840596765542278;1,243013174148468;0,14831111679057707;Potencia;Bajo;Operación normal;Monitoreo rutinario
300;310;1484;38;84;9;56392;3192;0;1;1463;0;0,016396594964458448;0,11201586996787766;1,8616800415687769;1,2784125785333371;0,2771821225072303;Potencia;Bajo;Operación normal;Monitoreo rutinario
296;308;1713;29;13;11;50190;380;1;0;1464;0;0,01342598321110052;0,11201586996787766;1,840596765542278;1,243013174148468;0,14831111679057707;Potencia;Bajo;Operación normal;Monitoreo rutinario
298;307;1769;27;188;9;48116;5113;1;0;1465;0;0,05750207025795543;0,11201586996787766;1,840596765542278;1,243013174148468;0,14831111679057707;Potencia;Bajo;Operación normal;Monitoreo rutinario
299;311;1389;50;55;11;69450;2750;0;1;1466;0;0,032558644820701754;0,11201586996787766;1,8616800415687769;1,2784125785333371;0,2771821225072303;Potencia;Bajo;Operación normal;Monitoreo rutinario
298;308;2090;19;143;10;39710;2717;0;1;1467;0;0,019185348316814076;0,11201586996787766;1,8616800415687769;1,2784125785333371;0,2771821225072303;Potencia;Bajo;Operación normal;Monitoreo rutinario
301;310;1527;45;8;9;69173;362;1;0;1468;0;0,02213108835796392;0,11201586996787766;1,840596765542278;1,243013174148468;0,14831111679057707;Potencia;Bajo;Operación normal;Monitoreo rutinario
300;311;1466;46;62;11;67729;2864;1;0;1469;0;0,012826478384897649;0,11201586996787766;1,840596765542278;1,243013174148468;0,14831111679057707;Potencia;Bajo;Operación normal;Monitoreo rutinario
301;310;1688;28;31;8;48614;892;1;0;1470;0;0,03142568896906841;0,11201586996787766;1,840596765542278;1,243013174148468;0,14831111679057707;Potencia;Bajo;Operación normal;Monitoreo rutinario
299;310;1335;52;180;10;70621;9522;0;1;1471;0;0,17314114571591657;0,11201586996787766;1,8616800415687769;1,2784125785333371;0,2771821225072303;Potencia;Bajo;Operación normal;Monitoreo rutinario
299;309;1556;37;124;9;58661;4674;0;1;1472;0;0,012900296718206057;0,11201586996787766;1,8616800415687769;1,2784125785333371;0,2771821225072303;Potencia;Bajo;Operación normal;Monitoreo rutinario
298;307;1457;52;98;9;76492;5145;0;1;1473;0;0,02304308798534523;0,11201586996787766;1,8616800415687769;1,2784125785333371;0,2771821225072303;Potencia;Bajo;Operación normal;Monitoreo rutinario
303;313;1526;40;164;9;62108;6674;1;0;1474;0;0,014873737149587202;0,11201586996787766;1,840596765542278;1,243013174148468;0,14831111679057707;Potencia;Bajo;Operación normal;Monitoreo rutinario
298;308;1507;42;207;9;63746;8756;0;1;1475;0;0,44716042816517476;0,11201586996787766;1,8616800415687769;1,2784125785333371;0,2771821225072303;Potencia;Medio;Mantenimiento preventivo programado;Revisar Potencia
297;308;1581;30;155;11;48062;4712;1;0;1476;0;0,014839496656385261;0,11201586996787766;1,840596765542278;1,243013174148468;0,14831111679057707;Potencia;Bajo;Operación normal;Monitoreo rutinario
300;311;1604;31;119;11;50846;3772;0;1;1477;0;0,011075624621345901;0,11201586996787766;1,8616800415687769;1,2784125785333371;0,2771821225072303;Potencia;Bajo;Operación normal;Monitoreo rutinario
300;309;1519;35;14;8;54380;501;1;0;1478;0;0,013791113052330148;0,11201586996787766;1,840596765542278;1,243013174148468;0,14831111679057707;Potencia;Bajo;Operación normal;Monitoreo rutinario
302;311;1451;41;66;9;60651;2758;1;0;1479;0;0,015510798720907992;0,11201586996787766;1,840596765542278;1,243013174148468;0,14831111679057707;Potencia;Bajo;Operación normal;Monitoreo rutinario
301;310;1744;28;61;9;49180;1720;0;1;1480;0;0,027060547532345616;0,11201586996787766;1,8616800415687769;1,2784125785333371;0,2771821225072303;Potencia;Bajo;Operación normal;Monitoreo rutinario
301;310;1286;62;22;8;80760;1381;1;0;1481;1;0,7406425248487797;0,11201586996787766;1,840596765542278;1,243013174148468;0,14831111679057707;Potencia;Alto;Intervención inmediata;Acción crítica inmediata sobre Potencia
299;310;1472;40;104;11;60204;4253;1;0;1482;0;0,019262149980703996;0,11201586996787766;1,840596765542278;1,243013174148468;0,14831111679057707;Potencia;Bajo;Operación normal;Monitoreo rutinario
299;308;1408;44;82;9;62515;3640;0;0;1483;0;0,02449944241494791;0,11201586996787766;1,8616800415687769;1,2784125785333371;0,2771821225072303;Potencia;Bajo;Operación normal;Monitoreo rutinario
299;310;1292;51;173;11;66021;8840;1;0;1484;0;0,09000282661929528;0,11201586996787766;1,840596765542278;1,243013174148468;0,14831111679057707;Potencia;Bajo;Operación normal;Monitoreo rutinario
298;309;1372;54;44;11;75048;2406;1;0;1485;0;0,06153110554692582;0,11201586996787766;1,840596765542278;1,243013174148468;0,14831111679057707;Potencia;Bajo;Operación normal;Monitoreo rutinario
303;312;1761;25;105;8;45433;2709;1;0;1486;0;0,019599256866408066;0,11201586996787766;1,840596765542278;1,243013174148468;0,14831111679057707;Potencia;Bajo;Operación normal;Monitoreo rutinario
299;311;1521;37;131;11;56581;4873;1;0;1487;0;0,009782181124403964;0,11201586996787766;1,840596765542278;1,243013174148468;0,14831111679057707;Potencia;Bajo;Operación normal;Monitoreo rutinario
303;312;1518;39;146;9;60568;5825;1;0;1488;0;0,01409963910420795;0,11201586996787766;1,840596765542278;1,243013174148468;0,14831111679057707;Potencia;Bajo;Operación normal;Monitoreo rutinario
303;311;1800;23;61;8;42660;1445;1;0;1489;0;0,045952419565965685;0,11201586996787766;1,840596765542278;1,243013174148468;0,14831111679057707;Potencia;Bajo;Operación normal;Monitoreo rutinario
302;311;1456;45;130;9;66102;5902;0;0;1490;0;0,017162059798372886;0,11201586996787766;1,8616800415687769;1,2784125785333371;0,2771821225072303;Potencia;Bajo;Operación normal;Monitoreo rutinario
300;310;1357;52;199;9;71378;10467;1;0;1491;0;0,3141233745609369;0,11201586996787766;1,840596765542278;1,243013174148468;0,14831111679057707;Potencia;Medio;Mantenimiento preventivo programado;Revisar Potencia
301;310;1573;38;209;9;61189;8130;0;1;1492;1;0,5259221719974015;0,11201586996787766;1,8616800415687769;1,2784125785333371;0,2771821225072303;Potencia;Medio;Mantenimiento preventivo programado;Revisar Potencia
301;310;1834;23;146;9;43099;3431;1;0;1493;0;0,031992728436930976;0,11201586996787766;1,840596765542278;1,243013174148468;0,14831111679057707;Potencia;Bajo;Operación normal;Monitoreo rutinario
299;309;1439;49;9;9;71518;447;0;0;1494;0;0,03662342525545411;0,11201586996787766;1,8616800415687769;1,2784125785333371;0,2771821225072303;Potencia;Bajo;Operación normal;Monitoreo rutinario
298;310;1402;45;30;11;64351;1377;1;0;1495;0;0,030065904368902264;0,11201586996787766;1,840596765542278;1,243013174148468;0,14831111679057707;Potencia;Bajo;Operación normal;Monitoreo rutinario
300;309;1423;49;74;9;69869;3633;1;0;1496;0;0,024938278827152313;0,11201586996787766;1,840596765542278;1,243013174148468;0,14831111679057707;Potencia;Bajo;Operación normal;Monitoreo rutinario
298;310;1533;44;24;11;68065;1065;0;1;1497;0;0,014163036171283915;0,11201586996787766;1,8616800415687769;1,2784125785333371;0,2771821225072303;Potencia;Bajo;Operación normal;Monitoreo rutinario
299;308;1533;42;48;9;64999;2035;1;0;1498;0;0,014189256900801889;0,11201586996787766;1,840596765542278;1,243013174148468;0,14831111679057707;Potencia;Bajo;Operación normal;Monitoreo rutinario
302;310;1642;28;88;7;46468;2490;1;0;1499;0;0,033544897432882775;0,11201586996787766;1,840596765542278;1,243013174148468;0,14831111679057707;Potencia;Bajo;Operación normal;Monitoreo rutinario
302;310;1349;46;148;8;62188;6822;1;0;1500;1;0,944626996058325;0,11201586996787766;1,840596765542278;1,243013174148468;0,14831111679057707;Potencia;Alto;Intervención inmediata;Acción crítica inmediata sobre Potencia
302;310;1895;23;161;8;43964;3735;1;0;1501;0;0,055736176586023686;0,11201586996787766;1,840596765542278;1,243013174148468;0,14831111679057707;Potencia;Bajo;Operación normal;Monitoreo rutinario
302;311;1374;52;154;9;71997;8069;0;0;1502;0;0,1949461965801311;0,11201586996787766;1,8616800415687769;1,2784125785333371;0,2771821225072303;Potencia;Bajo;Operación normal;Monitoreo rutinario
300;310;1520;37;193;9;57304;7276;1;0;1503;0;0,060399949662469386;0,11201586996787766;1,840596765542278;1,243013174148468;0,14831111679057707;Potencia;Bajo;Operación normal;Monitoreo rutinario
304;313;1428;39;88;9;56977;3511;0;1;1504;0;0,01841914495457616;0,11201586996787766;1,8616800415687769;1,2784125785333371;0,2771821225072303;Potencia;Bajo;Operación normal;Monitoreo rutinario
302;310;1357;58;108;8;78706;6264;1;0;1505;1;0,9431261744756609;0,11201586996787766;1,840596765542278;1,243013174148468;0,14831111679057707;Potencia;Alto;Intervención inmediata;Acción crítica inmediata sobre Potencia
302;311;1412;44;204;9;62834;9078;1;0;1506;0;0,21123108462139484;0,11201586996787766;1,840596765542278;1,243013174148468;0,14831111679057707;Potencia;Bajo;Operación normal;Monitoreo rutinario
297;308;1518;44;163;11;67247;7220;1;0;1507;0;0,010958537110454494;0,11201586996787766;1,840596765542278;1,243013174148468;0,14831111679057707;Potencia;Bajo;Operación normal;Monitoreo rutinario
300;310;1543;36;30;10;55856;1086;1;0;1508;0;0,016476416573528833;0,11201586996787766;1,840596765542278;1,243013174148468;0,14831111679057707;Potencia;Bajo;Operación normal;Monitoreo rutinario
303;313;1473;42;97;9;63044;4151;0;1;1509;0;0,013260414541385998;0,11201586996787766;1,8616800415687769;1,2784125785333371;0,2771821225072303;Potencia;Bajo;Operación normal;Monitoreo rutinario
303;313;1491;37;195;9;55465;7254;1;0;1510;0;0,029358478418608027;0,11201586996787766;1,840596765542278;1,243013174148468;0,14831111679057707;Potencia;Bajo;Operación normal;Monitoreo rutinario
298;309;1371;55;23;10;76364;1281;0;0;1511;0;0,0549575087900915;0,11201586996787766;1,8616800415687769;1,2784125785333371;0,2771821225072303;Potencia;Bajo;Operación normal;Monitoreo rutinario
302;311;1507;47;70;8;71883;3339;0;1;1512;0;0,03104603250418661;0,11201586996787766;1,8616800415687769;1,2784125785333371;0,2771821225072303;Potencia;Bajo;Operación normal;Monitoreo rutinario
299;308;1744;26;33;9;46041;871;1;0;1513;0;0,02142659459614022;0,11201586996787766;1,840596765542278;1,243013174148468;0,14831111679057707;Potencia;Bajo;Operación normal;Monitoreo rutinario
299;310;1535;43;154;10;67386;6760;0;0;1514;0;0,017701208072402344;0,11201586996787766;1,8616800415687769;1,2784125785333371;0,2771821225072303;Potencia;Bajo;Operación normal;Monitoreo rutinario
303;312;1371;54;112;8;74856;6115;0;0;1515;1;0,5826395441319564;0,11201586996787766;1,8616800415687769;1,2784125785333371;0,2771821225072303;Potencia;Medio;Mantenimiento preventivo programado;Revisar Potencia
301;311;1438;42;7;9;60971;296;0;1;1516;0;0,01649847096190828;0,11201586996787766;1,8616800415687769;1,2784125785333371;0,2771821225072303;Potencia;Bajo;Operación normal;Monitoreo rutinario
299;310;1303;68;111;11;89385;7614;0;1;1517;1;0,9713794252398624;0,11201586996787766;1,8616800415687769;1,2784125785333371;0,2771821225072303;Potencia;Alto;Intervención inmediata;Acción crítica inmediata sobre Potencia
300;309;1925;20;9;8;39462;184;0;0;1518;0;0,01864649724024054;0,11201586996787766;1,8616800415687769;1,2784125785333371;0,2771821225072303;Potencia;Bajo;Operación normal;Monitoreo rutinario
298;309;1452;48;98;10;70567;4762;0;1;1519;0;0,015363995856344508;0,11201586996787766;1,8616800415687769;1,2784125785333371;0,2771821225072303;Potencia;Bajo;Operación normal;Monitoreo rutinario
299;310;1610;33;233;11;53612;7758;1;0;1520;1;0,6569146898785011;0,11201586996787766;1,840596765542278;1,243013174148468;0,14831111679057707;Potencia;Alto;Intervención inmediata;Acción crítica inmediata sobre Potencia
303;312;1534;35;98;9;54457;3479;1;0;1521;0;0,015059979689763138;0,11201586996787766;1,840596765542278;1,243013174148468;0,14831111679057707;Potencia;Bajo;Operación normal;Monitoreo rutinario
297;308;1469;44;185;11;64636;8140;1;0;1522;0;0,023958364244784484;0,11201586996787766;1,840596765542278;1,243013174148468;0,14831111679057707;Potencia;Bajo;Operación normal;Monitoreo rutinario
303;311;2056;19;167;8;40503;3289;0;0;1523;0;0,05684247910260824;0,11201586996787766;1,8616800415687769;1,2784125785333371;0,2771821225072303;Potencia;Bajo;Operación normal;Monitoreo rutinario
299;310;1572;38;139;10;59736;5282;0;1;1524;0;0,01712191519992221;0,11201586996787766;1,8616800415687769;1,2784125785333371;0,2771821225072303;Potencia;Bajo;Operación normal;Monitoreo rutinario
302;311;1451;42;110;9;60942;4620;1;0;1525;0;0,015510798720907992;0,11201586996787766;1,840596765542278;1,243013174148468;0,14831111679057707;Potencia;Bajo;Operación normal;Monitoreo rutinario
298;309;1800;24;78;10;44640;1934;0;1;1526;0;0,014403735865663432;0,11201586996787766;1,8616800415687769;1,2784125785333371;0,2771821225072303;Potencia;Bajo;Operación normal;Monitoreo rutinario
302;312;1487;36;84;9;54424;3074;1;0;1527;0;0,00908544234783394;0,11201586996787766;1,840596765542278;1,243013174148468;0,14831111679057707;Potencia;Bajo;Operación normal;Monitoreo rutinario
299;311;1552;33;139;11;51526;4614;1;0;1528;0;0,009782181124403964;0,11201586996787766;1,840596765542278;1,243013174148468;0,14831111679057707;Potencia;Bajo;Operación normal;Monitoreo rutinario
295;306;1641;32;101;10;52840;3252;0;1;1529;0;0,010594284796002575;0,11201586996787766;1,8616800415687769;1,2784125785333371;0,2771821225072303;Potencia;Bajo;Operación normal;Monitoreo rutinario
299;310;1570;30;226;11;48513;6983;0;1;1530;1;0,7206323589893561;0,11201586996787766;1,8616800415687769;1,2784125785333371;0,2771821225072303;Potencia;Alto;Intervención inmediata;Acción crítica inmediata sobre Potencia
297;308;1578;34;76;11;54283;2614;1;0;1531;0;0,008704533515408614;0,11201586996787766;1,840596765542278;1,243013174148468;0,14831111679057707;Potencia;Bajo;Operación normal;Monitoreo rutinario
300;310;1457;43;69;9;63816;3022;0;0;1532;0;0,016396594964458448;0,11201586996787766;1,8616800415687769;1,2784125785333371;0,2771821225072303;Potencia;Bajo;Operación normal;Monitoreo rutinario
301;311;1469;49;107;9;72715;5296;1;0;1533;0;0,017061778236889192;0,11201586996787766;1,840596765542278;1,243013174148468;0,14831111679057707;Potencia;Bajo;Operación normal;Monitoreo rutinario
301;311;1462;37;41;9;54240;1521;1;0;1534;0;0,0105739054335558;0,11201586996787766;1,840596765542278;1,243013174148468;0,14831111679057707;Potencia;Bajo;Operación normal;Monitoreo rutinario
300;311;1513;38;38;11;57494;1444;0;0;1535;0;0,00973628744859373;0,11201586996787766;1,8616800415687769;1,2784125785333371;0,2771821225072303;Potencia;Bajo;Operación normal;Monitoreo rutinario
302;311;1424;45;39;9;64364;1762;1;0;1536;0;0,034774016510601455;0,11201586996787766;1,840596765542278;1,243013174148468;0,14831111679057707;Potencia;Bajo;Operación normal;Monitoreo rutinario
300;310;1368;46;21;9;64022;982;1;0;1537;0;0,05876005900200793;0,11201586996787766;1,840596765542278;1,243013174148468;0,14831111679057707;Potencia;Bajo;Operación normal;Monitoreo rutinario
301;310;1466;48;189;9;70514;9090;1;0;1538;0;0,0879490359594274;0,11201586996787766;1,840596765542278;1,243013174148468;0,14831111679057707;Potencia;Bajo;Operación normal;Monitoreo rutinario
302;310;1376;46;210;8;63708;9723;0;1;1539;1;0,9733456570382636;0,11201586996787766;1,8616800415687769;1,2784125785333371;0,2771821225072303;Potencia;Alto;Intervención inmediata;Acción crítica inmediata sobre Potencia
298;309;1309;57;185;10;75136;10619;0;0;1540;0;0,11674821314203147;0,11201586996787766;1,8616800415687769;1,2784125785333371;0,2771821225072303;Potencia;Bajo;Operación normal;Monitoreo rutinario
300;311;1383;42;60;11;58224;2526;1;0;1541;0;0,02500477203028998;0,11201586996787766;1,840596765542278;1,243013174148468;0,14831111679057707;Potencia;Bajo;Operación normal;Monitoreo rutinario
298;309;1452;42;180;10;62000;7686;0;1;1542;0;0,026535112312330925;0,11201586996787766;1,8616800415687769;1,2784125785333371;0,2771821225072303;Potencia;Bajo;Operación normal;Monitoreo rutinario
302;310;1478;47;189;7;70500;9015;1;0;1543;0;0,0707800484424365;0,11201586996787766;1,840596765542278;1,243013174148468;0,14831111679057707;Potencia;Bajo;Operación normal;Monitoreo rutinario
300;310;1545;37;155;9;57937;5812;0;1;1544;0;0,018451078362581468;0,11201586996787766;1,8616800415687769;1,2784125785333371;0,2771821225072303;Potencia;Bajo;Operación normal;Monitoreo rutinario
297;308;1763;25;139;11;45309;3572;1;0;1545;0;0,013181753664397153;0,11201586996787766;1,840596765542278;1,243013174148468;0,14831111679057707;Potencia;Bajo;Operación normal;Monitoreo rutinario
300;311;1641;34;155;11;56614;5347;0;0;1546;0;0,01096554200628985;0,11201586996787766;1,8616800415687769;1,2784125785333371;0,2771821225072303;Potencia;Bajo;Operación normal;Monitoreo rutinario
300;309;1622;30;14;8;49471;427;0;1;1547;0;0,017528991292195744;0,11201586996787766;1,8616800415687769;1,2784125785333371;0,2771821225072303;Potencia;Bajo;Operación normal;Monitoreo rutinario
297;308;1501;44;20;11;67394;898;1;0;1548;0;0,009811708917617033;0,11201586996787766;1,840596765542278;1,243013174148468;0,14831111679057707;Potencia;Bajo;Operación normal;Monitoreo rutinario
300;311;1627;33;147;10;54829;4953;1;0;1549;0;0,009412395592819546;0,11201586996787766;1,840596765542278;1,243013174148468;0,14831111679057707;Potencia;Bajo;Operación normal;Monitoreo rutinario
302;311;1452;43;137;9;62581;5904;1;0;1550;0;0,015510798720907992;0,11201586996787766;1,840596765542278;1,243013174148468;0,14831111679057707;Potencia;Bajo;Operación normal;Monitoreo rutinario
303;313;1514;41;121;9;62225;4973;0;1;1551;0;0,013260414541385998;0,11201586996787766;1,8616800415687769;1,2784125785333371;0,2771821225072303;Potencia;Bajo;Operación normal;Monitoreo rutinario
297;308;1472;41;67;11;60793;2767;1;0;1552;0;0,009811708917617033;0,11201586996787766;1,840596765542278;1,243013174148468;0,14831111679057707;Potencia;Bajo;Operación normal;Monitoreo rutinario
298;310;1470;45;109;11;67473;5003;1;0;1553;0;0,016579183287570146;0,11201586996787766;1,840596765542278;1,243013174148468;0,14831111679057707;Potencia;Bajo;Operación normal;Monitoreo rutinario
302;311;1546;40;71;8;61840;2840;0;1;1554;0;0,018306071041258955;0,11201586996787766;1,8616800415687769;1,2784125785333371;0,2771821225072303;Potencia;Bajo;Operación normal;Monitoreo rutinario
297;308;1463;49;146;11;73003;7285;1;0;1555;0;0,017678193247221485;0,11201586996787766;1,840596765542278;1,243013174148468;0,14831111679057707;Potencia;Bajo;Operación normal;Monitoreo rutinario
301;310;1481;46;20;9;69310;936;1;0;1556;0;0,026034424395086384;0,11201586996787766;1,840596765542278;1,243013174148468;0,14831111679057707;Potencia;Bajo;Operación normal;Monitoreo rutinario
299;310;1609;33;156;11;53418;5179;1;0;1557;0;0,021667776128570407;0,11201586996787766;1,840596765542278;1,243013174148468;0,14831111679057707;Potencia;Bajo;Operación normal;Monitoreo rutinario
300;309;1571;33;65;9;52000;2151;1;0;1558;0;0,012411943863171952;0,11201586996787766;1,840596765542278;1,243013174148468;0,14831111679057707;Potencia;Bajo;Operación normal;Monitoreo rutinario
298;309;1449;44;112;11;63900;4939;0;1;1559;0;0,010174069155813575;0,11201586996787766;1,8616800415687769;1,2784125785333371;0,2771821225072303;Potencia;Bajo;Operación normal;Monitoreo rutinario
299;310;1675;33;28;11;55777;932;1;0;1560;0;0,019262149980703996;0,11201586996787766;1,840596765542278;1,243013174148468;0,14831111679057707;Potencia;Bajo;Operación normal;Monitoreo rutinario
302;310;1529;33;62;8;51068;2070;1;0;1561;0;0,044805631160489065;0,11201586996787766;1,840596765542278;1,243013174148468;0,14831111679057707;Potencia;Bajo;Operación normal;Monitoreo rutinario
300;310;1228;66;109;10;81539;7237;1;0;1562;0;0,20041465215998777;0,11201586996787766;1,840596765542278;1,243013174148468;0,14831111679057707;Potencia;Bajo;Operación normal;Monitoreo rutinario
300;311;1374;47;222;11;65814;10633;0;1;1563;0;0,3285599491282672;0,11201586996787766;1,8616800415687769;1,2784125785333371;0,2771821225072303;Potencia;Medio;Mantenimiento preventivo programado;Revisar Potencia
297;308;1545;36;125;11;57010;4612;1;0;1564;0;0,009811708917617033;0,11201586996787766;1,840596765542278;1,243013174148468;0,14831111679057707;Potencia;Bajo;Operación normal;Monitoreo rutinario
300;310;1202;61;74;10;74163;4565;0;1;1565;0;0,08778543987332452;0,11201586996787766;1,8616800415687769;1,2784125785333371;0,2771821225072303;Potencia;Bajo;Operación normal;Monitoreo rutinario
298;308;1556;31;145;10;49169;4582;1;0;1566;0;0,01782657311857549;0,11201586996787766;1,840596765542278;1,243013174148468;0,14831111679057707;Potencia;Bajo;Operación normal;Monitoreo rutinario
300;309;1452;39;78;8;57208;3073;0;1;1567;0;0,013096622381636317;0,11201586996787766;1,8616800415687769;1,2784125785333371;0,2771821225072303;Potencia;Bajo;Operación normal;Monitoreo rutinario
299;309;1858;22;22;9;41805;495;1;0;1568;0;0,020519827359097527;0,11201586996787766;1,840596765542278;1,243013174148468;0,14831111679057707;Potencia;Bajo;Operación normal;Monitoreo rutinario
298;309;1694;28;5;10;47432;140;0;1;1569;0;0,014403735865663432;0,11201586996787766;1,8616800415687769;1,2784125785333371;0,2771821225072303;Potencia;Bajo;Operación normal;Monitoreo rutinario
302;311;1598;35;69;9;56729;2449;1;0;1570;0;0,015510798720907992;0,11201586996787766;1,840596765542278;1,243013174148468;0,14831111679057707;Potencia;Bajo;Operación normal;Monitoreo rutinario
301;310;1516;36;83;9;55182;3021;0;0;1571;0;0,019764401007862573;0,11201586996787766;1,8616800415687769;1,2784125785333371;0,2771821225072303;Potencia;Bajo;Operación normal;Monitoreo rutinario
298;307;1767;27;127;9;47709;3429;1;0;1572;0;0,016597257739366114;0,11201586996787766;1,840596765542278;1,243013174148468;0,14831111679057707;Potencia;Bajo;Operación normal;Monitoreo rutinario
297;308;1658;34;59;10;56869;2023;1;0;1573;0;0,009589071625561368;0,11201586996787766;1,840596765542278;1,243013174148468;0,14831111679057707;Potencia;Bajo;Operación normal;Monitoreo rutinario
298;309;1568;33;13;11;52841;438;1;0;1574;0;0,010715264674832047;0,11201586996787766;1,840596765542278;1,243013174148468;0,14831111679057707;Potencia;Bajo;Operación normal;Monitoreo rutinario
300;309;1438;44;59;9;63272;2596;0;0;1575;0;0,014723155566263508;0,11201586996787766;1,8616800415687769;1,2784125785333371;0,2771821225072303;Potencia;Bajo;Operación normal;Monitoreo rutinario
300;310;1570;38;14;9;60130;536;1;0;1576;0;0,017263016358976424;0,11201586996787766;1,840596765542278;1,243013174148468;0,14831111679057707;Potencia;Bajo;Operación normal;Monitoreo rutinario
300;310;1296;58;204;10;75427;11872;0;0;1577;0;0,43288216357110104;0,11201586996787766;1,8616800415687769;1,2784125785333371;0,2771821225072303;Potencia;Medio;Mantenimiento preventivo programado;Revisar Potencia
300;311;1407;47;208;11;66551;9838;1;0;1578;0;0,4452133757171046;0,11201586996787766;1,840596765542278;1,243013174148468;0,14831111679057707;Potencia;Medio;Mantenimiento preventivo programado;Revisar Potencia
296;307;1582;37;197;10;59957;7466;1;0;1579;0;0,049468451212689585;0,11201586996787766;1,840596765542278;1,243013174148468;0,14831111679057707;Potencia;Bajo;Operación normal;Monitoreo rutinario
303;312;1711;27;170;8;47223;4692;0;0;1580;0;0,02194388226345285;0,11201586996787766;1,8616800415687769;1,2784125785333371;0,2771821225072303;Potencia;Bajo;Operación normal;Monitoreo rutinario
299;310;1577;34;159;11;54564;5501;0;1;1581;0;0,020584912936679273;0,11201586996787766;1,8616800415687769;1,2784125785333371;0,2771821225072303;Potencia;Bajo;Operación normal;Monitoreo rutinario
297;309;1521;36;15;11;54908;541;1;0;1582;0;0,007866655905038175;0,11201586996787766;1,840596765542278;1,243013174148468;0,14831111679057707;Potencia;Bajo;Operación normal;Monitoreo rutinario
298;309;1517;40;45;10;60983;1809;1;0;1583;0;0,010021984994337126;0,11201586996787766;1,840596765542278;1,243013174148468;0,14831111679057707;Potencia;Bajo;Operación normal;Monitoreo rutinario
296;307;1565;40;89;10;62756;3568;1;0;1584;0;0,01115758113747567;0,11201586996787766;1,840596765542278;1,243013174148468;0,14831111679057707;Potencia;Bajo;Operación normal;Monitoreo rutinario
298;308;1855;23;33;9;44149;785;1;0;1585;0;0,016597257739366114;0,11201586996787766;1,840596765542278;1,243013174148468;0,14831111679057707;Potencia;Bajo;Operación normal;Monitoreo rutinario
297;309;1803;24;98;11;44534;2420;1;0;1586;0;0,01191809093362281;0,11201586996787766;1,840596765542278;1,243013174148468;0,14831111679057707;Potencia;Bajo;Operación normal;Monitoreo rutinario
300;309;1526;35;46;9;53867;1623;1;0;1587;0;0,012411943863171952;0,11201586996787766;1,840596765542278;1,243013174148468;0,14831111679057707;Potencia;Bajo;Operación normal;Monitoreo rutinario
300;309;1470;43;18;9;64385;788;0;0;1588;0;0,011786075161372998;0,11201586996787766;1,8616800415687769;1,2784125785333371;0,2771821225072303;Potencia;Bajo;Operación normal;Monitoreo rutinario
298;309;1375;42;58;10;58712;2476;0;0;1589;0;0,025301500602839488;0,11201586996787766;1,8616800415687769;1,2784125785333371;0,2771821225072303;Potencia;Bajo;Operación normal;Monitoreo rutinario
301;310;1515;38;51;9;58176;1958;1;0;1590;0;0,020805018291347798;0,11201586996787766;1,840596765542278;1,243013174148468;0,14831111679057707;Potencia;Bajo;Operación normal;Monitoreo rutinario
302;311;1571;32;17;9;51371;555;0;1;1591;0;0,015438447924990434;0,11201586996787766;1,8616800415687769;1,2784125785333371;0,2771821225072303;Potencia;Bajo;Operación normal;Monitoreo rutinario
299;308;1448;42;74;9;62119;3174;0;1;1592;0;0,013474990512783825;0,11201586996787766;1,8616800415687769;1,2784125785333371;0,2771821225072303;Potencia;Bajo;Operación normal;Monitoreo rutinario
302;312;1572;34;228;9;54076;7843;1;0;1593;0;0,2669933761516177;0,11201586996787766;1,840596765542278;1,243013174148468;0,14831111679057707;Potencia;Bajo;Operación normal;Monitoreo rutinario
299;309;1872;22;162;9;42307;3661;0;0;1594;0;0,021927026092200725;0,11201586996787766;1,8616800415687769;1,2784125785333371;0,2771821225072303;Potencia;Bajo;Operación normal;Monitoreo rutinario
299;308;1440;42;87;9;61200;3697;1;0;1595;0;0,01605513441830081;0,11201586996787766;1,840596765542278;1,243013174148468;0,14831111679057707;Potencia;Bajo;Operación normal;Monitoreo rutinario
298;309;1925;22;7;11;42542;154;1;0;1596;0;0,021369063078018734;0,11201586996787766;1,840596765542278;1,243013174148468;0,14831111679057707;Potencia;Bajo;Operación normal;Monitoreo rutinario
303;312;1430;53;189;9;76505;10111;0;1;1597;0;0,04257296644454379;0,11201586996787766;1,8616800415687769;1,2784125785333371;0,2771821225072303;Potencia;Bajo;Operación normal;Monitoreo rutinario
300;310;1339;59;203;9;79134;11997;1;0;1598;1;0,9818269662699829;0,11201586996787766;1,840596765542278;1,243013174148468;0,14831111679057707;Potencia;Alto;Intervención inmediata;Acción crítica inmediata sobre Potencia
300;311;1552;28;135;11;44697;3888;1;0;1599;0;0,013914846461214034;0,11201586996787766;1,840596765542278;1,243013174148468;0,14831111679057707;Potencia;Bajo;Operación normal;Monitoreo rutinario
298;309;1483;32;142;11;48642;4657;1;0;1600;0;0,016209802538830212;0,11201586996787766;1,840596765542278;1,243013174148468;0,14831111679057707;Potencia;Bajo;Operación normal;Monitoreo rutinario
300;311;1499;37;73;11;56362;2744;1;0;1601;0;0,009782181124403964;0,11201586996787766;1,840596765542278;1,243013174148468;0,14831111679057707;Potencia;Bajo;Operación normal;Monitoreo rutinario
297;308;1516;33;92;11;51089;3100;1;0;1602;0;0,009903360588232591;0,11201586996787766;1,840596765542278;1,243013174148468;0,14831111679057707;Potencia;Bajo;Operación normal;Monitoreo rutinario
297;308;1405;42;204;11;59712;8670;0;1;1603;0;0,09318800518880514;0,11201586996787766;1,8616800415687769;1,2784125785333371;0,2771821225072303;Potencia;Bajo;Operación normal;Monitoreo rutinario
301;310;1809;25;40;8;46129;1020;1;0;1604;0;0,03142568896906841;0,11201586996787766;1,840596765542278;1,243013174148468;0,14831111679057707;Potencia;Bajo;Operación normal;Monitoreo rutinario
299;310;1391;46;21;11;65237;984;1;0;1605;0;0,05162882978441106;0,11201586996787766;1,840596765542278;1,243013174148468;0,14831111679057707;Potencia;Bajo;Operación normal;Monitoreo rutinario
301;310;1459;44;92;9;65217;4112;1;0;1606;0;0,020805018291347798;0,11201586996787766;1,840596765542278;1,243013174148468;0,14831111679057707;Potencia;Bajo;Operación normal;Monitoreo rutinario
302;312;1423;51;60;9;73853;3114;1;0;1607;0;0,020370724164126334;0,11201586996787766;1,840596765542278;1,243013174148468;0,14831111679057707;Potencia;Bajo;Operación normal;Monitoreo rutinario
301;310;1493;47;145;9;71066;6902;1;0;1608;0;0,02902184687868137;0,11201586996787766;1,840596765542278;1,243013174148468;0,14831111679057707;Potencia;Bajo;Operación normal;Monitoreo rutinario
300;309;1431;41;199;8;59243;8238;1;0;1609;0;0,10617386632088396;0,11201586996787766;1,840596765542278;1,243013174148468;0,14831111679057707;Potencia;Bajo;Operación normal;Monitoreo rutinario
299;310;1921;23;158;11;45911;3776;1;0;1610;0;0,04274078388402561;0,11201586996787766;1,840596765542278;1,243013174148468;0,14831111679057707;Potencia;Bajo;Operación normal;Monitoreo rutinario
300;309;1667;30;29;8;50843;884;0;0;1611;0;0,014028305560936627;0,11201586996787766;1,8616800415687769;1,2784125785333371;0,2771821225072303;Potencia;Bajo;Operación normal;Monitoreo rutinario
298;308;1652;28;63;9;47082;1795;1;0;1612;0;0,016597257739366114;0,11201586996787766;1,840596765542278;1,243013174148468;0,14831111679057707;Potencia;Bajo;Operación normal;Monitoreo rutinario
302;311;1540;28;149;9;44506;4306;0;1;1613;0;0,018190982454326623;0,11201586996787766;1,8616800415687769;1,2784125785333371;0,2771821225072303;Potencia;Bajo;Operación normal;Monitoreo rutinario
300;309;1517;40;149;9;61135;6004;0;1;1614;0;0,01218707679625237;0,11201586996787766;1,8616800415687769;1,2784125785333371;0,2771821225072303;Potencia;Bajo;Operación normal;Monitoreo rutinario
301;310;1486;39;144;8;58845;5702;0;1;1615;0;0,023165207258240724;0,11201586996787766;1,8616800415687769;1,2784125785333371;0,2771821225072303;Potencia;Bajo;Operación normal;Monitoreo rutinario
302;310;1447;42;229;8;61786;9778;1;0;1616;0;0,4551516681202991;0,11201586996787766;1,840596765542278;1,243013174148468;0,14831111679057707;Potencia;Medio;Mantenimiento preventivo programado;Revisar Potencia
298;308;1405;56;218;10;78961;12251;1;0;1617;1;0,9814771986395846;0,11201586996787766;1,840596765542278;1,243013174148468;0,14831111679057707;Potencia;Alto;Intervención inmediata;Acción crítica inmediata sobre Potencia
300;310;1517;44;4;9;67203;177;1;0;1618;0;0,017263016358976424;0,11201586996787766;1,840596765542278;1,243013174148468;0,14831111679057707;Potencia;Bajo;Operación normal;Monitoreo rutinario
297;309;1434;43;96;11;62092;4156;0;1;1619;0;0,010526582000026406;0,11201586996787766;1,8616800415687769;1,2784125785333371;0,2771821225072303;Potencia;Bajo;Operación normal;Monitoreo rutinario
300;311;1547;39;121;11;61415;4803;1;0;1620;0;0,009782181124403964;0,11201586996787766;1,840596765542278;1,243013174148468;0,14831111679057707;Potencia;Bajo;Operación normal;Monitoreo rutinario
296;307;1514;35;100;10;54049;3570;1;0;1621;0;0,01115758113747567;0,11201586996787766;1,840596765542278;1,243013174148468;0,14831111679057707;Potencia;Bajo;Operación normal;Monitoreo rutinario
300;311;1782;26;116;10;47935;3120;1;0;1622;0;0,011893073535540626;0,11201586996787766;1,840596765542278;1,243013174148468;0,14831111679057707;Potencia;Bajo;Operación normal;Monitoreo rutinario
297;308;1355;43;217;11;59213;9482;1;0;1623;0;0,3523281038360225;0,11201586996787766;1,840596765542278;1,243013174148468;0,14831111679057707;Potencia;Medio;Mantenimiento preventivo programado;Revisar Potencia
302;311;1311;53;0;9;69745;0;1;0;1624;0;0,21143795892925146;-0,0010416336151943912;3,125048442483204;-0,33484602661259355;0,09092295302134024;Potencia;Bajo;Operación normal;Monitoreo rutinario
300;311;1468;38;39;10;56811;1509;0;0;1625;0;0,008316522405323932;0,11201586996787766;1,8616800415687769;1,2784125785333371;0,2771821225072303;Potencia;Bajo;Operación normal;Monitoreo rutinario
303;311;1606;29;122;8;47537;3611;0;1;1626;0;0,045744670415549;0,11201586996787766;1,8616800415687769;1,2784125785333371;0,2771821225072303;Potencia;Bajo;Operación normal;Monitoreo rutinario
302;312;1445;54;0;9;79186;0;0;1;1627;0;0,020033569946123275;-0,0010416336151943912;3,126577712539185;-0,3459696619302671;0,21979395873799373;Potencia;Bajo;Operación normal;Monitoreo rutinario
299;310;1754;31;114;11;54900;3568;0;1;1628;0;0,01829726127068082;0,11201586996787766;1,8616800415687769;1,2784125785333371;0,2771821225072303;Potencia;Bajo;Operación normal;Monitoreo rutinario
298;308;1439;44;205;10;64611;9204;1;0;1629;0;0,17803135624003125;0,11201586996787766;1,840596765542278;1,243013174148468;0,14831111679057707;Potencia;Bajo;Operación normal;Monitoreo rutinario
301;310;1517;40;171;9;60983;6874;0;1;1630;0;0,02043123973931973;0,11201586996787766;1,8616800415687769;1,2784125785333371;0,2771821225072303;Potencia;Bajo;Operación normal;Monitoreo rutinario
298;309;1613;36;0;11;59197;0;1;0;1631;0;0,010715264674832047;-0,0010416336151943912;3,125048442483204;-0,33484602661259355;0,09092295302134024;Potencia;Bajo;Operación normal;Monitoreo rutinario
300;311;1383;49;33;11;67905;1620;0;0;1632;0;0,0398072696210058;0,11201586996787766;1,8616800415687769;1,2784125785333371;0,2771821225072303;Potencia;Bajo;Operación normal;Monitoreo rutinario
298;308;1407;47;153;10;66269;7206;1;0;1633;0;0,02523430297882227;0,11201586996787766;1,840596765542278;1,243013174148468;0,14831111679057707;Potencia;Bajo;Operación normal;Monitoreo rutinario
297;309;1548;37;171;11;57895;6395;1;0;1634;0;0,009988971772962827;0,11201586996787766;1,840596765542278;1,243013174148468;0,14831111679057707;Potencia;Bajo;Operación normal;Monitoreo rutinario
300;311;1359;54;81;11;73521;4382;0;1;1635;0;0,05617306610786927;0,11201586996787766;1,8616800415687769;1,2784125785333371;0,2771821225072303;Potencia;Bajo;Operación normal;Monitoreo rutinario
295;306;1575;28;74;10;44887;2109;1;0;1636;0;0,016875059688387546;0,11201586996787766;1,840596765542278;1,243013174148468;0,14831111679057707;Potencia;Bajo;Operación normal;Monitoreo rutinario
299;310;1412;44;246;11;62269;10848;1;0;1637;0;0,35414221297136966;0,11201586996787766;1,840596765542278;1,243013174148468;0,14831111679057707;Potencia;Medio;Mantenimiento preventivo programado;Revisar Potencia
299;309;1485;47;209;9;69943;9843;0;1;1638;0;0,4799848759948119;0,11201586996787766;1,8616800415687769;1,2784125785333371;0,2771821225072303;Potencia;Medio;Mantenimiento preventivo programado;Revisar Potencia
302;312;1574;33;63;9;53201;2129;1;0;1639;0;0,00908544234783394;0,11201586996787766;1,840596765542278;1,243013174148468;0,14831111679057707;Potencia;Bajo;Operación normal;Monitoreo rutinario
301;310;1594;34;172;9;54355;5865;1;0;1640;0;0,024312977155820634;0,11201586996787766;1,840596765542278;1,243013174148468;0,14831111679057707;Potencia;Bajo;Operación normal;Monitoreo rutinario
303;312;1699;27;160;9;47402;4464;1;0;1641;0;0,017746253031494377;0,11201586996787766;1,840596765542278;1,243013174148468;0,14831111679057707;Potencia;Bajo;Operación normal;Monitoreo rutinario
300;309;1527;37;194;9;56499;7178;1;0;1642;0;0,045879142765621723;0,11201586996787766;1,840596765542278;1,243013174148468;0,14831111679057707;Potencia;Bajo;Operación normal;Monitoreo rutinario
299;309;1470;44;135;9;65268;5994;0;1;1643;0;0,012900296718206057;0,11201586996787766;1,8616800415687769;1,2784125785333371;0,2771821225072303;Potencia;Bajo;Operación normal;Monitoreo rutinario
297;307;1303;59;75;9;77267;4447;0;1;1644;0;0,09234568357872716;0,11201586996787766;1,8616800415687769;1,2784125785333371;0,2771821225072303;Potencia;Bajo;Operación normal;Monitoreo rutinario
299;309;1326;47;35;10;62985;1662;0;1;1645;0;0,04241477916049853;0,11201586996787766;1,8616800415687769;1,2784125785333371;0,2771821225072303;Potencia;Bajo;Operación normal;Monitoreo rutinario
300;311;1426;45;16;10;64883;728;1;0;1646;0;0,011620001739009119;0,11201586996787766;1,840596765542278;1,243013174148468;0,14831111679057707;Potencia;Bajo;Operación normal;Monitoreo rutinario
299;310;1873;22;211;11;41767;4705;1;0;1647;1;0,7364136197231713;0,11201586996787766;1,840596765542278;1,243013174148468;0,14831111679057707;Potencia;Alto;Intervención inmediata;Acción crítica inmediata sobre Potencia
302;311;1630;34;94;8;56398;3252;1;0;1648;0;0,018391609638588536;0,11201586996787766;1,840596765542278;1,243013174148468;0,14831111679057707;Potencia;Bajo;Operación normal;Monitoreo rutinario
297;308;1323;51;130;11;67605;6643;0;0;1649;0;0,0413599269512183;0,11201586996787766;1,8616800415687769;1,2784125785333371;0,2771821225072303;Potencia;Bajo;Operación normal;Monitoreo rutinario
297;308;1530;37;106;11;57528;3985;1;0;1650;0;0,009811708917617033;0,11201586996787766;1,840596765542278;1,243013174148468;0,14831111679057707;Potencia;Bajo;Operación normal;Monitoreo rutinario
300;309;1395;56;122;9;78817;6893;1;0;1651;0;0,07915472839454923;0,11201586996787766;1,840596765542278;1,243013174148468;0,14831111679057707;Potencia;Bajo;Operación normal;Monitoreo rutinario
300;310;1503;42;196;9;63426;8271;1;0;1652;0;0,0692954375560134;0,11201586996787766;1,840596765542278;1,243013174148468;0,14831111679057707;Potencia;Bajo;Operación normal;Monitoreo rutinario
303;312;1275;64;113;9;82110;7277;1;0;1653;0;0,1849162005413937;0,11201586996787766;1,840596765542278;1,243013174148468;0,14831111679057707;Potencia;Bajo;Operación normal;Monitoreo rutinario
299;311;1588;38;183;11;60344;6954;1;0;1654;0;0,024925762161300442;0,11201586996787766;1,840596765542278;1,243013174148468;0,14831111679057707;Potencia;Bajo;Operación normal;Monitoreo rutinario
301;311;1423;48;199;10;68304;9552;0;1;1655;0;0,05803588390880125;0,11201586996787766;1,8616800415687769;1,2784125785333371;0,2771821225072303;Potencia;Bajo;Operación normal;Monitoreo rutinario
298;307;1544;31;192;9;48481;6028;1;0;1656;0;0,05766678634945827;0,11201586996787766;1,840596765542278;1,243013174148468;0,14831111679057707;Potencia;Bajo;Operación normal;Monitoreo rutinario
298;309;1710;27;163;11;46683;4449;1;0;1657;0;0,018241315013970374;0,11201586996787766;1,840596765542278;1,243013174148468;0,14831111679057707;Potencia;Bajo;Operación normal;Monitoreo rutinario
298;307;1355;59;115;9;80487;6831;1;0;1658;0;0,11566414119226034;0,11201586996787766;1,840596765542278;1,243013174148468;0,14831111679057707;Potencia;Bajo;Operación normal;Monitoreo rutinario
297;308;1696;30;133;11;52406;4109;1;0;1659;0;0,008704533515408614;0,11201586996787766;1,840596765542278;1,243013174148468;0,14831111679057707;Potencia;Bajo;Operación normal;Monitoreo rutinario
301;310;1447;41;140;9;60629;5866;0;1;1660;0;0,019764401007862573;0,11201586996787766;1,8616800415687769;1,2784125785333371;0,2771821225072303;Potencia;Bajo;Operación normal;Monitoreo rutinario
300;311;2141;18;204;11;39608;3774;0;0;1661;0;0,345761814597817;0,11201586996787766;1,8616800415687769;1,2784125785333371;0,2771821225072303;Potencia;Medio;Mantenimiento preventivo programado;Revisar Potencia
298;307;1387;45;166;9;63108;7553;0;1;1662;0;0,02545977060173451;0,11201586996787766;1,8616800415687769;1,2784125785333371;0,2771821225072303;Potencia;Bajo;Operación normal;Monitoreo rutinario
296;307;1392;43;0;10;61108;0;0;1;1663;0;0,022067803847449798;-0,0010416336151943912;3,126577712539185;-0,3459696619302671;0,21979395873799373;Potencia;Bajo;Operación normal;Monitoreo rutinario
301;310;1523;43;60;8;65945;2598;1;0;1664;0;0,024380427216192598;0,11201586996787766;1,840596765542278;1,243013174148468;0,14831111679057707;Potencia;Bajo;Operación normal;Monitoreo rutinario
298;309;1539;36;134;10;56173;4891;1;0;1665;0;0,010021984994337126;0,11201586996787766;1,840596765542278;1,243013174148468;0,14831111679057707;Potencia;Bajo;Operación normal;Monitoreo rutinario
298;309;1419;41;159;11;58604;6566;1;0;1666;0;0,014289123237398895;0,11201586996787766;1,840596765542278;1,243013174148468;0,14831111679057707;Potencia;Bajo;Operación normal;Monitoreo rutinario
303;313;1680;29;201;9;48888;5849;0;0;1667;0;0,0380223068263191;0,11201586996787766;1,8616800415687769;1,2784125785333371;0,2771821225072303;Potencia;Bajo;Operación normal;Monitoreo rutinario
303;312;1511;37;27;8;56058;1001;1;0;1668;0;0,01872130536575504;0,11201586996787766;1,840596765542278;1,243013174148468;0,14831111679057707;Potencia;Bajo;Operación normal;Monitoreo rutinario
297;308;1500;39;158;10;59850;6304;1;0;1669;0;0,010710158631124225;0,11201586996787766;1,840596765542278;1,243013174148468;0,14831111679057707;Potencia;Bajo;Operación normal;Monitoreo rutinario
297;308;1471;38;37;11;56192;1413;1;0;1670;0;0,008704533515408614;0,11201586996787766;1,840596765542278;1,243013174148468;0,14831111679057707;Potencia;Bajo;Operación normal;Monitoreo rutinario
301;309;1519;39;167;8;60152;6613;1;0;1671;0;0,017541631869312218;0,11201586996787766;1,840596765542278;1,243013174148468;0,14831111679057707;Potencia;Bajo;Operación normal;Monitoreo rutinario
304;313;1668;35;180;9;59547;6426;1;0;1672;0;0,021719825523906843;0,11201586996787766;1,840596765542278;1,243013174148468;0,14831111679057707;Potencia;Bajo;Operación normal;Monitoreo rutinario
295;306;1632;32;76;10;52550;2447;0;0;1673;0;0,010594284796002575;0,11201586996787766;1,8616800415687769;1,2784125785333371;0,2771821225072303;Potencia;Bajo;Operación normal;Monitoreo rutinario
297;308;1723;27;67;10;47037;1829;1;0;1674;0;0,012883641723484359;0,11201586996787766;1,840596765542278;1,243013174148468;0,14831111679057707;Potencia;Bajo;Operación normal;Monitoreo rutinario
301;311;1630;29;51;10;48085;1504;1;0;1675;0;0,013029205790588319;0,11201586996787766;1,840596765542278;1,243013174148468;0,14831111679057707;Potencia;Bajo;Operación normal;Monitoreo rutinario
299;309;1614;30;100;9;49711;3080;1;0;1676;0;0,01929225770276367;0,11201586996787766;1,840596765542278;1,243013174148468;0,14831111679057707;Potencia;Bajo;Operación normal;Monitoreo rutinario
300;310;1808;25;35;10;46646;903;1;0;1677;0;0,024850929391034882;0,11201586996787766;1,840596765542278;1,243013174148468;0,14831111679057707;Potencia;Bajo;Operación normal;Monitoreo rutinario
299;308;1319;60;36;9;79535;2170;1;0;1678;0;0,13048886904350693;0,11201586996787766;1,840596765542278;1,243013174148468;0,14831111679057707;Potencia;Bajo;Operación normal;Monitoreo rutinario
299;309;1542;39;155;10;60754;6107;1;0;1679;0;0,014473137891002609;0,11201586996787766;1,840596765542278;1,243013174148468;0,14831111679057707;Potencia;Bajo;Operación normal;Monitoreo rutinario
300;309;1528;35;44;9;53632;1544;0;1;1680;0;0,011786075161372998;0,11201586996787766;1,8616800415687769;1,2784125785333371;0,2771821225072303;Potencia;Bajo;Operación normal;Monitoreo rutinario
302;309;1551;34;207;7;53974;7203;1;0;1681;0;0,2283644675084737;0,11201586996787766;1,840596765542278;1,243013174148468;0,14831111679057707;Potencia;Bajo;Operación normal;Monitoreo rutinario
303;313;1593;31;52;9;50338;1643;1;0;1682;0;0,01395107487351413;0,11201586996787766;1,840596765542278;1,243013174148468;0,14831111679057707;Potencia;Bajo;Operación normal;Monitoreo rutinario
303;312;1624;34;121;8;56515;4210;0;1;1683;0;0,01863426247672327;0,11201586996787766;1,8616800415687769;1,2784125785333371;0,2771821225072303;Potencia;Bajo;Operación normal;Monitoreo rutinario
300;309;1518;36;0;9;55255;0;1;0;1684;0;0,012411943863171952;-0,0010416336151943912;3,125048442483204;-0,33484602661259355;0,09092295302134024;Potencia;Bajo;Operación normal;Monitoreo rutinario
300;311;1367;57;10;11;78192;572;1;0;1685;0;0,09338167733847084;0,11201586996787766;1,840596765542278;1,243013174148468;0,14831111679057707;Potencia;Bajo;Operación normal;Monitoreo rutinario
298;308;1444;54;62;9;78264;3360;1;0;1686;0;0,02740440517770338;0,11201586996787766;1,840596765542278;1,243013174148468;0,14831111679057707;Potencia;Bajo;Operación normal;Monitoreo rutinario
302;311;1784;26;79;9;47097;2085;1;0;1687;0;0,016240682626691795;0,11201586996787766;1,840596765542278;1,243013174148468;0,14831111679057707;Potencia;Bajo;Operación normal;Monitoreo rutinario
295;306;1488;40;31;10;60561;1261;1;0;1688;0;0,01115758113747567;0,11201586996787766;1,840596765542278;1,243013174148468;0,14831111679057707;Potencia;Bajo;Operación normal;Monitoreo rutinario
303;311;1592;38;188;8;61928;7313;0;1;1689;0;0,048679552745776206;0,11201586996787766;1,8616800415687769;1,2784125785333371;0,2771821225072303;Potencia;Bajo;Operación normal;Monitoreo rutinario
299;309;1491;47;216;9;70822;10260;1;0;1690;1;0,6525960633111055;0,11201586996787766;1,840596765542278;1,243013174148468;0,14831111679057707;Potencia;Alto;Intervención inmediata;Acción crítica inmediata sobre Potencia
300;311;1480;46;185;10;68968;8621;1;0;1691;0;0,025053206218568;0,11201586996787766;1,840596765542278;1,243013174148468;0,14831111679057707;Potencia;Bajo;Operación normal;Monitoreo rutinario
301;310;1389;52;125;9;73200;6587;1;0;1692;0;0,11211486952916079;0,11201586996787766;1,840596765542278;1,243013174148468;0,14831111679057707;Potencia;Bajo;Operación normal;Monitoreo rutinario
300;309;1489;38;109;8;57177;4185;1;0;1693;0;0,013791113052330148;0,11201586996787766;1,840596765542278;1,243013174148468;0,14831111679057707;Potencia;Bajo;Operación normal;Monitoreo rutinario
298;308;1339;51;197;10;69092;10165;0;1;1694;0;0,11587693652747495;0,11201586996787766;1,8616800415687769;1,2784125785333371;0,2771821225072303;Potencia;Bajo;Operación normal;Monitoreo rutinario
301;311;1474;42;164;9;62792;6986;1;0;1695;0;0,011808759478197529;0,11201586996787766;1,840596765542278;1,243013174148468;0,14831111679057707;Potencia;Bajo;Operación normal;Monitoreo rutinario
298;310;1530;38;53;11;58598;2029;0;0;1696;0;0,014163036171283915;0,11201586996787766;1,8616800415687769;1,2784125785333371;0,2771821225072303;Potencia;Bajo;Operación normal;Monitoreo rutinario
302;311;1281;48;0;9;62512;0;1;0;1697;0;0,16890663687163382;-0,0010416336151943912;3,125048442483204;-0,33484602661259355;0,09092295302134024;Potencia;Bajo;Operación normal;Monitoreo rutinario
300;312;1416;43;112;11;62020;4905;1;0;1698;0;0,006512656852238269;0,11201586996787766;1,840596765542278;1,243013174148468;0,14831111679057707;Potencia;Bajo;Operación normal;Monitoreo rutinario
300;311;1853;23;122;10;43730;2879;0;0;1699;0;0,01183739487258277;0,11201586996787766;1,8616800415687769;1,2784125785333371;0,2771821225072303;Potencia;Bajo;Operación normal;Monitoreo rutinario
300;310;1762;28;202;10;49336;5656;1;0;1700;0;0,10751914838176573;0,11201586996787766;1,840596765542278;1,243013174148468;0,14831111679057707;Potencia;Bajo;Operación normal;Monitoreo rutinario
297;308;1433;50;218;10;71650;10900;1;0;1701;1;0,7535853443446897;0,11201586996787766;1,840596765542278;1,243013174148468;0,14831111679057707;Potencia;Alto;Intervención inmediata;Acción crítica inmediata sobre Potencia
300;311;2003;20;138;10;40460;2787;1;0;1702;0;0,0128198860678413;0,11201586996787766;1,840596765542278;1,243013174148468;0,14831111679057707;Potencia;Bajo;Operación normal;Monitoreo rutinario
300;309;1733;26;108;8;46271;2883;0;1;1703;0;0,01864649724024054;0,11201586996787766;1,8616800415687769;1,2784125785333371;0,2771821225072303;Potencia;Bajo;Operación normal;Monitoreo rutinario
299;308;1447;39;22;9;57301;871;0;1;1704;0;0,013474990512783825;0,11201586996787766;1,8616800415687769;1,2784125785333371;0,2771821225072303;Potencia;Bajo;Operación normal;Monitoreo rutinario
300;309;1491;41;41;9;62323;1713;0;1;1705;0;0,011786075161372998;0,11201586996787766;1,8616800415687769;1,2784125785333371;0,2771821225072303;Potencia;Bajo;Operación normal;Monitoreo rutinario
297;308;1441;44;4;10;64124;178;1;0;1706;0;0,010856689915460817;0,11201586996787766;1,840596765542278;1,243013174148468;0,14831111679057707;Potencia;Bajo;Operación normal;Monitoreo rutinario
301;310;1855;25;178;9;46931;4503;0;1;1707;0;0,03291585121645893;0,11201586996787766;1,8616800415687769;1,2784125785333371;0,2771821225072303;Potencia;Bajo;Operación normal;Monitoreo rutinario
301;311;2055;16;105;9;34524;1764;1;0;1708;0;0,05141952798597445;0,11201586996787766;1,840596765542278;1,243013174148468;0,14831111679057707;Potencia;Bajo;Operación normal;Monitoreo rutinario
297;308;1455;48;145;11;70131;6989;1;0;1709;0;0,017678193247221485;0,11201586996787766;1,840596765542278;1,243013174148468;0,14831111679057707;Potencia;Bajo;Operación normal;Monitoreo rutinario
300;310;1431;43;0;9;61819;0;0;0;1710;0;0,02045882691164042;-0,0010416336151943912;3,126577712539185;-0,3459696619302671;0,21979395873799373;Potencia;Bajo;Operación normal;Monitoreo rutinario
301;309;1732;30;220;7;52133;6622;0;1;1711;0;0,25780874992815545;0,11201586996787766;1,8616800415687769;1,2784125785333371;0,2771821225072303;Potencia;Bajo;Operación normal;Monitoreo rutinario
300;311;1532;40;0;11;61280;0;0;1;1712;0;0,00973628744859373;-0,0010416336151943912;3,126577712539185;-0,3459696619302671;0,21979395873799373;Potencia;Bajo;Operación normal;Monitoreo rutinario
300;310;1452;43;139;9;62436;5977;0;1;1713;0;0,016396594964458448;0,11201586996787766;1,8616800415687769;1,2784125785333371;0,2771821225072303;Potencia;Bajo;Operación normal;Monitoreo rutinario
302;311;1530;42;21;9;64718;888;0;1;1714;0;0,015438447924990434;0,11201586996787766;1,8616800415687769;1,2784125785333371;0,2771821225072303;Potencia;Bajo;Operación normal;Monitoreo rutinario
299;309;1473;46;146;9;68199;6759;1;0;1715;0;0,019004999992679697;0,11201586996787766;1,840596765542278;1,243013174148468;0,14831111679057707;Potencia;Bajo;Operación normal;Monitoreo rutinario
302;311;1532;38;96;9;59441;3724;0;1;1716;0;0,015438447924990434;0,11201586996787766;1,8616800415687769;1,2784125785333371;0,2771821225072303;Potencia;Bajo;Operación normal;Monitoreo rutinario
297;308;1440;38;29;11;55871;1125;0;1;1717;0;0,009358158345702812;0,11201586996787766;1,8616800415687769;1,2784125785333371;0,2771821225072303;Potencia;Bajo;Operación normal;Monitoreo rutinario
302;310;1388;49;48;7;69261;2395;1;0;1718;1;0,6408004509671892;0,11201586996787766;1,840596765542278;1,243013174148468;0,14831111679057707;Potencia;Alto;Intervención inmediata;Acción crítica inmediata sobre Potencia
298;309;1468;46;10;11;67821;462;1;0;1719;0;0,01404582643674053;0,11201586996787766;1,840596765542278;1,243013174148468;0,14831111679057707;Potencia;Bajo;Operación normal;Monitoreo rutinario
300;309;1516;39;142;8;59124;5538;1;0;1720;0;0,013791113052330148;0,11201586996787766;1,840596765542278;1,243013174148468;0,14831111679057707;Potencia;Bajo;Operación normal;Monitoreo rutinario
298;308;1395;49;206;10;68494;10114;0;1;1721;0;0,1988638058361763;0,11201586996787766;1,8616800415687769;1,2784125785333371;0,2771821225072303;Potencia;Bajo;Operación normal;Monitoreo rutinario
299;309;2280;15;207;9;35112;3187;1;0;1722;1;0,6988430761187729;0,11201586996787766;1,840596765542278;1,243013174148468;0,14831111679057707;Potencia;Alto;Intervención inmediata;Acción crítica inmediata sobre Potencia
301;310;1431;40;101;9;58098;4100;0;1;1723;0;0,03082027724475286;0,11201586996787766;1,8616800415687769;1,2784125785333371;0,2771821225072303;Potencia;Bajo;Operación normal;Monitoreo rutinario
300;309;1343;50;98;9;67418;4919;1;0;1724;0;0,054520418311222944;0,11201586996787766;1,840596765542278;1,243013174148468;0,14831111679057707;Potencia;Bajo;Operación normal;Monitoreo rutinario
298;309;1573;33;143;10;52852;4804;0;0;1725;0;0,00951546813193491;0,11201586996787766;1,8616800415687769;1,2784125785333371;0,2771821225072303;Potencia;Bajo;Operación normal;Monitoreo rutinario
298;310;1750;25;156;11;43750;3900;1;0;1726;0;0,02531233840186408;0,11201586996787766;1,840596765542278;1,243013174148468;0,14831111679057707;Potencia;Bajo;Operación normal;Monitoreo rutinario
299;309;1445;42;0;9;61557;0;1;0;1727;0;0,013584519889487069;-0,0010416336151943912;3,125048442483204;-0,33484602661259355;0,09092295302134024;Potencia;Bajo;Operación normal;Monitoreo rutinario
302;311;1384;50;13;9;70307;660;1;0;1728;0;0,0981867321888407;0,11201586996787766;1,840596765542278;1,243013174148468;0,14831111679057707;Potencia;Bajo;Operación normal;Monitoreo rutinario
296;306;1389;53;132;10;74033;7035;1;0;1729;0;0,05057727757037042;0,11201586996787766;1,840596765542278;1,243013174148468;0,14831111679057707;Potencia;Bajo;Operación normal;Monitoreo rutinario
301;310;1313;55;127;9;73002;7061;1;0;1730;0;0,13934072480589474;0,11201586996787766;1,840596765542278;1,243013174148468;0,14831111679057707;Potencia;Bajo;Operación normal;Monitoreo rutinario
298;309;1427;54;89;11;77486;4832;0;0;1731;0;0,028041904594118282;0,11201586996787766;1,8616800415687769;1,2784125785333371;0,2771821225072303;Potencia;Bajo;Operación normal;Monitoreo rutinario
300;310;1378;47;71;9;65179;3358;1;0;1732;0;0,05876005900200793;0,11201586996787766;1,840596765542278;1,243013174148468;0,14831111679057707;Potencia;Bajo;Operación normal;Monitoreo rutinario
301;310;1465;44;57;8;64899;2525;1;0;1733;0;0,024380427216192598;0,11201586996787766;1,840596765542278;1,243013174148468;0,14831111679057707;Potencia;Bajo;Operación normal;Monitoreo rutinario
302;310;1587;36;20;8;58084;732;1;0;1734;0;0,044805631160489065;0,11201586996787766;1,840596765542278;1,243013174148468;0,14831111679057707;Potencia;Bajo;Operación normal;Monitoreo rutinario
297;307;1352;49;102;9;66788;5038;0;1;1735;0;0,04285341271862236;0,11201586996787766;1,8616800415687769;1,2784125785333371;0,2771821225072303;Potencia;Bajo;Operación normal;Monitoreo rutinario
298;309;1368;49;117;10;67168;5744;0;1;1736;0;0,042217490523599986;0,11201586996787766;1,8616800415687769;1,2784125785333371;0,2771821225072303;Potencia;Bajo;Operación normal;Monitoreo rutinario
303;312;1694;27;40;9;46246;1092;1;0;1737;0;0,015768989422909063;0,11201586996787766;1,840596765542278;1,243013174148468;0,14831111679057707;Potencia;Bajo;Operación normal;Monitoreo rutinario
298;310;1439;49;17;11;71806;848;1;0;1738;0;0,04217986311376914;0,11201586996787766;1,840596765542278;1,243013174148468;0,14831111679057707;Potencia;Bajo;Operación normal;Monitoreo rutinario
300;310;1519;44;69;9;67747;3077;1;0;1739;0;0,017263016358976424;0,11201586996787766;1,840596765542278;1,243013174148468;0,14831111679057707;Potencia;Bajo;Operación normal;Monitoreo rutinario
301;311;1533;45;125;9;70211;5725;1;0;1740;0;0,011255360609535948;0,11201586996787766;1,840596765542278;1,243013174148468;0,14831111679057707;Potencia;Bajo;Operación normal;Monitoreo rutinario
298;308;1392;53;104;10;74332;5553;0;1;1741;0;0,04525876448262627;0,11201586996787766;1,8616800415687769;1,2784125785333371;0,2771821225072303;Potencia;Bajo;Operación normal;Monitoreo rutinario
300;310;1378;43;193;10;60494;8472;1;0;1742;0;0,14451824362222557;0,11201586996787766;1,840596765542278;1,243013174148468;0,14831111679057707;Potencia;Bajo;Operación normal;Monitoreo rutinario
300;311;1836;21;12;10;40024;261;0;1;1743;0;0,01183739487258277;0,11201586996787766;1,8616800415687769;1,2784125785333371;0,2771821225072303;Potencia;Bajo;Operación normal;Monitoreo rutinario
303;312;1968;20;130;9;40540;2678;1;0;1744;0;0,015768989422909063;0,11201586996787766;1,840596765542278;1,243013174148468;0,14831111679057707;Potencia;Bajo;Operación normal;Monitoreo rutinario
302;311;1227;68;187;9;83681;12753;0;1;1745;1;0,9902691236292803;0,11201586996787766;1,8616800415687769;1,2784125785333371;0,2771821225072303;Potencia;Alto;Intervención inmediata;Acción crítica inmediata sobre Potencia
304;313;1410;42;155;9;59784;6572;0;1;1746;0;0,01920515861705514;0,11201586996787766;1,8616800415687769;1,2784125785333371;0,2771821225072303;Potencia;Bajo;Operación normal;Monitoreo rutinario
300;309;1441;40;46;9;57784;1844;1;0;1747;0;0,01404743629743806;0,11201586996787766;1,840596765542278;1,243013174148468;0,14831111679057707;Potencia;Bajo;Operación normal;Monitoreo rutinario
299;308;1396;48;13;9;67985;633;0;1;1748;0;0,044665773121411595;0,11201586996787766;1,8616800415687769;1,2784125785333371;0,2771821225072303;Potencia;Bajo;Operación normal;Monitoreo rutinario
295;306;1325;56;65;10;74465;3653;1;0;1749;0;0,06393548833988164;0,11201586996787766;1,840596765542278;1,243013174148468;0,14831111679057707;Potencia;Bajo;Operación normal;Monitoreo rutinario
297;309;1622;35;123;11;56770;4305;0;1;1750;0;0,0074682488456717525;0,11201586996787766;1,8616800415687769;1,2784125785333371;0,2771821225072303;Potencia;Bajo;Operación normal;Monitoreo rutinario
298;310;1423;42;154;11;59908;6483;1;0;1751;0;0,01882911668679957;0,11201586996787766;1,840596765542278;1,243013174148468;0,14831111679057707;Potencia;Bajo;Operación normal;Monitoreo rutinario
300;311;1518;36;53;11;55255;1929;0;1;1752;0;0,00973628744859373;0,11201586996787766;1,8616800415687769;1,2784125785333371;0,2771821225072303;Potencia;Bajo;Operación normal;Monitoreo rutinario
298;308;1628;34;93;10;56817;3245;1;0;1753;0;0,010469813262662568;0,11201586996787766;1,840596765542278;1,243013174148468;0,14831111679057707;Potencia;Bajo;Operación normal;Monitoreo rutinario
302;310;1477;41;184;8;61147;7617;1;0;1754;0;0,06346913604894686;0,11201586996787766;1,840596765542278;1,243013174148468;0,14831111679057707;Potencia;Bajo;Operación normal;Monitoreo rutinario
300;311;1910;23;153;11;43930;3519;1;0;1755;0;0,0206522974726261;0,11201586996787766;1,840596765542278;1,243013174148468;0,14831111679057707;Potencia;Bajo;Operación normal;Monitoreo rutinario
298;309;1543;49;199;11;76995;9930;0;1;1756;0;0,04677942211390693;0,11201586996787766;1,8616800415687769;1,2784125785333371;0,2771821225072303;Potencia;Bajo;Operación normal;Monitoreo rutinario
301;310;1512;36;159;9;55792;5867;0;1;1757;0;0,022231330807233624;0,11201586996787766;1,8616800415687769;1,2784125785333371;0,2771821225072303;Potencia;Bajo;Operación normal;Monitoreo rutinario
298;308;1500;40;207;10;60449;8342;0;0;1758;0;0,40804563739357474;0,11201586996787766;1,8616800415687769;1,2784125785333371;0,2771821225072303;Potencia;Medio;Mantenimiento preventivo programado;Revisar Potencia
298;308;1805;31;96;10;57038;3033;1;0;1759;0;0,010469813262662568;0,11201586996787766;1,840596765542278;1,243013174148468;0,14831111679057707;Potencia;Bajo;Operación normal;Monitoreo rutinario
297;308;1440;42;190;10;61056;8056;0;1;1760;0;0,02799437007200885;0,11201586996787766;1,8616800415687769;1,2784125785333371;0,2771821225072303;Potencia;Bajo;Operación normal;Monitoreo rutinario
300;311;1352;57;116;11;77469;6646;0;1;1761;0;0,09298040001214916;0,11201586996787766;1,8616800415687769;1,2784125785333371;0,2771821225072303;Potencia;Bajo;Operación normal;Monitoreo rutinario
301;310;1770;24;112;9;42657;2699;1;0;1762;0;0,02847415599502803;0,11201586996787766;1,840596765542278;1,243013174148468;0,14831111679057707;Potencia;Bajo;Operación normal;Monitoreo rutinario
298;308;1595;32;46;9;51518;1485;1;0;1763;0;0,01097285139598896;0,11201586996787766;1,840596765542278;1,243013174148468;0,14831111679057707;Potencia;Bajo;Operación normal;Monitoreo rutinario
297;307;1438;43;141;9;62696;6147;0;1;1764;0;0,012078437575819785;0,11201586996787766;1,8616800415687769;1,2784125785333371;0,2771821225072303;Potencia;Bajo;Operación normal;Monitoreo rutinario
299;310;1427;47;168;11;67354;7929;0;0;1765;0;0,027114790843549078;0,11201586996787766;1,8616800415687769;1,2784125785333371;0,2771821225072303;Potencia;Bajo;Operación normal;Monitoreo rutinario
299;308;1526;37;135;9;56919;5035;0;1;1766;0;0,013474990512783825;0,11201586996787766;1,8616800415687769;1,2784125785333371;0,2771821225072303;Potencia;Bajo;Operación normal;Monitoreo rutinario
295;306;1480;43;92;10;63936;3974;0;1;1767;0;0,010594284796002575;0,11201586996787766;1,8616800415687769;1,2784125785333371;0,2771821225072303;Potencia;Bajo;Operación normal;Monitoreo rutinario
297;308;1499;44;134;11;66255;5922;0;0;1768;0;0,009315719523774673;0,11201586996787766;1,8616800415687769;1,2784125785333371;0,2771821225072303;Potencia;Bajo;Operación normal;Monitoreo rutinario
304;313;1397;42;113;9;59232;4791;1;0;1769;0;0,030738011068611956;0,11201586996787766;1,840596765542278;1,243013174148468;0,14831111679057707;Potencia;Bajo;Operación normal;Monitoreo rutinario
296;307;1409;44;145;11;62418;6423;0;1;1770;0;0,014125547764839349;0,11201586996787766;1,8616800415687769;1,2784125785333371;0,2771821225072303;Potencia;Bajo;Operación normal;Monitoreo rutinario
301;309;1511;39;146;8;59382;5737;0;1;1771;0;0,01543301438339574;0,11201586996787766;1,8616800415687769;1,2784125785333371;0,2771821225072303;Potencia;Bajo;Operación normal;Monitoreo rutinario
300;309;1479;43;240;8;64484;10464;1;0;1772;0;0,11413628798183682;0,11201586996787766;1,840596765542278;1,243013174148468;0,14831111679057707;Potencia;Bajo;Operación normal;Monitoreo rutinario
298;308;1991;20;59;10;41213;1221;1;0;1773;0;0,01706962150853001;0,11201586996787766;1,840596765542278;1,243013174148468;0,14831111679057707;Potencia;Bajo;Operación normal;Monitoreo rutinario
302;311;1297;60;125;8;78727;7587;0;1;1774;1;0,8682872348268351;0,11201586996787766;1,8616800415687769;1,2784125785333371;0,2771821225072303;Potencia;Alto;Intervención inmediata;Acción crítica inmediata sobre Potencia
301;311;1353;43;130;9;59261;5694;1;0;1775;0;0,035074696820522056;0,11201586996787766;1,840596765542278;1,243013174148468;0,14831111679057707;Potencia;Bajo;Operación normal;Monitoreo rutinario
298;309;1525;39;77;11;60542;3056;1;0;1776;0;0,010715264674832047;0,11201586996787766;1,840596765542278;1,243013174148468;0,14831111679057707;Potencia;Bajo;Operación normal;Monitoreo rutinario
301;310;1521;39;197;9;59775;7742;1;0;1777;0;0,09145753598657513;0,11201586996787766;1,840596765542278;1,243013174148468;0,14831111679057707;Potencia;Bajo;Operación normal;Monitoreo rutinario
303;311;1494;42;221;8;63793;9436;0;0;1778;0;0,36076808455044607;0,11201586996787766;1,8616800415687769;1,2784125785333371;0,2771821225072303;Potencia;Medio;Mantenimiento preventivo programado;Revisar Potencia
298;308;1540;37;7;9;58211;264;1;0;1779;0;0,01097285139598896;0,11201586996787766;1,840596765542278;1,243013174148468;0,14831111679057707;Potencia;Bajo;Operación normal;Monitoreo rutinario
297;308;1848;23;37;10;43797;876;0;1;1780;0;0,012234282445076098;0,11201586996787766;1,8616800415687769;1,2784125785333371;0,2771821225072303;Potencia;Bajo;Operación normal;Monitoreo rutinario
297;308;1483;46;203;11;69552;9520;1;0;1781;0;0,05848981338297491;0,11201586996787766;1,840596765542278;1,243013174148468;0,14831111679057707;Potencia;Bajo;Operación normal;Monitoreo rutinario
299;309;1372;56;133;9;77106;7474;0;1;1782;0;0,1199203465445033;0,11201586996787766;1,8616800415687769;1,2784125785333371;0,2771821225072303;Potencia;Bajo;Operación normal;Monitoreo rutinario
301;310;1480;47;68;8;69708;3202;1;0;1783;0;0,04117049793308994;0,11201586996787766;1,840596765542278;1,243013174148468;0,14831111679057707;Potencia;Bajo;Operación normal;Monitoreo rutinario
298;307;1385;45;158;9;62325;7110;1;0;1784;0;0,0314302804400275;0,11201586996787766;1,840596765542278;1,243013174148468;0,14831111679057707;Potencia;Bajo;Operación normal;Monitoreo rutinario
301;310;1618;35;218;9;57439;7739;1;0;1785;1;0,6976932152931483;0,11201586996787766;1,840596765542278;1,243013174148468;0,14831111679057707;Potencia;Alto;Intervención inmediata;Acción crítica inmediata sobre Potencia
300;311;1375;56;155;11;78237;8819;1;0;1786;0;0,09803793384016808;0,11201586996787766;1,840596765542278;1,243013174148468;0,14831111679057707;Potencia;Bajo;Operación normal;Monitoreo rutinario
300;310;1452;47;77;10;69550;3688;0;1;1787;0;0,019608184118012545;0,11201586996787766;1,8616800415687769;1,2784125785333371;0,2771821225072303;Potencia;Bajo;Operación normal;Monitoreo rutinario
299;310;1761;30;180;11;53534;5472;0;0;1788;0;0,053551502421342156;0,11201586996787766;1,8616800415687769;1,2784125785333371;0,2771821225072303;Potencia;Bajo;Operación normal;Monitoreo rutinario
298;308;1626;36;83;9;59349;3029;1;0;1789;0;0,01097285139598896;0,11201586996787766;1,840596765542278;1,243013174148468;0,14831111679057707;Potencia;Bajo;Operación normal;Monitoreo rutinario
303;312;1566;32;9;9;51051;293;0;1;1790;0;0,014989699740904664;0,11201586996787766;1,8616800415687769;1,2784125785333371;0,2771821225072303;Potencia;Bajo;Operación normal;Monitoreo rutinario
297;309;1538;43;30;11;66441;1296;1;0;1791;0;0,008868210667185997;0,11201586996787766;1,840596765542278;1,243013174148468;0,14831111679057707;Potencia;Bajo;Operación normal;Monitoreo rutinario
297;307;1486;40;42;9;60331;1705;1;0;1792;0;0,010178099737884578;0,11201586996787766;1,840596765542278;1,243013174148468;0,14831111679057707;Potencia;Bajo;Operación normal;Monitoreo rutinario
302;311;1543;37;73;8;57862;2737;0;0;1793;0;0,018306071041258955;0,11201586996787766;1,8616800415687769;1,2784125785333371;0,2771821225072303;Potencia;Bajo;Operación normal;Monitoreo rutinario
298;308;1462;48;204;10;70468;9832;1;0;1794;0;0,17042531478386097;0,11201586996787766;1,840596765542278;1,243013174148468;0,14831111679057707;Potencia;Bajo;Operación normal;Monitoreo rutinario
301;311;1581;30;31;9;48852;957;0;1;1795;0;0,01358971008933355;0,11201586996787766;1,8616800415687769;1,2784125785333371;0,2771821225072303;Potencia;Bajo;Operación normal;Monitoreo rutinario
298;309;1613;27;143;10;44680;3961;1;0;1796;0;0,015166475249295753;0,11201586996787766;1,840596765542278;1,243013174148468;0,14831111679057707;Potencia;Bajo;Operación normal;Monitoreo rutinario
298;307;1424;46;185;9;66216;8602;1;0;1797;0;0,04610000724491663;0,11201586996787766;1,840596765542278;1,243013174148468;0,14831111679057707;Potencia;Bajo;Operación normal;Monitoreo rutinario
296;308;1641;33;67;11;54645;2231;0;1;1798;0;0,01070390254030001;0,11201586996787766;1,8616800415687769;1,2784125785333371;0,2771821225072303;Potencia;Bajo;Operación normal;Monitoreo rutinario
299;310;1375;53;110;10;74112;5929;0;1;1799;0;0,09539088744267502;0,11201586996787766;1,8616800415687769;1,2784125785333371;0,2771821225072303;Potencia;Bajo;Operación normal;Monitoreo rutinario
297;307;1372;52;33;9;72441;1742;0;1;1800;0;0,05577415891554385;0,11201586996787766;1,8616800415687769;1,2784125785333371;0,2771821225072303;Potencia;Bajo;Operación normal;Monitoreo rutinario
301;312;1602;35;67;11;57511;2405;1;0;1801;0;0,00600371916074752;0,11201586996787766;1,840596765542278;1,243013174148468;0,14831111679057707;Potencia;Bajo;Operación normal;Monitoreo rutinario
297;308;1761;27;76;11;47899;2067;1;0;1802;0;0,013181753664397153;0,11201586996787766;1,840596765542278;1,243013174148468;0,14831111679057707;Potencia;Bajo;Operación normal;Monitoreo rutinario
300;311;1705;28;20;10;48933;574;1;0;1803;0;0,011893073535540626;0,11201586996787766;1,840596765542278;1,243013174148468;0,14831111679057707;Potencia;Bajo;Operación normal;Monitoreo rutinario
300;312;1527;35;164;11;53597;5756;0;0;1804;0;0,00513550817789939;0,11201586996787766;1,8616800415687769;1,2784125785333371;0,2771821225072303;Potencia;Bajo;Operación normal;Monitoreo rutinario
298;308;1521;39;151;10;59775;5934;1;0;1805;0;0,011692654752515606;0,11201586996787766;1,840596765542278;1,243013174148468;0,14831111679057707;Potencia;Bajo;Operación normal;Monitoreo rutinario
300;310;1863;22;111;9;41358;2464;0;1;1806;0;0,02473155683358841;0,11201586996787766;1,8616800415687769;1,2784125785333371;0,2771821225072303;Potencia;Bajo;Operación normal;Monitoreo rutinario
302;310;1535;38;34;8;59251;1312;0;1;1807;0;0,04261680706628671;0,11201586996787766;1,8616800415687769;1,2784125785333371;0,2771821225072303;Potencia;Bajo;Operación normal;Monitoreo rutinario
297;308;1305;54;168;11;71253;9172;0;0;1808;0;0,04911429370218113;0,11201586996787766;1,8616800415687769;1,2784125785333371;0,2771821225072303;Potencia;Bajo;Operación normal;Monitoreo rutinario
299;310;1440;45;146;11;65520;6643;0;1;1809;0;0,02376142424811327;0,11201586996787766;1,8616800415687769;1,2784125785333371;0,2771821225072303;Potencia;Bajo;Operación normal;Monitoreo rutinario
300;310;1522;39;217;10;59510;8484;1;0;1810;1;0,6374701590303153;0,11201586996787766;1,840596765542278;1,243013174148468;0,14831111679057707;Potencia;Alto;Intervención inmediata;Acción crítica inmediata sobre Potencia
297;308;1455;43;122;11;63292;5307;1;0;1811;0;0,009811708917617033;0,11201586996787766;1,840596765542278;1,243013174148468;0,14831111679057707;Potencia;Bajo;Operación normal;Monitoreo rutinario
300;311;1470;45;40;11;66444;1808;1;0;1812;0;0,010881283247125246;0,11201586996787766;1,840596765542278;1,243013174148468;0,14831111679057707;Potencia;Bajo;Operación normal;Monitoreo rutinario
302;312;1495;38;186;9;58005;7216;1;0;1813;0;0,01203447919360897;0,11201586996787766;1,840596765542278;1,243013174148468;0,14831111679057707;Potencia;Bajo;Operación normal;Monitoreo rutinario
297;308;1446;50;144;11;72444;7214;1;0;1814;0;0,015839404484098346;0,11201586996787766;1,840596765542278;1,243013174148468;0,14831111679057707;Potencia;Bajo;Operación normal;Monitoreo rutinario
300;311;1591;32;79;11;50912;2528;1;0;1815;0;0,011127760552233168;0,11201586996787766;1,840596765542278;1,243013174148468;0,14831111679057707;Potencia;Bajo;Operación normal;Monitoreo rutinario
300;311;1732;26;45;10;46590;1210;0;1;1816;0;0,01183739487258277;0,11201586996787766;1,8616800415687769;1,2784125785333371;0,2771821225072303;Potencia;Bajo;Operación normal;Monitoreo rutinario
300;312;1490;42;3;11;62878;126;1;0;1817;0;0,005468587032726726;0,11201586996787766;1,840596765542278;1,243013174148468;0,14831111679057707;Potencia;Bajo;Operación normal;Monitoreo rutinario
297;309;1935;22;171;11;42763;3779;1;0;1818;0;0,0177060898251927;0,11201586996787766;1,840596765542278;1,243013174148468;0,14831111679057707;Potencia;Bajo;Operación normal;Monitoreo rutinario
297;308;1632;33;39;10;54672;1306;1;0;1819;0;0,008506803285182052;0,11201586996787766;1,840596765542278;1,243013174148468;0,14831111679057707;Potencia;Bajo;Operación normal;Monitoreo rutinario
297;307;1543;43;8;10;67429;349;0;1;1820;0;0,009220185547433724;0,11201586996787766;1,8616800415687769;1,2784125785333371;0,2771821225072303;Potencia;Bajo;Operación normal;Monitoreo rutinario
303;311;1546;38;64;8;59521;2464;1;0;1821;0;0,04394689053500179;0,11201586996787766;1,840596765542278;1,243013174148468;0,14831111679057707;Potencia;Bajo;Operación normal;Monitoreo rutinario
299;310;1281;59;15;11;76603;897;1;0;1822;0;0,10625703664043328;0,11201586996787766;1,840596765542278;1,243013174148468;0,14831111679057707;Potencia;Bajo;Operación normal;Monitoreo rutinario
297;307;1680;35;20;10;60143;716;1;0;1823;0;0,009711138361875671;0,11201586996787766;1,840596765542278;1,243013174148468;0,14831111679057707;Potencia;Bajo;Operación normal;Monitoreo rutinario
301;310;1740;28;129;9;50286;3728;1;0;1824;0;0,024733027448345393;0,11201586996787766;1,840596765542278;1,243013174148468;0,14831111679057707;Potencia;Bajo;Operación normal;Monitoreo rutinario
299;308;1441;44;48;9;63404;2112;1;0;1825;0;0,01605513441830081;0,11201586996787766;1,840596765542278;1,243013174148468;0,14831111679057707;Potencia;Bajo;Operación normal;Monitoreo rutinario
297;308;1596;30;5;11;48997;153;1;0;1826;0;0,013181753664397153;0,11201586996787766;1,840596765542278;1,243013174148468;0,14831111679057707;Potencia;Bajo;Operación normal;Monitoreo rutinario
300;311;1556;45;58;10;70486;2627;1;0;1827;0;0,00889556940070723;0,11201586996787766;1,840596765542278;1,243013174148468;0,14831111679057707;Potencia;Bajo;Operación normal;Monitoreo rutinario
300;310;1409;50;141;9;71295;7134;0;1;1828;0;0,03644335354613051;0,11201586996787766;1,8616800415687769;1,2784125785333371;0,2771821225072303;Potencia;Bajo;Operación normal;Monitoreo rutinario
301;310;1547;41;72;8;64509;3002;1;0;1829;0;0,024380427216192598;0,11201586996787766;1,840596765542278;1,243013174148468;0,14831111679057707;Potencia;Bajo;Operación normal;Monitoreo rutinario
298;310;1328;50;12;11;67064;606;0;1;1830;0;0,06184023361700444;0,11201586996787766;1,8616800415687769;1,2784125785333371;0,2771821225072303;Potencia;Bajo;Operación normal;Monitoreo rutinario
297;308;1671;28;158;11;46788;4424;0;0;1831;0;0,014092966084666066;0,11201586996787766;1,8616800415687769;1,2784125785333371;0,2771821225072303;Potencia;Bajo;Operación normal;Monitoreo rutinario
297;308;1621;36;68;11;58518;2454;1;0;1832;0;0,009811708917617033;0,11201586996787766;1,840596765542278;1,243013174148468;0,14831111679057707;Potencia;Bajo;Operación normal;Monitoreo rutinario
298;310;1451;40;86;11;58040;3440;1;0;1833;0;0,01491322234025399;0,11201586996787766;1,840596765542278;1,243013174148468;0,14831111679057707;Potencia;Bajo;Operación normal;Monitoreo rutinario
297;308;1480;42;112;10;62752;4748;0;1;1834;0;0,009104233238433299;0,11201586996787766;1,8616800415687769;1,2784125785333371;0,2771821225072303;Potencia;Bajo;Operación normal;Monitoreo rutinario
300;310;1501;39;195;10;58989;7663;0;1;1835;0;0,053043890916181495;0,11201586996787766;1,8616800415687769;1,2784125785333371;0,2771821225072303;Potencia;Bajo;Operación normal;Monitoreo rutinario
298;309;1418;45;148;10;63951;6674;1;0;1836;0;0,014863658188477152;0,11201586996787766;1,840596765542278;1,243013174148468;0,14831111679057707;Potencia;Bajo;Operación normal;Monitoreo rutinario
298;308;1507;45;192;9;68869;8774;0;1;1837;0;0,031933481192000276;0,11201586996787766;1,8616800415687769;1,2784125785333371;0,2771821225072303;Potencia;Bajo;Operación normal;Monitoreo rutinario
300;309;1352;44;126;8;59488;5544;0;1;1838;0;0,4071939113638862;0,11201586996787766;1,8616800415687769;1,2784125785333371;0,2771821225072303;Potencia;Medio;Mantenimiento preventivo programado;Revisar Potencia
298;309;1635;29;9;11;48559;267;0;1;1839;0;0,015395413272089176;0,11201586996787766;1,8616800415687769;1,2784125785333371;0,2771821225072303;Potencia;Bajo;Operación normal;Monitoreo rutinario
298;309;1396;49;13;10;68404;637;1;0;1840;0;0,0334913827185924;0,11201586996787766;1,840596765542278;1,243013174148468;0,14831111679057707;Potencia;Bajo;Operación normal;Monitoreo rutinario
299;308;1529;43;50;9;65747;2150;0;1;1841;0;0,013474990512783825;0,11201586996787766;1,8616800415687769;1,2784125785333371;0,2771821225072303;Potencia;Bajo;Operación normal;Monitoreo rutinario
302;310;1578;31;139;7;49233;4336;1;0;1842;0;0,033544897432882775;0,11201586996787766;1,840596765542278;1,243013174148468;0,14831111679057707;Potencia;Bajo;Operación normal;Monitoreo rutinario
300;309;1394;48;192;8;68027;9369;0;1;1843;0;0,3539464836128533;0,11201586996787766;1,8616800415687769;1,2784125785333371;0,2771821225072303;Potencia;Medio;Mantenimiento preventivo programado;Revisar Potencia
302;312;1534;38;3;9;59212;115;1;0;1844;0;0,00908544234783394;0,11201586996787766;1,840596765542278;1,243013174148468;0,14831111679057707;Potencia;Bajo;Operación normal;Monitoreo rutinario
297;308;1394;50;213;11;69839;10671;1;0;1845;0;0,4697993102158166;0,11201586996787766;1,840596765542278;1,243013174148468;0,14831111679057707;Potencia;Medio;Mantenimiento preventivo programado;Revisar Potencia
297;308;1954;21;42;10;41229;886;1;0;1846;0;0,012883641723484359;0,11201586996787766;1,840596765542278;1,243013174148468;0,14831111679057707;Potencia;Bajo;Operación normal;Monitoreo rutinario
296;307;1474;40;158;10;58960;6320;1;0;1847;0;0,01245974029695364;0,11201586996787766;1,840596765542278;1,243013174148468;0,14831111679057707;Potencia;Bajo;Operación normal;Monitoreo rutinario
303;312;1524;39;96;9;60045;3782;1;0;1848;0;0,015059979689763138;0,11201586996787766;1,840596765542278;1,243013174148468;0,14831111679057707;Potencia;Bajo;Operación normal;Monitoreo rutinario
298;308;1478;43;206;9;64293;8961;0;0;1849;0;0,2214557778682158;0,11201586996787766;1,8616800415687769;1,2784125785333371;0,2771821225072303;Potencia;Bajo;Operación normal;Monitoreo rutinario
302;310;1844;24;171;8;45362;4206;0;0;1850;0;0,053043030694954134;0,11201586996787766;1,8616800415687769;1,2784125785333371;0,2771821225072303;Potencia;Bajo;Operación normal;Monitoreo rutinario
300;309;1345;53;192;9;71957;10272;1;0;1851;0;0,21055231165409577;0,11201586996787766;1,840596765542278;1,243013174148468;0,14831111679057707;Potencia;Bajo;Operación normal;Monitoreo rutinario
303;312;1375;54;186;8;74250;10044;0;0;1852;0;0,47414443730668954;0,11201586996787766;1,8616800415687769;1,2784125785333371;0,2771821225072303;Potencia;Medio;Mantenimiento preventivo programado;Revisar Potencia
301;310;1610;38;16;9;62146;617;0;0;1853;0;0,019764401007862573;0,11201586996787766;1,8616800415687769;1,2784125785333371;0,2771821225072303;Potencia;Bajo;Operación normal;Monitoreo rutinario
299;310;1886;21;13;11;39983;275;1;0;1854;0;0,029010810154534116;0,11201586996787766;1,840596765542278;1,243013174148468;0,14831111679057707;Potencia;Bajo;Operación normal;Monitoreo rutinario
300;309;1687;27;95;9;46729;2631;0;1;1855;0;0,017819809073812875;0,11201586996787766;1,8616800415687769;1,2784125785333371;0,2771821225072303;Potencia;Bajo;Operación normal;Monitoreo rutinario
301;310;1222;70;62;9;85540;4340;1;0;1856;1;0,7496535094462613;0,11201586996787766;1,840596765542278;1,243013174148468;0,14831111679057707;Potencia;Alto;Intervención inmediata;Acción crítica inmediata sobre Potencia
302;310;1325;55;192;8;73272;10617;1;0;1857;1;0,9610478669539096;0,11201586996787766;1,840596765542278;1,243013174148468;0,14831111679057707;Potencia;Alto;Intervención inmediata;Acción crítica inmediata sobre Potencia
298;310;1708;27;78;11;46286;2113;0;0;1858;0;0,021387289937808966;0,11201586996787766;1,8616800415687769;1,2784125785333371;0,2771821225072303;Potencia;Bajo;Operación normal;Monitoreo rutinario
299;310;1716;28;117;11;48906;3334;1;0;1859;0;0,029010810154534116;0,11201586996787766;1,840596765542278;1,243013174148468;0,14831111679057707;Potencia;Bajo;Operación normal;Monitoreo rutinario
303;311;1584;32;143;8;51796;4676;0;0;1860;0;0,043747792542368616;0,11201586996787766;1,8616800415687769;1,2784125785333371;0,2771821225072303;Potencia;Bajo;Operación normal;Monitoreo rutinario
301;310;1785;25;120;9;45517;3060;1;0;1861;0;0,02847415599502803;0,11201586996787766;1,840596765542278;1,243013174148468;0,14831111679057707;Potencia;Bajo;Operación normal;Monitoreo rutinario
303;311;1350;48;32;8;64935;1539;1;0;1862;1;0,9647583487938015;0,11201586996787766;1,840596765542278;1,243013174148468;0,14831111679057707;Potencia;Alto;Intervención inmediata;Acción crítica inmediata sobre Potencia
296;307;1549;37;104;10;58552;3931;0;0;1863;0;0,010594284796002575;0,11201586996787766;1,8616800415687769;1,2784125785333371;0,2771821225072303;Potencia;Bajo;Operación normal;Monitoreo rutinario
296;307;1633;31;0;11;50786;0;0;1;1864;0;0,012329281306508733;-0,0010416336151943912;3,126577712539185;-0,3459696619302671;0,21979395873799373;Potencia;Bajo;Operación normal;Monitoreo rutinario
298;308;1512;34;181;10;52768;6316;1;0;1865;0;0,030235234909195784;0,11201586996787766;1,840596765542278;1,243013174148468;0,14831111679057707;Potencia;Bajo;Operación normal;Monitoreo rutinario
298;308;1416;38;198;9;54091;7563;0;1;1866;0;0,04872767321663395;0,11201586996787766;1,8616800415687769;1,2784125785333371;0,2771821225072303;Potencia;Bajo;Operación normal;Monitoreo rutinario
301;311;1634;31;182;10;50980;5678;1;0;1867;0;0,030151071539473093;0,11201586996787766;1,840596765542278;1,243013174148468;0,14831111679057707;Potencia;Bajo;Operación normal;Monitoreo rutinario
297;308;1461;40;126;11;58586;5052;0;0;1868;0;0,009315719523774673;0,11201586996787766;1,8616800415687769;1,2784125785333371;0,2771821225072303;Potencia;Bajo;Operación normal;Monitoreo rutinario
297;308;1477;40;74;11;60113;3011;1;0;1869;0;0,009811708917617033;0,11201586996787766;1,840596765542278;1,243013174148468;0,14831111679057707;Potencia;Bajo;Operación normal;Monitoreo rutinario
295;306;1347;50;46;10;67888;2318;0;1;1870;0;0,044884130676490615;0,11201586996787766;1,8616800415687769;1,2784125785333371;0,2771821225072303;Potencia;Bajo;Operación normal;Monitoreo rutinario
303;312;1815;27;66;9;50457;1834;0;1;1871;0;0,014989699740904664;0,11201586996787766;1,8616800415687769;1,2784125785333371;0,2771821225072303;Potencia;Bajo;Operación normal;Monitoreo rutinario
296;307;1535;34;114;10;53111;3944;1;0;1872;0;0,01115758113747567;0,11201586996787766;1,840596765542278;1,243013174148468;0,14831111679057707;Potencia;Bajo;Operación normal;Monitoreo rutinario
304;313;1624;32;53;9;52130;1701;0;1;1873;0;0,013260414541385998;0,11201586996787766;1,8616800415687769;1,2784125785333371;0,2771821225072303;Potencia;Bajo;Operación normal;Monitoreo rutinario
299;310;1553;32;161;11;50006;5184;1;0;1874;0;0,030666228066156483;0,11201586996787766;1,840596765542278;1,243013174148468;0,14831111679057707;Potencia;Bajo;Operación normal;Monitoreo rutinario
301;310;1942;20;155;9;39811;3177;1;0;1875;0;0,031992728436930976;0,11201586996787766;1,840596765542278;1,243013174148468;0,14831111679057707;Potencia;Bajo;Operación normal;Monitoreo rutinario
302;311;1598;37;148;9;60564;5609;0;0;1876;0;0,01737499681280203;0,11201586996787766;1,8616800415687769;1,2784125785333371;0,2771821225072303;Potencia;Bajo;Operación normal;Monitoreo rutinario
301;310;1367;43;111;9;59327;4817;0;1;1877;0;0,06417916535573559;0,11201586996787766;1,8616800415687769;1,2784125785333371;0,2771821225072303;Potencia;Bajo;Operación normal;Monitoreo rutinario
298;308;1621;32;75;9;53006;2452;0;0;1878;0;0,010418782968687458;0,11201586996787766;1,8616800415687769;1,2784125785333371;0,2771821225072303;Potencia;Bajo;Operación normal;Monitoreo rutinario
299;309;1456;40;182;9;59113;7389;0;0;1879;0;0,035755592910510045;0,11201586996787766;1,8616800415687769;1,2784125785333371;0,2771821225072303;Potencia;Bajo;Operación normal;Monitoreo rutinario
298;307;1528;31;194;9;47520;6033;1;0;1880;0;0,05766678634945827;0,11201586996787766;1,840596765542278;1,243013174148468;0,14831111679057707;Potencia;Bajo;Operación normal;Monitoreo rutinario
300;309;1558;38;51;9;59671;1953;1;0;1881;0;0,012411943863171952;0,11201586996787766;1,840596765542278;1,243013174148468;0,14831111679057707;Potencia;Bajo;Operación normal;Monitoreo rutinario
299;310;1372;48;174;11;65856;8352;1;0;1882;0;0,09000282661929528;0,11201586996787766;1,840596765542278;1,243013174148468;0,14831111679057707;Potencia;Bajo;Operación normal;Monitoreo rutinario
298;310;1387;52;2;11;73094;105;1;0;1883;0;0,07470983965253679;0,11201586996787766;1,855819427667819;1,4399594184680318;0,14831111679057707;Potencia;Bajo;Operación normal;Monitoreo rutinario
302;311;1443;51;178;8;74747;9220;0;1;1884;0;0,11883237525434635;0,11201586996787766;1,8616800415687769;1,2784125785333371;0,2771821225072303;Potencia;Bajo;Operación normal;Monitoreo rutinario
299;309;1372;58;65;9;79850;3783;0;1;1885;0;0,13349898704734822;0,11201586996787766;1,8616800415687769;1,2784125785333371;0,2771821225072303;Potencia;Bajo;Operación normal;Monitoreo rutinario
298;309;1567;34;204;10;54061;7038;0;1;1886;0;0,11295439257611711;0,11201586996787766;1,8616800415687769;1,2784125785333371;0,2771821225072303;Potencia;Bajo;Operación normal;Monitoreo rutinario
301;310;1453;44;208;9;63932;9152;1;0;1887;1;0,6529561425958932;0,11201586996787766;1,840596765542278;1,243013174148468;0,14831111679057707;Potencia;Alto;Intervención inmediata;Acción crítica inmediata sobre Potencia
304;313;1627;32;91;9;52389;2930;0;0;1888;0;0,013260414541385998;0,11201586996787766;1,8616800415687769;1,2784125785333371;0,2771821225072303;Potencia;Bajo;Operación normal;Monitoreo rutinario
302;310;1415;48;185;8;68486;8954;0;0;1889;0;0,40371066517297055;0,11201586996787766;1,8616800415687769;1,2784125785333371;0,2771821225072303;Potencia;Medio;Mantenimiento preventivo programado;Revisar Potencia
298;310;1566;33;68;11;51834;2250;1;0;1890;0;0,01491322234025399;0,11201586996787766;1,840596765542278;1,243013174148468;0,14831111679057707;Potencia;Bajo;Operación normal;Monitoreo rutinario
301;309;1432;43;138;7;62578;6030;1;0;1891;0;0,03426035982592982;0,11201586996787766;1,840596765542278;1,243013174148468;0,14831111679057707;Potencia;Bajo;Operación normal;Monitoreo rutinario
301;312;1852;25;131;11;47966;3392;0;1;1892;0;0,0066477577573042165;0,11201586996787766;1,8616800415687769;1,2784125785333371;0,2771821225072303;Potencia;Bajo;Operación normal;Monitoreo rutinario
299;310;1341;58;126;11;78984;7421;0;1;1893;0;0,16270998813427134;0,11201586996787766;1,8616800415687769;1,2784125785333371;0,2771821225072303;Potencia;Bajo;Operación normal;Monitoreo rutinario
301;311;1458;41;123;9;60361;5092;1;0;1894;0;0,0105739054335558;0,11201586996787766;1,840596765542278;1,243013174148468;0,14831111679057707;Potencia;Bajo;Operación normal;Monitoreo rutinario
301;310;1509;41;16;9;62925;667;1;0;1895;0;0,020805018291347798;0,11201586996787766;1,840596765542278;1,243013174148468;0,14831111679057707;Potencia;Bajo;Operación normal;Monitoreo rutinario
301;310;1425;54;7;8;77520;380;1;0;1896;0;0,13819705191679316;0,11201586996787766;1,840596765542278;1,243013174148468;0,14831111679057707;Potencia;Bajo;Operación normal;Monitoreo rutinario
297;308;1407;42;145;11;59797;6162;1;0;1897;0;0,018099499466988276;0,11201586996787766;1,840596765542278;1,243013174148468;0,14831111679057707;Potencia;Bajo;Operación normal;Monitoreo rutinario
300;310;1619;34;57;10;56503;1989;1;0;1898;0;0,016476416573528833;0,11201586996787766;1,840596765542278;1,243013174148468;0,14831111679057707;Potencia;Bajo;Operación normal;Monitoreo rutinario
299;309;1528;37;45;10;57758;1700;1;0;1899;0;0,012963322032803745;0,11201586996787766;1,840596765542278;1,243013174148468;0,14831111679057707;Potencia;Bajo;Operación normal;Monitoreo rutinario
296;307;1547;32;79;11;50432;2575;0;0;1900;0;0,012329281306508733;0,11201586996787766;1,8616800415687769;1,2784125785333371;0,2771821225072303;Potencia;Bajo;Operación normal;Monitoreo rutinario
302;311;1453;39;84;9;56812;3284;1;0;1901;0;0,015510798720907992;0,11201586996787766;1,840596765542278;1,243013174148468;0,14831111679057707;Potencia;Bajo;Operación normal;Monitoreo rutinario
298;310;1721;27;5;11;46811;136;1;0;1902;0;0,022511391782677182;0,11201586996787766;1,840596765542278;1,243013174148468;0,14831111679057707;Potencia;Bajo;Operación normal;Monitoreo rutinario
302;310;1551;37;168;7;57852;6266;1;0;1903;0;0,03388616535765237;0,11201586996787766;1,840596765542278;1,243013174148468;0,14831111679057707;Potencia;Bajo;Operación normal;Monitoreo rutinario
303;312;1480;50;2;8;75036;101;0;0;1904;0;0,040419167444523445;0,11201586996787766;1,8769027036943176;1,4753588228529009;0,2771821225072303;Potencia;Bajo;Operación normal;Monitoreo rutinario
301;311;1431;42;129;9;60531;5456;0;1;1905;0;0,01649847096190828;0,11201586996787766;1,8616800415687769;1,2784125785333371;0,2771821225072303;Potencia;Bajo;Operación normal;Monitoreo rutinario
297;308;1441;46;116;11;67438;5428;0;1;1906;0;0,013826759103435615;0,11201586996787766;1,8616800415687769;1,2784125785333371;0,2771821225072303;Potencia;Bajo;Operación normal;Monitoreo rutinario
296;307;1661;34;109;10;56806;3727;0;0;1907;0;0,010594284796002575;0,11201586996787766;1,8616800415687769;1,2784125785333371;0,2771821225072303;Potencia;Bajo;Operación normal;Monitoreo rutinario
297;308;1654;31;171;11;51935;5369;0;0;1908;0;0,009309169679403562;0,11201586996787766;1,8616800415687769;1,2784125785333371;0,2771821225072303;Potencia;Bajo;Operación normal;Monitoreo rutinario
304;313;1469;40;154;9;58760;6160;1;0;1909;0;0,014873737149587202;0,11201586996787766;1,840596765542278;1,243013174148468;0,14831111679057707;Potencia;Bajo;Operación normal;Monitoreo rutinario
302;310;1615;29;235;8;46835;6815;1;0;1910;0;0,3027537598201785;0,11201586996787766;1,840596765542278;1,243013174148468;0,14831111679057707;Potencia;Medio;Mantenimiento preventivo programado;Revisar Potencia
297;308;1319;50;141;11;67137;7176;1;0;1911;0;0,04348712918366154;0,11201586996787766;1,840596765542278;1,243013174148468;0,14831111679057707;Potencia;Bajo;Operación normal;Monitoreo rutinario
302;311;1398;50;188;9;70039;9418;0;1;1912;0;0,09676514601524702;0,11201586996787766;1,8616800415687769;1,2784125785333371;0,2771821225072303;Potencia;Bajo;Operación normal;Monitoreo rutinario
302;311;1558;39;179;9;60917;6998;0;1;1913;0;0,01744764085950203;0,11201586996787766;1,8616800415687769;1,2784125785333371;0,2771821225072303;Potencia;Bajo;Operación normal;Monitoreo rutinario
300;309;1454;51;2;9;75171;103;1;0;1914;0;0,020004787190937078;0,11201586996787766;1,855819427667819;1,4399594184680318;0,14831111679057707;Potencia;Bajo;Operación normal;Monitoreo rutinario
301;311;1420;47;167;10;67308;7915;0;1;1915;0;0,019760582973125485;0,11201586996787766;1,8616800415687769;1,2784125785333371;0,2771821225072303;Potencia;Bajo;Operación normal;Monitoreo rutinario
304;313;1725;28;177;9;48817;5009;0;1;1916;0;0,015882476814376854;0,11201586996787766;1,8616800415687769;1,2784125785333371;0,2771821225072303;Potencia;Bajo;Operación normal;Monitoreo rutinario
303;312;1533;38;134;9;59020;5159;1;0;1917;0;0,01262828681500615;0,11201586996787766;1,840596765542278;1,243013174148468;0,14831111679057707;Potencia;Bajo;Operación normal;Monitoreo rutinario
302;311;1406;50;187;9;71003;9443;1;0;1918;0;0,09846501459916705;0,11201586996787766;1,840596765542278;1,243013174148468;0,14831111679057707;Potencia;Bajo;Operación normal;Monitoreo rutinario
298;308;1729;26;73;9;45991;1941;1;0;1919;0;0,016597257739366114;0,11201586996787766;1,840596765542278;1,243013174148468;0,14831111679057707;Potencia;Bajo;Operación normal;Monitoreo rutinario
300;309;2007;19;2;8;39537;39;0;0;1920;0;0,021784688980338505;0,11201586996787766;1,8769027036943176;1,4753588228529009;0,2771821225072303;Potencia;Bajo;Operación normal;Monitoreo rutinario
301;310;1506;43;222;9;65360;9634;1;0;1921;1;0,58596011121448;0,11201586996787766;1,840596765542278;1,243013174148468;0,14831111679057707;Potencia;Medio;Mantenimiento preventivo programado;Revisar Potencia
302;312;1657;29;37;9;48550;1084;0;0;1922;0;0,009471237652163383;0,11201586996787766;1,8616800415687769;1,2784125785333371;0,2771821225072303;Potencia;Bajo;Operación normal;Monitoreo rutinario
298;308;1511;36;157;9;54547;5667;1;0;1923;0;0,012356280224172308;0,11201586996787766;1,840596765542278;1,243013174148468;0,14831111679057707;Potencia;Bajo;Operación normal;Monitoreo rutinario
300;309;1421;44;17;9;63376;758;1;0;1924;0;0,015502543536355579;0,11201586996787766;1,840596765542278;1,243013174148468;0,14831111679057707;Potencia;Bajo;Operación normal;Monitoreo rutinario
303;312;1389;54;109;9;75144;5896;1;0;1925;0;0,060869469502536994;0,11201586996787766;1,840596765542278;1,243013174148468;0,14831111679057707;Potencia;Bajo;Operación normal;Monitoreo rutinario
298;309;1417;40;121;10;57530;4912;1;0;1926;0;0,013214822947328578;0,11201586996787766;1,840596765542278;1,243013174148468;0,14831111679057707;Potencia;Bajo;Operación normal;Monitoreo rutinario
301;310;1454;44;217;9;64121;9569;0;0;1927;1;0,5195624593831569;0,11201586996787766;1,8616800415687769;1,2784125785333371;0,2771821225072303;Potencia;Medio;Mantenimiento preventivo programado;Revisar Potencia
296;307;1504;45;58;10;68883;2656;1;0;1928;0;0,011876200879071938;0,11201586996787766;1,840596765542278;1,243013174148468;0,14831111679057707;Potencia;Bajo;Operación normal;Monitoreo rutinario
301;310;1380;48;131;9;66792;6340;1;0;1929;0;0,10930177373694418;0,11201586996787766;1,840596765542278;1,243013174148468;0,14831111679057707;Potencia;Bajo;Operación normal;Monitoreo rutinario
296;306;1917;21;127;10;40257;2667;1;0;1930;0;0,016875059688387546;0,11201586996787766;1,840596765542278;1,243013174148468;0,14831111679057707;Potencia;Bajo;Operación normal;Monitoreo rutinario
300;311;1495;51;175;10;76544;8960;1;0;1931;0;0,01633032977167174;0,11201586996787766;1,840596765542278;1,243013174148468;0,14831111679057707;Potencia;Bajo;Operación normal;Monitoreo rutinario
297;308;1301;39;5;11;51519;198;0;1;1932;0;0,0220201400578744;0,11201586996787766;1,8616800415687769;1,2784125785333371;0,2771821225072303;Potencia;Bajo;Operación normal;Monitoreo rutinario
297;307;1609;30;64;9;48752;1939;0;1;1933;0;0,012983667871729462;0,11201586996787766;1,8616800415687769;1,2784125785333371;0,2771821225072303;Potencia;Bajo;Operación normal;Monitoreo rutinario
297;308;1550;47;18;10;74090;860;0;1;1934;0;0,011426931582993374;0,11201586996787766;1,8616800415687769;1,2784125785333371;0,2771821225072303;Potencia;Bajo;Operación normal;Monitoreo rutinario
299;308;1555;36;104;9;56913;3806;1;0;1935;0;0,014189256900801889;0,11201586996787766;1,840596765542278;1,243013174148468;0,14831111679057707;Potencia;Bajo;Operación normal;Monitoreo rutinario
298;308;1430;57;43;10;81510;2451;1;0;1936;0;0,04203879190771996;0,11201586996787766;1,840596765542278;1,243013174148468;0,14831111679057707;Potencia;Bajo;Operación normal;Monitoreo rutinario
301;310;1724;33;171;8;56892;5643;0;1;1937;0;0,026045336316669655;0,11201586996787766;1,8616800415687769;1,2784125785333371;0,2771821225072303;Potencia;Bajo;Operación normal;Monitoreo rutinario
303;311;1511;43;65;8;65577;2821;1;0;1938;0;0,04394689053500179;0,11201586996787766;1,840596765542278;1,243013174148468;0,14831111679057707;Potencia;Bajo;Operación normal;Monitoreo rutinario
303;311;1465;48;60;8;71345;2922;1;0;1939;0;0,11571295057420254;0,11201586996787766;1,840596765542278;1,243013174148468;0,14831111679057707;Potencia;Bajo;Operación normal;Monitoreo rutinario
298;309;1692;31;167;10;53974;5327;0;1;1940;0;0,01071714488289558;0,11201586996787766;1,8616800415687769;1,2784125785333371;0,2771821225072303;Potencia;Bajo;Operación normal;Monitoreo rutinario
301;310;1418;43;129;9;62250;5663;1;0;1941;0;0,0341715059348347;0,11201586996787766;1,840596765542278;1,243013174148468;0,14831111679057707;Potencia;Bajo;Operación normal;Monitoreo rutinario
298;310;1484;44;80;11;66631;3592;0;1;1942;0;0,014163036171283915;0,11201586996787766;1,8616800415687769;1,2784125785333371;0,2771821225072303;Potencia;Bajo;Operación normal;Monitoreo rutinario
297;309;2015;20;161;11;40501;3236;1;0;1943;0;0,02542471234259548;0,11201586996787766;1,840596765542278;1,243013174148468;0,14831111679057707;Potencia;Bajo;Operación normal;Monitoreo rutinario
301;311;1800;26;135;9;46800;3510;1;0;1944;0;0,013653517101878931;0,11201586996787766;1,840596765542278;1,243013174148468;0,14831111679057707;Potencia;Bajo;Operación normal;Monitoreo rutinario
298;308;1631;32;38;9;52844;1231;1;0;1945;0;0,01097285139598896;0,11201586996787766;1,840596765542278;1,243013174148468;0,14831111679057707;Potencia;Bajo;Operación normal;Monitoreo rutinario
300;309;1435;45;181;9;65149;8217;1;0;1946;0;0,045002070568119;0,11201586996787766;1,840596765542278;1,243013174148468;0,14831111679057707;Potencia;Bajo;Operación normal;Monitoreo rutinario
303;311;1620;31;141;8;50220;4371;1;0;1947;0;0,045952419565965685;0,11201586996787766;1,840596765542278;1,243013174148468;0,14831111679057707;Potencia;Bajo;Operación normal;Monitoreo rutinario
298;309;1453;47;101;10;69308;4817;0;1;1948;0;0,011941817520908313;0,11201586996787766;1,8616800415687769;1,2784125785333371;0,2771821225072303;Potencia;Bajo;Operación normal;Monitoreo rutinario
301;309;1284;68;111;8;87568;7570;0;1;1949;1;0,982470552009447;0,11201586996787766;1,8616800415687769;1,2784125785333371;0,2771821225072303;Potencia;Alto;Intervención inmediata;Acción crítica inmediata sobre Potencia
302;310;1463;42;139;8;61738;5865;0;1;1950;0;0,04261680706628671;0,11201586996787766;1,8616800415687769;1,2784125785333371;0,2771821225072303;Potencia;Bajo;Operación normal;Monitoreo rutinario
298;309;1547;33;68;11;51205;2250;1;0;1951;0;0,012187613872677696;0,11201586996787766;1,840596765542278;1,243013174148468;0,14831111679057707;Potencia;Bajo;Operación normal;Monitoreo rutinario
297;308;1513;40;25;11;61276;1012;1;0;1952;0;0,009811708917617033;0,11201586996787766;1,840596765542278;1,243013174148468;0,14831111679057707;Potencia;Bajo;Operación normal;Monitoreo rutinario
300;309;1642;28;92;9;47289;2649;0;1;1953;0;0,017819809073812875;0,11201586996787766;1,8616800415687769;1,2784125785333371;0,2771821225072303;Potencia;Bajo;Operación normal;Monitoreo rutinario
301;311;1418;41;208;9;59414;8715;1;0;1954;1;0,5398340933094907;0,11201586996787766;1,840596765542278;1,243013174148468;0,14831111679057707;Potencia;Medio;Mantenimiento preventivo programado;Revisar Potencia
300;311;1331;49;143;11;66283;7121;1;0;1955;0;0,04336069498593478;0,11201586996787766;1,840596765542278;1,243013174148468;0,14831111679057707;Potencia;Bajo;Operación normal;Monitoreo rutinario
296;307;2119;18;159;10;38777;2909;0;1;1956;0;0,02298234760095442;0,11201586996787766;1,8616800415687769;1,2784125785333371;0,2771821225072303;Potencia;Bajo;Operación normal;Monitoreo rutinario
302;311;1505;37;79;9;57039;2994;1;0;1957;0;0,015510798720907992;0,11201586996787766;1,840596765542278;1,243013174148468;0,14831111679057707;Potencia;Bajo;Operación normal;Monitoreo rutinario
297;309;1547;37;25;11;57703;932;1;0;1958;0;0,008868210667185997;0,11201586996787766;1,840596765542278;1,243013174148468;0,14831111679057707;Potencia;Bajo;Operación normal;Monitoreo rutinario
298;308;1639;33;191;10;54578;6360;0;1;1959;0;0,03540503350526126;0,11201586996787766;1,8616800415687769;1,2784125785333371;0,2771821225072303;Potencia;Bajo;Operación normal;Monitoreo rutinario
303;313;1381;52;140;9;72364;7336;0;0;1960;0;0,09348497435127376;0,11201586996787766;1,8616800415687769;1,2784125785333371;0,2771821225072303;Potencia;Bajo;Operación normal;Monitoreo rutinario
304;313;1586;34;139;9;54875;4809;0;0;1961;0;0,013260414541385998;0,11201586996787766;1,8616800415687769;1,2784125785333371;0,2771821225072303;Potencia;Bajo;Operación normal;Monitoreo rutinario
302;311;1563;35;190;8;55642;6764;0;1;1962;0;0,023949295024957476;0,11201586996787766;1,8616800415687769;1,2784125785333371;0,2771821225072303;Potencia;Bajo;Operación normal;Monitoreo rutinario
303;311;1341;47;210;8;63027;9870;0;1;1963;1;0,9711575523436746;0,11201586996787766;1,8616800415687769;1,2784125785333371;0,2771821225072303;Potencia;Alto;Intervención inmediata;Acción crítica inmediata sobre Potencia
297;308;1489;43;151;10;64027;6493;0;0;1964;0;0,009414858962041424;0,11201586996787766;1,8616800415687769;1,2784125785333371;0,2771821225072303;Potencia;Bajo;Operación normal;Monitoreo rutinario
299;309;1412;45;147;9;64104;6673;1;0;1965;0;0,021214079666216766;0,11201586996787766;1,840596765542278;1,243013174148468;0,14831111679057707;Potencia;Bajo;Operación normal;Monitoreo rutinario
299;309;1457;51;89;9;75618;4619;1;0;1966;0;0,02187878010929083;0,11201586996787766;1,840596765542278;1,243013174148468;0,14831111679057707;Potencia;Bajo;Operación normal;Monitoreo rutinario
298;308;1504;41;165;9;62867;6896;1;0;1967;0;0,012253718605079176;0,11201586996787766;1,840596765542278;1,243013174148468;0,14831111679057707;Potencia;Bajo;Operación normal;Monitoreo rutinario
300;310;1616;29;47;9;47833;1391;1;0;1968;0;0,026026756371862483;0,11201586996787766;1,840596765542278;1,243013174148468;0,14831111679057707;Potencia;Bajo;Operación normal;Monitoreo rutinario
299;309;1388;45;123;9;63154;5596;1;0;1969;0;0,03522416461316607;0,11201586996787766;1,840596765542278;1,243013174148468;0,14831111679057707;Potencia;Bajo;Operación normal;Monitoreo rutinario
301;310;1761;24;174;9;42792;4228;1;0;1970;0;0,03323133274831324;0,11201586996787766;1,840596765542278;1,243013174148468;0,14831111679057707;Potencia;Bajo;Operación normal;Monitoreo rutinario
296;307;2008;17;3;10;35140;52;0;1;1971;0;0,052487561869663864;0,11201586996787766;1,8616800415687769;1,2784125785333371;0,2771821225072303;Potencia;Bajo;Operación normal;Monitoreo rutinario
300;309;1441;42;148;9;61818;6349;1;0;1972;0;0,01568151105288107;0,11201586996787766;1,840596765542278;1,243013174148468;0,14831111679057707;Potencia;Bajo;Operación normal;Monitoreo rutinario
301;310;1440;53;90;9;77472;4842;1;0;1973;0;0,06360475278471828;0,11201586996787766;1,840596765542278;1,243013174148468;0,14831111679057707;Potencia;Bajo;Operación normal;Monitoreo rutinario
302;310;1392;50;84;8;69600;4200;1;0;1974;1;0,638686109962396;0,11201586996787766;1,840596765542278;1,243013174148468;0,14831111679057707;Potencia;Alto;Intervención inmediata;Acción crítica inmediata sobre Potencia
298;309;1531;30;212;10;47154;6529;0;0;1975;1;0,5537998547195035;0,11201586996787766;1,8616800415687769;1,2784125785333371;0,2771821225072303;Potencia;Medio;Mantenimiento preventivo programado;Revisar Potencia
297;308;1530;37;157;11;57833;5934;1;0;1976;0;0,011050379549690003;0,11201586996787766;1,840596765542278;1,243013174148468;0,14831111679057707;Potencia;Bajo;Operación normal;Monitoreo rutinario
297;308;1569;33;93;11;53189;3152;0;0;1977;0;0,008264045575465428;0,11201586996787766;1,8616800415687769;1,2784125785333371;0,2771821225072303;Potencia;Bajo;Operación normal;Monitoreo rutinario
297;309;1553;42;60;12;65847;2544;0;1;1978;0;0,00841951028797594;0,11201586996787766;1,8616800415687769;1,2784125785333371;0,2771821225072303;Potencia;Bajo;Operación normal;Monitoreo rutinario
299;308;1413;42;86;9;59487;3620;1;0;1979;0;0,018684661142988713;0,11201586996787766;1,840596765542278;1,243013174148468;0,14831111679057707;Potencia;Bajo;Operación normal;Monitoreo rutinario
302;310;1543;35;164;8;55239;5871;1;0;1980;0;0,05023793976292208;0,11201586996787766;1,840596765542278;1,243013174148468;0,14831111679057707;Potencia;Bajo;Operación normal;Monitoreo rutinario
301;310;1296;54;69;9;71150;3788;1;0;1981;0;0,13934072480589474;0,11201586996787766;1,840596765542278;1,243013174148468;0,14831111679057707;Potencia;Bajo;Operación normal;Monitoreo rutinario
302;310;1352;55;59;8;75036;3274;0;1;1982;1;0,9402508004059222;0,11201586996787766;1,8616800415687769;1,2784125785333371;0,2771821225072303;Potencia;Alto;Intervención inmediata;Acción crítica inmediata sobre Potencia
298;308;1486;44;196;10;65681;8663;0;1;1983;0;0,028549417861820803;0,11201586996787766;1,8616800415687769;1,2784125785333371;0,2771821225072303;Potencia;Bajo;Operación normal;Monitoreo rutinario
298;308;1469;43;88;10;63167;3784;1;0;1984;0;0,010469813262662568;0,11201586996787766;1,840596765542278;1,243013174148468;0,14831111679057707;Potencia;Bajo;Operación normal;Monitoreo rutinario
300;311;1405;47;58;11;67299;2778;1;0;1985;0;0,02333290440862269;0,11201586996787766;1,840596765542278;1,243013174148468;0,14831111679057707;Potencia;Bajo;Operación normal;Monitoreo rutinario
303;312;1488;41;175;8;61454;7227;0;1;1986;0;0,009966882991735364;0,11201586996787766;1,8616800415687769;1,2784125785333371;0,2771821225072303;Potencia;Bajo;Operación normal;Monitoreo rutinario
298;307;1470;51;180;9;75411;9234;1;0;1987;0;0,0458804458750669;0,11201586996787766;1,840596765542278;1,243013174148468;0,14831111679057707;Potencia;Bajo;Operación normal;Monitoreo rutinario
304;313;1802;25;170;9;45770;4318;1;0;1988;0;0,015704028367784142;0,11201586996787766;1,840596765542278;1,243013174148468;0,14831111679057707;Potencia;Bajo;Operación normal;Monitoreo rutinario
300;310;1556;37;122;9;58661;4599;1;0;1989;0;0,017263016358976424;0,11201586996787766;1,840596765542278;1,243013174148468;0,14831111679057707;Potencia;Bajo;Operación normal;Monitoreo rutinario
296;307;1332;51;121;10;68065;6183;0;1;1990;0;0,044884130676490615;0,11201586996787766;1,8616800415687769;1,2784125785333371;0,2771821225072303;Potencia;Bajo;Operación normal;Monitoreo rutinario
300;311;1400;45;29;10;63140;1307;1;0;1991;0;0,019391291940665783;0,11201586996787766;1,840596765542278;1,243013174148468;0,14831111679057707;Potencia;Bajo;Operación normal;Monitoreo rutinario
298;308;1461;47;206;10;69981;9867;1;0;1992;0;0,3312736553139094;0,11201586996787766;1,840596765542278;1,243013174148468;0,14831111679057707;Potencia;Medio;Mantenimiento preventivo programado;Revisar Potencia
298;309;1499;40;154;10;60409;6206;0;1;1993;0;0,009839985374265286;0,11201586996787766;1,8616800415687769;1,2784125785333371;0,2771821225072303;Potencia;Bajo;Operación normal;Monitoreo rutinario
299;308;1304;60;8;9;79022;484;0;1;1994;0;0,12466056197101655;0,11201586996787766;1,8616800415687769;1,2784125785333371;0,2771821225072303;Potencia;Bajo;Operación normal;Monitoreo rutinario
297;307;1663;28;7;9;47728;200;0;0;1995;0;0,012983667871729462;0,11201586996787766;1,8616800415687769;1,2784125785333371;0,2771821225072303;Potencia;Bajo;Operación normal;Monitoreo rutinario
300;311;1498;40;73;10;60219;2934;1;0;1996;0;0,008355780242161909;0,11201586996787766;1,840596765542278;1,243013174148468;0,14831111679057707;Potencia;Bajo;Operación normal;Monitoreo rutinario
298;307;1446;42;121;9;61888;5178;0;1;1997;0;0,010418782968687458;0,11201586996787766;1,8616800415687769;1,2784125785333371;0,2771821225072303;Potencia;Bajo;Operación normal;Monitoreo rutinario
302;311;1422;46;194;9;65980;9001;0;1;1998;0;0,05146658516929397;0,11201586996787766;1,8616800415687769;1,2784125785333371;0,2771821225072303;Potencia;Bajo;Operación normal;Monitoreo rutinario
297;309;1970;21;37;11;42552;799;0;1;1999;0;0,014942419826809073;0,11201586996787766;1,8616800415687769;1,2784125785333371;0,2771821225072303;Potencia;Bajo;Operación normal;Monitoreo rutinario
